0,1,2,3,4,5,6,7,8,9,10,11,12,13,14,15,16,17,18,19,20,21,22,23,24,25,26,27,28,29,30,31,32,33,34,35,36,37,38,39,40,41,42,43,44,45,46,47,48,49
-0.41468076609484006,-0.2076196822366635,-0.5653854349870541,-0.3459441618667545,0.2806200300331895,-0.1092095585118603,0.23345131375025716,0.12450184363737735,0.3875276397891812,0.6419429534156903,-0.03620233420116725,-0.5219186254003594,-1.1568261339753194,-0.9003978564508471,-0.7376978937466204,-0.9766386007375436,-0.9805381704151189,-0.875905513504251,-1.0963724834456732,-1.1017986239550017,-0.1692687508107894,-0.43119999979753865,-0.12151522023593993,-0.11991976623226909,0.4935233722906785,0.37495786842583245,0.26514696735847293,-0.21637156128488083,-0.1500514525596046,-0.15523460094332556,0.5478963834353617,0.3413004691932209,0.24923278192763498,0.09099328779391909,0.002868719589057855,-0.03081461638064457,-0.004246780937567081,-0.3578484427946213,0.04143039220756898,-0.112274752646055,-0.20020585616760989,-0.6952400475424958,-1.2149444480300393,-0.7252316892449614,-0.8139711763384345,-1.0096527054680462,-0.5619246350178386,-0.7726577631155122,-1.827992733672148,-1.9483357880922443
1.2804727853098707,1.3818158280537158,1.584332350531103,1.0854972954268676,0.5445273091763507,0.22711718659467056,0.49533741718968277,0.002048647284130858,-0.5316763525366667,-0.3415005781580025,-0.05020802826216162,-0.3120790860381882,-0.8063481756503168,-0.3331495840992283,-0.21985255151457103,0.02609059831193271,-0.2735567986327195,-0.7781142556618791,-0.6037557147030919,-0.4207949221238419,-0.17229727608872386,-0.029466391975035554,0.14464897428194584,-0.1992962852114155,-0.3360430498480568,-0.770664759999466,-0.7033331516083601,-0.27591765479882013,-0.4870556317380552,-0.8776163691551409,-0.04497748639832847,-0.052876451985949834,-0.6792297177402219,-0.6926591897175034,-0.5915462811452649,0.01012468903000662,-0.11191775784413391,-0.08417042067761754,-0.4697750868611347,-0.7061383116243038,-0.3878781010590599,-0.6812912987859148,-0.5433508763557939,0.08782596765313858,0.5366991234907044,0.07446215894715899,-0.1626077926036593,-0.17873843942023063,-0.18699518391645706,-0.18322901918609644
0.039818158067851155,-0.13501085996331708,0.16296491658826742,1.017397341855346,1.4674631965699105,1.2295188067986325,1.2661847226139573,0.9868542209464659,1.0927869120463065,1.0931180324517122,1.4649478827213969,1.6812389108833585,1.5683690915806883,1.3456387915561758,0.9644218222624771,0.8953718130380538,1.4060002685591215,1.275434981483851,0.8908434172181587,1.211375528736198,1.1121569471912636,1.1211368945235938,0.7973529007395206,1.7696872266305188,1.4800516911992327,1.5421554310252452,1.1852601034667882,0.7799152930815713,0.7737852892205767,0.2083175620466876,-0.3234667889508299,-0.6171923883223532,-0.11899800538413649,0.5788805942619852,0.9045636110482431,0.6259779798984865,0.7227781915349262,0.41404737412030945,0.4091925908804801,1.0699779311750683,1.1680621479095663,0.6400732664125123,1.4914382155514612,1.4325260423952793,1.0937966550652125,0.7258069334170416,0.0174886012193663,0.6433932511725599,0.4667284868033907,0.045966715466052514
-0.6739551311771836,-0.3206572293695859,-0.4044476622972317,-0.3491204090005257,0.14675590997925977,0.42176706851612605,0.6095227226641562,0.5808456037265611,1.0692130900694736,0.3986899033023954,-0.40670083806305996,-0.3332068098123235,-0.528670054143568,-0.633256708034612,-0.47301262978688036,-0.6512100291397711,-0.7553406823308213,-1.3733845988346494,-1.2167939311374252,-0.7980733028297929,-0.6810026191688969,-0.512915807208249,-0.07972684456337793,-0.10637214643826451,-0.0309423227315505,0.032107219870084566,-0.22938586091529478,-0.3496668722406442,-0.33605268182374304,-0.5125194113052176,-0.24792886665674604,-0.07311995769179344,0.6664069102733933,-0.34776230834578614,-0.5111967209209238,-0.3408150715981961,-0.137512557866599,-0.20360105255320016,-0.1531707443182186,0.13984678865515912,-0.19359531527996743,0.37538234859455016,1.2994087403800416,1.0045692232314016,0.5733870358256232,0.44211023525341053,0.1431227813920382,0.04559542431163949,0.057042236445693936,0.18749957580926557
-0.46566361115264965,-1.1337403756616524,-1.2635539974872003,-1.0374522155982016,-1.0194931965127294,-1.4317759832071217,-1.5166557821395554,-1.0894320484454607,-0.33063687943766307,0.4122248057326733,0.4574013363547218,0.3618246808166018,-0.1148243202025047,-0.35947791817226715,-0.5047112576555167,-0.6704808658842356,-1.714873920526613,-1.1256941601162116,-1.2641674022096634,-0.6781196611701287,-0.20939697765047166,-0.27664958664884004,0.1321367212869309,0.4645493554213636,0.2031771203346254,0.061334315103657173,-0.33882697264031325,-0.7217216289346062,-0.23863772172949807,0.6692850527281423,0.5651029285499417,0.8922369457045559,1.3582178065440702,1.2613811317405343,1.5423756024341735,0.9210258804891812,0.14123599111118756,-0.3825404402011365,-0.174729387387056,-0.2865336599063576,0.20193453613562068,-0.4783702353497246,-0.20241883995989268,0.10415396958741086,-0.6642584746293627,-1.1253234035661734,-0.9904645186677286,-0.8959434246072416,-0.9673137293722455,-1.135814810044952
-0.9677238731943091,-1.2957156082170571,-1.4599037587643011,-1.1242420465938936,-0.7944358090784827,-0.2969960742599368,-0.37047623229546606,-0.4808274735033961,-0.846404081468263,-0.2882859273088899,0.1907222164276928,0.8106204335912128,0.9886651622271189,0.9956360086553799,0.7986927977187951,0.42667958999402616,-0.2908712351667786,-0.09863184874207605,0.48952419276179854,0.9258872134267264,0.8388287849267839,1.0282157646448653,1.035517724191964,1.582132593426868,2.0354734516275395,1.6005664915853968,1.8247115618975678,1.8247177902996154,2.16969432112018,2.651876495918019,2.267946895918825,2.0894023172777842,1.6776367304663637,1.614237740328045,1.848977066567657,2.030822831869337,1.633018512153344,1.9902585283321939,1.8512634057438204,1.03059562068526,0.9096464709760629,0.2799402855427043,-0.03528126178373141,0.407291177674597,0.5680382122004738,-0.2607474461602223,-0.03232473533153649,-0.39267530882802687,-1.6140682387554703,-1.763114159367687
0.276773376557273,0.4722329081717791,0.564847370207911,0.10121255155579621,0.49291955325952386,0.6737072265223587,1.1507973709235697,0.476203738012341,0.4889022470779809,0.4737295204903482,0.7793665069829653,0.6912200171152877,0.9151523610334287,0.7183026769736881,0.8663179826917936,0.7956854337918043,0.3567668182262704,0.2519032429686221,0.43921171122885133,0.6538180283934784,0.5138153146780988,0.6376614322155613,1.1555630594146995,1.5102827707305901,1.0122852508861064,1.2791223094510773,1.4119899724139922,1.2920869340850651,0.9138410396257511,0.8192518865027616,0.5399841619349722,0.5937744274445383,0.6112322016807449,0.0835394644214304,0.4987673998775329,0.36330015849758474,0.21154232555583885,0.2264095186569745,0.09188323284138954,0.10862955400499066,0.350387171443722,0.6428182839399116,0.3507909824295273,-0.24932223169824536,-0.5199735897126757,-0.6415486097572558,-0.9904397285041643,-1.0598169647883704,-0.8997881810778405,-0.043526017326353056
-1.551191446947602,-1.534013246855229,-1.4887138774449151,-1.5843567135743568,-1.4244782834755145,-1.1127700212850347,-1.406539377341099,-1.1313940963144709,-1.4291906177919182,-1.6678414349593185,-0.9886938568350851,-0.8817029378946307,-0.6910021332143254,-0.4591613651479771,-0.9220394679295761,-0.5328620273985288,-0.4432789243845898,-0.9086166922063447,-1.395513055090152,-0.21877833740691782,-0.3552769353559767,-0.23650102224099537,-0.46233284103426925,-0.09038314663588812,0.08038242055125855,0.013516428325258565,0.7408654719165945,0.3055151232612194,0.5769431547423757,0.9532550210462427,0.9321488606683639,0.41051509697566296,0.5391556729432411,0.7269001344687521,0.248538755841829,0.1356507801436462,-0.05126817621254961,0.7099439533615989,0.3215005371650365,0.2457458139143088,0.3774215041463973,0.7377064452634365,0.5335042274075116,-0.09685034885576675,-0.20516843988088246,0.509045594357784,-0.074642452732137,0.5760828686801656,0.747244894642808,0.9616014564145268
1.6126121768711512,0.9959110993622273,1.1422930789071086,1.026624003364863,0.9123436912048921,0.9299260214245805,1.3224094117499028,0.44006178882029773,0.5350682058275742,1.1682999466682829,1.1581219080382386,1.7238720175065576,1.8444943957969313,1.3604299326880085,1.33881220740568,0.9180034743867744,1.8023574762216523,1.4335168069717918,1.4593544351250065,2.139902695060573,2.2261714021064227,1.1609450271935244,0.7106911984191429,0.678394687175395,0.6361043099385723,0.8115102137767238,0.8363614377168,1.0426951845750747,0.9814680512823677,0.8979634758049555,1.014438514263944,0.8682479260684258,0.8810193802440974,0.9993247512659306,0.8634419003617723,1.410337425250386,1.3353929855737428,0.6644665399342414,1.0450420279514685,0.44578123478305826,0.6541908431190027,0.3605785285094981,-0.04346249657500918,0.2661113601106889,1.0143370509528353,0.7517956797263111,-0.20828286546255392,-0.05814441809142019,0.06779595332588027,0.4170468963366227
-0.08374873139699045,0.14908105350949044,-0.30953986561586955,-0.29528237879584407,0.30331915892923184,0.040441854200233635,-0.3957821739534097,-0.30377884540553046,0.2312407621933242,0.1124939343905561,0.044136978432018276,-0.5693179620684559,0.17907295767779424,-0.2285151539752507,-0.5213361209652296,-0.3661838684728002,-0.6384783431508443,-1.0228056187347847,-0.3107043383071496,-0.36122494730872207,-0.6696311671078842,-1.437657395075741,-1.3950466595698519,-0.8196836077876036,-1.3656510868600849,-0.8641736892189452,-0.09602075886997441,0.08627965463067294,0.6925206481134428,0.6265350051536774,0.9153237738956396,0.35515835408786856,0.8011471144623149,0.4325880176080656,-0.19999377405831745,-0.1357878554134766,0.6601610778609286,1.1972767714808918,1.0140335443643158,0.9501329222318192,0.8001316270412986,1.4531985153207971,1.1293163655284455,0.36400069938118623,0.683282501113658,0.7781322577946856,0.5819672547573153,0.7521828238787506,0.8328696524798559,0.8754267384789445
-0.8196363846577707,-0.3448208296394412,-0.39140733376336634,-0.9290652285912844,-1.0308924791431109,-1.0407839716843617,-0.6883561523399341,-1.1414325000377143,-1.4503100613911741,-1.1937711809056843,-1.1759686293745315,-1.4360545150079251,-1.2982250298277702,-0.9400797863677253,-1.6110858373042796,-1.6080049200872075,-1.3900808630806831,-1.2294926758444724,-1.5695957866581827,-2.323088696297366,-2.5239480251376007,-2.3673672199942026,-1.6915078991728982,-1.9849013021304769,-1.7087294471848273,-1.6784144483261478,-1.2077023647485228,-1.0770555317268617,-0.4268097154717762,0.040199300014650614,-0.37349096019406125,0.50480839842538,5.1619281547592344e-05,-0.020952863425592536,0.27766366100785644,0.19688649029708616,0.9150944537299383,0.8879907241089577,1.2326445466622449,0.780930208701134,1.0538564755267146,1.1243201913512566,0.9056139758536155,0.7452943529811186,1.0785800482111112,1.2140293945629044,0.910836534408103,1.0745113212995356,1.0803076051546634,0.7920633812194188
-0.40161695292822097,-0.22962633102173183,-0.0066804104810954425,-0.18414894714966995,-0.6569718553408259,-0.4874590983492091,-0.1714400114565279,-0.5570971530037239,-0.3220237081110916,-0.5092191294059479,-0.6942606344150686,-0.5607620051897113,0.0720734430545073,0.04275648767231674,0.49448401167737815,0.4960006970016362,-0.011749955977280036,0.056216827042902005,-0.23049549664447008,-0.33598523955586324,0.0831221022317554,0.9127941809732005,0.4808156589900202,0.31074415609827905,0.47257226073452946,0.6048975110136398,0.48905201210474897,0.26773465653813133,0.5232134701270519,0.9088340230585995,0.7034967657108208,0.5021161794533381,0.0780855155812166,0.16447652774708585,0.16046757913177012,-0.0591551882779831,-0.42380709597193916,-0.9329404702624672,-0.9256885608758553,-0.2309370637887087,-0.33465665505305936,-0.03449327370958163,-0.20884971172351985,-1.4688858548208592,-1.5401184245551842,-0.9112071174756919,-0.31239238466154995,-0.5039934843260004,-0.383499060537193,-0.02590713050546673
1.2276471709722339,1.6211688019265824,0.9838243474634494,0.1280364437731552,0.05678694863663366,-0.47060977608817683,0.2825676085852819,-0.12098213025847113,-0.40483149505587657,-0.9540279479986394,-1.0747316668719977,-0.9292310376408357,-1.0500284349778117,-0.5382678221474705,-0.6308883598708114,-0.1507058105540817,0.04897147353084152,-0.2547725900431216,-0.38870166174564574,0.23775797450312272,0.41084688927753954,0.6533091876881015,-0.04063409867894191,-0.32353854589594533,-0.5373088413509143,-0.6815742445801348,-0.9609191963028486,-0.38908053946272797,-0.12946896858007662,0.15384398096473403,0.28737275877195567,-0.6689399077686482,0.17674832980745725,-0.043935650892676904,-0.7690253475443823,-0.9856243839146916,-0.8787388735620844,-0.7543091654888633,-1.3994119845727098,-1.1662773460827935,-1.1487450167089448,-0.8649403255214014,-0.7000057504556408,-0.5414593451949843,-1.2036847143066818,-1.5889819310606441,-1.9584300130101755,-2.161819841507429,-2.6495313309563966,-1.8919786103430292
-1.152792426284349,-0.5571294713578286,-0.549742512925475,-1.103222026242307,-1.2375244307700835,-1.3392454229603452,-1.9915778491004956,-2.115521994271543,-1.547667868918765,-1.5230136602214916,-2.320825236512693,-3.069376499510682,-2.475388098380595,-1.8560749307437419,-1.7694754371579537,-1.8554522295663405,-2.1647715442751263,-1.9201416789664876,-1.2756097164063764,-0.8885118863968982,-1.2719391723926514,-1.3757812088479355,-1.1525315849791942,-0.5686224419669682,-0.520456715172778,-0.33668843422179046,-0.8345402470238217,-1.1906071583357678,-1.0177180503536243,-1.3417620224084104,-1.3198914653268665,-1.4926629606094295,-1.7868093756040266,-1.7771210579574463,-1.7757606566620523,-1.5298713605920335,-1.517047727308929,-1.5359092288476595,-1.0426198574478565,-0.9250346593863966,-0.8462779080308575,-0.9734033686304381,0.15793208649645496,-0.02367375647613665,0.5671428581657101,0.9411031211352248,0.9506988441530181,1.1938677921677694,1.148899408340524,0.7113617747915348
-0.7828716619667224,-1.4334744378777002,-0.58287617078787,-0.8010318392581638,-0.32708635021924504,-0.3089742883885613,-0.6401423654379644,-0.25508415515836885,-0.042986414907046154,0.24039062816300222,0.5747982057965663,-0.2644916492461817,0.08854239799121258,0.13706954687123993,0.37015639806219536,0.17118129184051367,0.4672029518134661,0.8040879836083361,1.1192247886353521,1.241354873107295,0.9333445153856941,0.39720471276437214,0.3130550530898412,-0.19926820973091544,-0.7276303685833554,-1.3648009986496563,-1.428247562202267,-1.3707004898453021,-0.5993825965072295,-0.3756589866300243,-0.14986560455751152,0.7234714083051158,1.0544579442896738,0.8909033601133433,1.2750888385207801,1.3120297093913116,1.0873926975112256,1.2400164162180662,0.9123036291731133,0.5067161040450483,0.8957193031230355,1.2593077141782554,1.5198444940599878,1.4473302036746836,1.7456130905531597,1.4101408368505695,1.425147585051985,1.1285390960050437,0.9153713865039297,1.0304132802532624
1.9890706695422433,2.1074478621334403,2.3031286165063443,1.9197070527294748,1.3475875302791256,1.7818608389083863,2.109953882051932,1.8920266926849603,2.0399070051258144,1.6728705895445526,0.6489947311112949,0.6392080285769851,0.37514074935162445,1.0862793416762975,1.3376446518903609,1.0481104229482077,1.0926341286295578,0.725162647963994,1.1604581987605136,1.0913866093325977,0.8458777842799963,0.6572656598602697,0.5215719189242459,0.303987874331092,0.3712999353569066,0.33569425974690364,-0.3929301173148384,-0.7179192939376147,-0.7055887567914978,-0.4687123997418129,-0.7451679750222013,-0.427203605748065,0.5151567431691575,0.7367691006308764,0.9251959264341789,0.3823545433775358,0.4244543814545863,0.5310929525496244,0.6539937435239239,0.8786404211956036,0.7292285747324834,0.9913342097105465,0.7395821397588912,0.3482043910940752,-0.09145077157885552,-0.4698589432923309,-1.336847233857333,-1.5256525197858783,-1.36360478555669,-0.9418970271005402
-0.1317097799044183,-0.3693451462301011,-0.38996687431651983,-0.4289689126508235,-1.110847665317976,-0.8636210904574027,-0.23815490395324643,0.5309547124005909,-0.1978886060244366,-0.6019159225556725,-0.3526116377238262,0.1009990909040648,0.03862828796607661,0.13650731810590044,0.11870830724388087,0.04511776619641938,0.23877018472987452,-0.5917143356615424,-0.7013156775034033,-0.510789813865438,-0.5227702669572707,-1.1606066734976985,-0.8473655501673141,-0.8424265836221764,-0.6409915136892776,-0.3246808227769554,0.01933902693194112,-0.6293072155980698,-0.6736993440183255,-1.2221968016706717,-1.1632332152805338,-1.357625709744095,-1.260269647203525,-0.8153705870550652,-0.879044783889467,-0.7513926380419816,-1.0666888071224898,-1.0583430906380462,-0.6382616777780168,-0.28003187579288374,-0.9246867074761463,-0.8414210691601599,-0.830381227758546,-0.756437534174016,-0.8821496080028364,-0.9945057711164728,-1.1442330232716607,-0.300617284886904,-0.5428454275943941,-0.10216127391746717
1.720931195234576,1.6957955981842074,1.4779807769999342,1.6423259159982775,1.1749524268232232,1.5016771649830039,0.6208648653087195,0.9673961028805543,1.6989480027561268,0.8213099563619604,0.4482316220457156,0.4242432619304097,0.27127243111022176,-0.31711002528576665,-0.4217884564885924,-0.3723938471308019,-0.34443400820187864,0.5300442988598602,0.709898165223837,0.4227563489798157,0.01409902097903427,-0.20286183713414863,-0.01769169378548472,0.2157705923568437,0.33769641335606837,0.5891343804958092,0.6287874302322807,0.6577230122620294,1.073942209666218,0.13491284778243334,0.16106024334565158,0.6170755353301113,1.024561606934924,0.8567329171547672,0.7846961266772564,0.39769042100790736,-0.0022523884990166506,-0.7742928093132746,-0.3878304585344298,-0.30549224548344184,-0.4342707973835385,-0.39114826758831944,-0.12040932684451824,0.1108793326129137,0.45219613318484686,0.29210657195869194,-0.014133804518196066,0.16495472163786457,0.8045471543094423,0.5301231390196798
0.7732141715175455,1.248294754489009,0.7029898824176539,0.3756719139290472,0.7962873391969983,0.21429400104811425,-0.4310453531794067,-0.4685462658019819,-0.048629290810087426,-0.1718741879038518,0.2853349212539948,-0.22529632823932705,-0.07711325294814293,0.013251401501543822,-0.526096245372202,-0.8699877399168734,-0.9181961094851304,-0.4049341823959731,-0.7262235016547423,-0.12951377667955052,-0.10991030791247515,-0.27720956839899774,-0.49975353749447926,-0.08213296774891791,-0.20078806013706693,-0.268144650874068,-0.290497316346271,-0.8295509201922189,-0.7229256007934813,-0.14855864081641218,0.09173980464169312,-0.156734190128021,0.5819239694885421,0.7726501554537416,0.946169321160349,0.3714057378447549,-0.3206034524229235,0.05759497016304173,-0.9588303210805013,-1.1313528277724478,-0.9677779586457739,-0.8945139937885845,-0.7109987488946966,-0.7056217641060348,-0.6157132048325754,-0.9177664229682616,-0.66921836921174,-0.6750318126589528,-0.5977685271176266,-0.17815981765685573
0.8670849668776334,1.025668308655281,1.484100734198319,1.2889164664252684,1.2692241956455343,0.7576397050390776,0.16001951518630328,0.4385002546201252,0.0745894831144694,0.4440785368808662,0.4510680572879236,0.11909108005203049,-0.8687644702636227,-0.5591132092387414,-0.11843151407215288,-0.693119516785564,-0.8760281947302522,-1.0267387566875554,-0.6574686767344385,-0.8639369534112077,-0.5197255517965067,0.18116070466714065,0.07144531167934223,-0.7615317979017722,-0.2854914779664246,-0.1468778424504788,-0.3009797682657173,-0.5556173986181893,-0.7201527173522138,0.17313668898243312,-0.06957747995719543,0.21132643551739752,0.4874825191862667,0.8455789896110615,0.3834142736648963,0.7330456305067871,0.9774676698066419,1.0470279161318632,1.311036239147197,1.065742377174254,0.791184901421244,1.1759027926444643,0.9326462588420944,0.7701911258449221,0.25257858250496057,-0.3482094513581895,-0.07740368034696529,0.060765054025018375,0.36627623509496793,0.3308903833775343
-0.4785021249137206,-0.9305455556464968,-1.4315480416998752,-1.3799916012427993,-1.946233612057669,-1.6347402450436024,-1.1149991225261482,-1.023835853977041,-1.0146429790847302,-0.9381022083016229,-1.5262441371547677,-1.7524626720410739,-1.7140490893540277,-1.684071677839089,-1.60264731733834,-1.0908079212660136,-1.35190298233466,-1.427887289944612,-1.5332756445789597,-0.9831098306854043,-0.7790659971106128,-0.8696466879961553,-0.7425389866921589,0.005633066605686954,-0.6097227165427229,-0.46052818995647915,-1.1713202258032198,-0.8723814369961138,-0.5901376750353289,-0.9075218594526445,-1.551799525935708,-1.2422667849743851,-1.4575550705741047,-1.012440331539914,-0.8693749935883628,-1.1694613103529683,-0.39130181227947597,-0.5917586602406886,-0.3361677633729253,-0.3245569824734627,0.20138110837728163,0.45229716745315346,0.042463692990878286,-0.5953758642763323,-0.4933502904036186,-0.22807081554670047,-0.14326908198324276,-0.22188185667506558,0.8917213349033815,0.8013505065862766
-0.004033652400470313,-0.19542033714662302,-0.31205360583530173,-0.7448061239669396,-1.0690233289422657,-0.4942398831017582,-0.11601635833323727,0.3318888099171326,1.4239457156410216,1.0341828727138793,0.21212326417846003,-0.1694706635909356,-0.04949732436451929,-0.13952758466614312,-0.04491490145069663,0.2393025395519518,0.43793707285690775,0.6151443851205641,0.24260546198772123,0.40589319612194347,0.3106578344805617,0.5586713168043674,0.13446435682382718,0.14204053498035116,0.347719394631271,0.9476561467116719,0.943441796652389,0.9035136877123076,0.4956534264025901,0.8594939814474792,0.7101948663941354,0.3520145580697318,0.8671609725832244,1.1996167038101264,0.9395044884956841,0.861842600745245,1.217359373415043,0.9055890441766735,0.9086740118764176,0.7091784623615945,0.33864088593986774,-0.2822946393865374,-0.34597515352823754,-0.5006742685431192,0.27288080855788427,0.3244753367585575,0.5365596565467572,0.4128249386473289,0.4751479125108704,-0.10711203929996414
0.6231806933318361,0.15837669724884776,0.1757689288022352,0.05089113304110966,0.009704298455680537,0.1706328054130786,0.3939126766221386,0.33708756104304166,0.7031138376810032,0.4074478479982449,0.6357676614982402,1.0261975813578366,1.1283006941452092,0.7810264612696852,0.3276548347507211,0.3944767183664176,0.22458846778016,0.6449138073102418,0.5752463339913497,0.49001152799114084,0.49280624265632106,0.6919123979928533,0.6118109722455614,0.5926719876043054,0.8300500545408616,1.2623880912381789,0.17816420703402483,-0.3774277294562642,-0.19646174934642424,-0.41877156696225737,-0.019588529519271095,-0.9316770045395552,-1.4180157169983476,-1.548868531684529,-1.8911556216528769,-2.977627068134437,-3.057525579005869,-3.512046365576206,-3.4367828293550104,-3.6292787189620075,-3.1972398978291614,-3.1125966286120987,-2.438931424564331,-2.384070176997976,-2.0795097156576134,-2.509834026838348,-2.92680166200055,-2.993117332908245,-2.8453871796288817,-1.9490960573194231
1.0059570174938584,1.5585278803583402,1.9728125790672262,2.1919430947389107,2.6445472997145045,2.5141176782497228,2.300269231344639,1.9261289020155248,1.0003803562000295,1.1647630911136921,1.0080213156769433,1.1366442549547462,1.158712624135414,2.0322450074942946,2.1495959684206176,1.819930566115872,1.7435939904433204,1.7024268041316621,1.2507401275674639,1.2897559998066963,1.65288086240362,2.305472797411439,2.2938839219504863,2.100934933322788,1.7183547292654253,0.6976704679761607,-0.4276584116585791,-0.7795017261139583,-0.7325796648037615,-0.6766814937283501,-1.0035221373388985,-0.49924402949251356,-1.3151502406239397,-1.1816138166713284,-0.6155329284023121,-0.7405890108953476,-0.21031584477039247,-0.20973157978799686,-0.7947463404964429,-0.995279501688232,-1.1965900405184753,-1.4960160737265427,-1.0954861047775817,0.02203541967340495,0.08491849036168514,0.14922262863847807,-0.06803098640800191,0.44624934031352004,0.7813393580505035,1.2608914215463436
-0.043698011995403394,0.13566529481696643,1.4684545896517898,0.6334317012655918,0.21418315697933624,0.02575346534500192,-0.048257906663570486,-0.16285868070661172,0.2679218327499811,0.033175972812639745,-0.25038264740331084,0.10158356371191665,0.3220091984880477,-0.06271699226917508,-0.18933112440960398,0.032243484426198864,0.03300127680580703,-0.015332128756139317,0.3425807736884963,0.15475716836957465,-0.14479421283707666,-0.40811207775485747,0.1982603808397747,-0.13748879398496908,-0.378113016884748,-0.2681409155934244,-0.3782999825114551,-0.28648930539700573,0.1781040587125814,0.09741165649618239,0.3284039514126128,-0.11782735712139114,0.21941358986660958,0.6866651200975067,0.12979789854024767,-0.03214297405357388,0.05483738954088254,-0.9468286178226352,-0.9329673939887771,-0.7936022075833701,-0.9575767747760306,-0.7118449026393453,0.19541745741217953,0.025487575002752793,0.2654170555621444,0.0961307540325538,-0.3266209438948237,-0.8813116618714293,-0.8051713572548392,-1.1815872389244217
0.35528081962024427,0.37190751851885545,-0.4865345531804725,0.5342506937840424,0.42884492953295533,0.3446278957553915,1.007007959242642,0.9818402734080133,0.9651484164801468,0.3720919981067012,-0.4096988806685042,-0.48081879923764775,-0.5889391670197283,-0.9614371487621246,-1.5144413602090292,-1.4599013688507554,-1.7846842598705353,-1.9435567038814459,-1.3443779155065505,-1.4154844452142483,-1.4245138569176967,-1.139534119298646,-1.1138804746820745,-0.6993077427713977,-0.4742891327770337,-0.6836940697289439,-0.48883731459649454,-0.25567752632674023,-0.5419790604441692,-0.12888892733975083,-0.043418010120947065,-0.3153594617504951,-0.5315514181866928,-0.4676341651720393,-0.22105394954058605,-0.2165606489448915,-0.7127791450055194,-0.1485364040224337,0.17663168144562705,0.5846172216511121,1.220520505286374,0.8976395044325304,1.2009349897905497,0.7089509293916602,1.1706079260093378,1.9002292981066538,1.5949213801672755,1.2883326530621788,1.1457675851680529,1.4001705344101167
-0.4324201452608279,-0.04559510956399862,-0.259688332147682,-0.6955103187775005,-0.5957924878965147,-0.5541464353053426,-0.2032360728804675,-0.508839922652375,0.01808261541573831,-0.1618799761457499,0.20520334795943082,0.09367630484266858,0.23451790359613084,0.2001501500230376,0.4997564086783936,0.2652724703981604,-0.5073654437328052,0.23811318986001948,-0.044477026973922314,-0.2572764170250425,0.0647424003307785,0.6646484470718557,0.41421167248398233,0.2935666420103854,1.0356709947835514,0.8461114432074587,0.9902142201580222,0.4710222597699473,0.6195128178685947,0.26766495496197334,0.4500912341380573,0.4031825434708321,0.7743158471311512,1.005814696364332,0.7008597925698286,0.6857117841615379,0.2636994188530047,0.2872458508032288,0.23283739804874598,0.893113280971206,0.9503005900624089,1.3892422639195352,0.9498722602450478,0.7971141041188449,0.5919026701234718,1.3550484149078816,1.4750647493011164,1.534833540807982,1.6055191228079402,1.6365889878437003
0.6678961827650018,0.36421536240086927,0.5469052423901595,0.7884436999840917,1.2095393612793528,1.964622748061089,2.0596400217983892,1.9894051165602715,2.7719327476422086,2.0234106632852864,1.6907771216113263,1.8480504276049343,2.1322337061210326,2.076354598124805,1.411676732333301,1.6112964543994477,1.571558311522283,1.2833315700674823,0.7995332198651263,0.7165016468822046,0.5507019078155866,1.2761342131874647,0.984834174642013,0.15633453143191353,0.5478921605270077,0.7948390393480641,0.6801610762145696,0.8898359150046249,1.2294586789345445,1.646822243256657,1.6888445059296473,1.7046446294617597,1.4638248796004723,0.37335506170675836,0.7566823913177313,0.2002405448511024,-0.02470780591978608,-0.930559571133121,-1.126929793026695,-1.2817669073292055,-0.9945343795776681,-0.907938754843935,-1.1338050491223985,-0.966462423941052,-1.010361200955735,-0.8783583463282664,-0.25819697071983355,-0.7001438536052025,-0.7528114975696366,-0.32118631437220413
-0.16423986452736114,-0.17496775620678362,0.1837886445565799,0.31878163336073445,0.23065722802678462,0.09290383959357343,-0.20389182080563678,-0.2078624103379049,-0.29896193748691813,-0.19428019534641458,0.2896694196414779,0.28328034665258384,-0.5646775435706881,-0.32053403553828413,-0.5814816969650554,-0.058834239067306886,0.09708132015960351,0.7141626074312458,1.3660629635634511,0.9756626408092912,0.9096978350280365,1.3822737545825297,1.332756000669105,1.0630966530955135,0.7655255690332059,1.261478857900868,1.6732606622795876,1.4766260472054076,1.4754067254776366,1.491608392124796,2.1651000946175016,1.757177129071568,1.6932082222480105,1.7101486085704742,1.9363967513473483,1.1587675643943787,0.3820834919099082,0.5828785213784987,0.35025072787318473,0.14598672903386617,0.11889907463876705,-0.16912165443905572,-0.20961741909836118,-0.1065417029129802,-0.18445957945424404,-0.14408833867752155,0.16044788101612667,0.15441278765736383,1.0764860507541785,1.6942985590832673
-0.162730859214814,-0.09231725859516755,-0.847080244231193,-0.2176300187082015,-1.0734249431532419,-0.6198092301354367,-0.8202451123323309,-0.49457046077386535,-0.7645166664939369,-0.20397562747615633,-0.9124553461883165,-1.1221597009146957,-1.271815348197376,-1.8037384993865244,-1.7727846501235138,-2.262941867512371,-2.693493154120691,-2.4057324433182634,-1.9925844801345407,-1.9835504456869244,-1.5981659884535837,-1.7239544887218887,-1.0064537371714881,-0.05382608097878253,0.34012576536812084,1.1742202440682477,0.4229797334176817,0.7886236402244315,1.337087500494087,0.9599375469050934,1.6163876977560296,1.6265819819013365,1.2316694324342061,0.9739484321673108,1.1984630687285167,1.603344448720433,1.1456172452257298,1.300948659648941,0.8633463365769164,0.30070013554968783,0.20927536584176473,-0.44649000079692774,-0.055400104789130954,0.2596797896835899,0.3093112331905082,0.34959942063459376,0.18556867645649833,0.22020518309891554,0.12459408703311353,0.13817646040670228
0.04386759442377271,0.14387317849190395,-0.3934331286953541,0.46205612346747477,0.09670115914878427,-0.1065535482729149,0.7692130105689239,0.6584366071435698,0.7552584355681341,0.47926610208008896,-0.08964362569813164,0.13098578810708805,0.09472068404365905,0.40860915281885374,-0.4700849603521966,-0.5284392349341753,-0.8896390184357388,-1.1639324886560296,-1.0057177990125694,-0.5196515818249621,-0.8734877265331129,-0.7903930786018339,-0.5838917522083746,-0.35157226630253263,-0.30840960810369217,-0.7732661586563813,-1.458135053145362,-1.2066110992422527,-1.7062249168176107,-1.2033129601847243,-0.6898059255573434,-0.7284047876622314,-0.8035491734617598,-1.3297027509670192,-0.42775680592694243,-0.2933321632050927,-0.8106225901422375,-0.731523565595952,-0.402821747309374,-0.4737789859971112,-1.2774455134126175,-0.9911711948844979,-0.6920103561259237,-0.3334059366872111,0.3339928895393151,0.3828345323160128,-0.1989356339822906,-0.2809455996122909,-0.7182742356067697,-0.37329258934742604
0.2407996517607235,0.18579677596393818,0.4452625412226696,0.19951167901139807,0.6055602547257348,0.3006641724728265,-0.2328364681550228,-0.0004547841843791052,0.09468809197684651,0.7257893623361958,0.4130706929745245,0.7285840176146952,0.8237764901289996,1.1642542188242082,0.9449829530926663,-0.05447164195658903,-0.30692269662570754,0.10979219317017691,-0.34987000989180905,0.036360218169707456,0.6616969117400474,-0.20621070412849504,-0.2255564992240976,-0.8462263030945587,0.2877870144187602,-0.26367626256500426,-0.020632126098141655,-0.08825332158573604,-0.222126729265946,-0.24801868105515823,-0.959862185957514,-1.055562645105283,-1.4484406070332476,-1.1453084533070577,-0.577015661611884,-0.15283141956564741,0.4296239526472783,0.32537771628461853,0.5476275604582834,0.3955718226374751,0.18615164054800562,0.41312161166760675,0.4602323361378492,0.7888372903633557,0.38545926560804045,0.4989536392365022,0.5517814711865044,0.590216311047548,0.3702249768483335,-0.04533496857577026
-1.2152912262145688,-1.1275460245260542,-1.183191288019162,-0.8063137372412779,-0.8037042844658397,-0.6593702104616681,-0.8849915254770693,-0.16881441669039182,0.3710049706868406,0.5330697012139856,-0.14503262701733316,-0.12159313079352728,-0.5120326210569023,-0.474879438735624,-1.2357178642913358,-0.10209683798312175,-0.04701737401843963,0.04088635105601332,-0.15197161042831206,-0.5056300795175911,-0.6607066756645716,-0.5369468495392415,-0.6887726626637048,0.3024617479711223,0.2811183687575107,-0.14154619387167228,-0.6476372832073047,-0.4966556318812768,0.015522017233204984,0.47980766076137493,-0.20672640680612378,-0.07013094060178807,0.12652386597490906,0.44804761017403677,0.8833940756136364,1.2120238753945503,1.2948327034927298,1.1834292587161799,0.875130370550058,0.7433099154481566,0.20829748323672276,0.5693860894902186,1.3352285088769549,1.2217694240342332,1.1284121132375184,1.4513415940698164,1.0166979875423432,1.723418016701008,1.61682483900689,1.7388630575230177
-0.6288629006596085,-0.7281255080410897,-0.9590215266638291,-0.7924465124909154,-0.45333654676914,-0.45985877375552114,-0.6503021106269204,-0.3614094657715174,-0.049380522314585576,-0.2975155918863752,-0.5403509121983406,-0.48346499571393686,-0.40701654530143544,-0.6505959296872311,-1.0784473223535427,-1.1988544813854722,-0.7468110765387148,-0.7784841977131453,-0.6005956479405814,0.0075712703570208996,0.417309292026921,0.654222957289781,0.22111806969992276,0.03720388011010498,-0.9978866911241665,-1.0563520173330656,-1.0127702477462146,-0.2823210175046295,-0.06496273122164745,0.02982583906379574,0.007090906519781405,-0.39787917357461033,-0.46643011510677684,-0.490030769450447,0.13646206352355547,-0.6424702520075745,-0.35159658623281254,-0.3647014243854786,-0.2995002668408764,-0.3781129550808798,-0.8081443347911348,-0.3506683233230187,-0.20040133459888798,-0.24825734895143067,-0.13594860705846332,0.5529598457712054,0.3341274556452478,-0.09386852382142971,0.20943331050842076,-0.045238976566696155
-1.0823760367324464,-0.5985536759379577,-0.5128685425059751,-0.34820825014381873,0.05074470293051087,0.33097095881730837,-0.16171908262705145,-0.2553785840344094,-0.6972641370789991,-0.281970899245787,-0.4150967648821534,-0.6406195208753239,-0.7006217563826366,-1.4454476873707054,-1.7599579543129678,-1.1182485881672524,-1.5321399785075054,-1.1281915170847732,-0.4778829559775012,-0.06460969893795719,0.3765289960869794,-0.06765366975584149,-0.07783775581321106,0.03752610913918541,-0.18855311007241113,0.02600727118355123,0.287288754418608,0.41639114369008784,0.5852680479614496,0.6731252091655058,0.1246537800673046,0.4107277194400504,0.18694396032169344,0.16781786059885848,-0.09181234771598636,0.4783948304012653,0.5876901194253911,0.28373876139826176,0.5991045440366339,0.21836874188231434,-0.2640569945100429,-0.7378416136297371,-0.9241271983776592,-0.5396429416229445,-0.6524254495252914,-0.7001408537238564,-0.41083400118935065,-0.08309510682462251,-0.2877508943912591,-0.02968012300049531
1.438090281718885,1.2641115007837729,0.9562254679369704,0.20679677882102418,0.139346283334745,0.35484892215242525,0.8813034431938565,1.0686047402287557,0.5507826248459701,1.0239454761420212,1.5264262328735834,1.3427313045456084,1.9395533032404653,1.9636063466147748,1.5695933620583,1.4864017774369194,1.3150332567423169,2.32917213194238,2.1192832100115844,2.3507610877602434,2.7352207441161336,2.7681410959910715,2.7561733548505765,2.6623899421504738,2.164748989947649,1.7316850874277563,1.3901349790175639,0.7848467311903399,0.36438914541828493,0.8686735859168918,1.4379949636541065,1.1927202272310702,1.3684408295713684,1.196359856482304,0.9777128030507629,1.5765630797285024,1.9900839146553295,2.054563852622829,2.5469138082915834,2.5686371920085254,2.483652552361673,2.056665436392878,2.102114235909617,1.8514841629947625,2.440260536740554,2.4730952247986466,2.323711528248124,2.3114619939864607,2.400136905898358,2.6728622348369333
-2.0914656418493895,-2.0585758953204536,-1.893873772610098,-1.8683504863962639,-1.2713723797117515,-0.9574799366202205,-0.8302574663642059,-0.43484267075783634,-0.15723650545699425,0.4326257831196887,-0.13264483690882728,-0.23417965477420255,-0.19703769554187153,-0.5102640958422824,-0.5675660866909303,-0.4931542676015537,-0.5437439736355306,-0.7215325332540786,-1.3111210237452968,-1.4512578122226458,-1.6001709422917763,-1.5164491363800408,-2.119615527580922,-2.379078320666201,-2.158933263258257,-2.3754676305909084,-2.3016684011434716,-2.1484922013043852,-2.1689908691840043,-2.2448969688449583,-2.238757306316561,-1.2741925442528526,-1.298158662838364,-0.9668018522753143,-0.8459806280028539,-1.261165237412814,-1.704791287778364,-2.054413184148444,-1.875761625267286,-1.2960695510734126,-0.513483820475124,-0.5108310408999135,-0.17956394202185724,-0.5292889132576197,-0.46613364332928475,-0.4216844557410805,0.1520339407443702,-0.15702912403451205,-0.09113778706811876,-0.6394420976824494
0.5117578514403874,0.4070252121829868,-0.13432386832659748,-0.14190578749437036,0.02797629705844467,-0.0571876483103908,0.2798313911950241,0.9537340049954829,0.3428706938904049,-0.47279249619499925,-0.8569954317635425,-0.5797682299313621,-0.872291037809347,-0.39707368658576603,-0.5036112606141232,-1.1558481282210222,-1.5372771914173766,-1.5003541648314038,-1.6025561687996084,-1.320568250499758,-0.46230657020561383,-0.3046136183865918,-0.33199132777309265,0.15274403360065988,0.8332235209848629,0.5869209796129483,0.73101989716043,0.6816030264751459,1.001955385833352,0.6000181225048575,0.8230494320988881,1.2756204644739417,1.4669512077104219,0.8779698190363594,0.5766923488239212,0.8177874721381745,1.180087052148452,1.5144141370762099,1.4282053452596604,1.5124950540510447,1.8091860306411487,1.9432158160685706,1.9033424986139416,1.9482693247594565,1.6118178440909319,1.802772270512751,1.7127943165833333,1.5918802478857235,1.5886934604355012,1.3218917134715198
-0.3381524301482443,-0.01616417830840773,0.16083094243071644,-0.24598115162171463,-0.4990211522729547,-0.4406980261850445,-1.1982528686016078,-1.296625476716243,-1.0138606383016802,-0.9031222578400329,-1.0467176808432699,-0.5957953918234383,-0.15455078085335225,-0.19373616488819093,-0.6224287140850001,-0.26909100252863655,0.23468670928139335,0.6180157198047215,0.2816484301723571,-0.1200631213274606,0.08195495550525506,0.1781968200600377,-0.2816714386124567,-0.3641117292953875,-0.7049453077613652,-0.6818365392542793,-0.22899739801135252,-0.6404950679833299,-0.258063522602712,0.4869630892592894,0.2762432455161887,0.3630104513662198,1.075932230362646,0.2790964498503265,-0.9571298644767697,-1.2553350871765199,-1.0068066978957415,-1.124524683401418,-1.1100147419952222,-0.8245353393367556,-0.13802083185189173,-0.18055557727444654,-1.0649634153917715,-1.5382699152274795,-1.4344189708717336,-1.7578111273967991,-0.88179994089463,-0.9840063067800568,-1.2327759088057775,-0.8387761101083752
0.5860648485541073,0.278543261422305,0.2733342070006179,0.7080189418279913,0.20674846444050893,0.48693602440439465,0.3540645635992835,-0.03736518017971765,0.49833489034183853,0.2645048223921694,0.38859215244696027,0.02478566373919425,0.2803758077287969,0.575580191539697,0.8881894547274551,0.770386842277874,0.8644681506905687,1.046313044365847,1.5508594592871647,1.847967076812648,1.5937698431802831,1.0859316465486037,1.243475276654029,1.3442356100315032,0.7332335587771671,0.2087716042054276,-0.23762053741347897,-0.13408358583861416,0.05730331228075349,0.3344342320672325,0.33049193571468044,0.5733168958631413,1.7085154792175796,2.3757887644647373,2.7752368039651247,2.828001814402749,2.607905749532321,2.293569587090556,2.7083804933601723,2.0120150814114135,1.4054203878872737,1.4605816428496305,1.713986613086566,1.485309368198814,1.1096886101798475,1.5289789957058038,2.037668500025623,2.1912875711760402,2.574428713129984,2.614271134592711
0.6386703544326252,0.17588989727181625,0.20544459903050047,-0.021554396910118397,-0.10411312567546256,0.6792757636022279,0.8269062996622742,0.2939769684054088,0.4333316087273791,0.7052274701073756,0.9156426256020469,1.679350245202242,1.3682364089829542,1.116569246042197,1.65827684073025,1.2189085204563155,1.1108377966913623,0.551838671058063,0.02523134410376679,0.03655991683192969,-0.2260884539740506,-0.20057348875287795,0.22306027128532732,0.010833419343586243,-0.460188802736024,-0.3857701062179011,-0.24578292283765354,-0.136900944780952,-0.3692819537454661,-0.2607313635210728,-0.06774004452201209,0.294907502264669,-0.29093720083613395,-0.02490321826760723,1.3808909216106147,1.3066494752018083,0.8832416095885722,0.7557806302074778,0.9321587450690172,0.9257448314619421,0.40870457852802805,0.470126673028357,1.0254687786893804,0.9123254148765981,0.6406437343164393,0.7436465017554612,0.3687146768895725,0.5888763624982711,-0.27290129912163863,-0.9423613546908783
-0.4190275403880213,0.18000559610144384,-0.21162743477826196,-0.39781906494315517,0.039234990147968524,-0.1715926648978565,0.14024315186757627,0.6702601243810677,0.615286573289565,0.6927774778153076,1.2197326525294832,0.4884729624397964,0.36843982429755073,0.28142627353339705,0.22861967919830342,0.12477037406658534,0.22241967407684077,-0.2778831916445021,-0.6512737090668577,-0.7211684296853746,-0.469391510825999,-0.7198039542447746,-0.9336568221945547,-1.0389296844839184,-1.8678703376377397,-1.585064248453322,-1.5706402637708305,-1.0432886350427664,-1.1756465344034692,-1.1811872288961784,-1.2016387837271973,-1.0527667379348278,-0.9349880325795544,-0.46041061556273477,-0.2983754003071827,-0.18952496426543164,-1.203925283765308,-1.0292847678310497,-0.6771935655725762,-0.40551730257118956,-0.6204730567583245,-0.8252098774561107,-1.390684493142952,-1.201865781864035,-0.848210857482937,-0.7218885011968108,-0.246931269943922,-0.7226015859064981,-0.29835562823354256,-0.02342780720992815
1.2256154781222113,1.4220813332476467,1.0756602031374536,0.8342718151347317,0.9227560262563608,0.979340094221325,0.9633759929115157,0.41470450727909874,0.8801437496461917,0.3793987726064858,-0.0677528311111104,-0.31197517886537107,0.12331397156326561,0.14759420198480813,0.33403524070156765,0.1351993099941249,0.1665602423620711,-0.42817319262634257,-0.1690105494008197,0.1091785615863775,-0.23420555423030623,-0.300486552725293,-0.9609933907829482,-1.044748139176791,-0.5970429568520395,-1.1784819067002579,-1.6637801869534539,-1.6836221114369065,-1.5407443717643756,-0.8707810051496923,-0.3746899364949412,-0.6806035866559677,-0.29702952962476203,-0.5349244647705469,0.5225532388420068,0.69630265592446,0.6050778128039614,-0.15746628675543287,-0.24924019249519386,-0.16102980061518926,0.15572029235843352,-0.3240796628716566,-0.7350643528152065,-0.7121851013733764,-0.9271685936546306,-0.5979227916133169,-0.8809414659021062,-0.9771262153915431,-1.2639447241862118,-1.4504033249341592
-0.759582476104629,-0.8120464736407058,-1.1389820790571312,-1.3704072155874956,-1.1142817311283515,-0.9685274059818973,-1.011509253062849,-1.132045230851113,-0.9514241687478164,-0.6976616605166678,-0.6920648506861986,-0.4773043714096005,0.2276559897449382,0.14269201406389237,-0.16772757592134407,-0.02536109932727032,-0.5954296298141402,-0.8732949140836958,-0.9778122192982738,-0.7630177468460412,-0.5110770380311738,-1.0238878617999005,-0.41352195915446294,-0.2329393971930665,-0.13086364434664213,0.0624101136775986,-0.10263597613033287,0.6745556339596556,0.43054860322468264,0.3336964690133375,0.36807775894469497,0.4627652433179061,0.9073716559009629,1.4508671363293038,1.9102506916471518,1.8614234845284128,1.5934202131408433,1.1122285214390164,0.2241520022027754,1.4028342026237028,1.3796491000415938,0.9830381090545159,0.9820530327474193,0.7999340266623209,0.8580527227492705,0.7195756397835437,0.43538607581950095,0.5824347088931117,1.3305067013228788,0.2824154268175986
-1.8649620833475788,-2.0342529308435524,-2.2418961188743,-1.601971425727412,-1.2132539457426756,-1.3371793055122514,-1.0159887843302329,-0.8601153512519558,-0.9038771126374183,-1.2979189587906264,-0.5461331036509837,-0.5890754298474845,-0.9932329174491654,-1.0717419577938432,-0.553783589022936,-0.25377787432019694,-0.48753395316279047,-0.41892120355492,-0.9518061431505364,-0.9790662091598046,-0.9472457015706268,-0.7335087518083122,-0.5132099525039129,-0.23204555254600878,-1.0217616426169014,-0.8750547888340156,-1.4650402214434473,-1.3009913522636043,-1.7890668567793384,-2.126546325827094,-1.9920535137574387,-2.085645719623497,-1.4442375915346755,-1.401579918841548,-1.6331723147310402,-1.6154973414254097,-1.4404942577426882,-1.4924764777550479,-1.1723496153639863,-0.31504380002287424,-1.2439540264902829,-1.1152240883192879,-0.5566598001589428,-0.6419605216237763,-0.9733083569139835,-1.2144461188338567,-0.9850137448318022,-1.5236423079214683,-1.1286070004565758,-1.4099505868144695
-0.7126225246943895,-0.7325204323282996,-0.5605753683688136,-0.2329204431160223,-0.4929774691288636,-0.24884455218505164,0.0495795832808884,0.1760263353009625,0.29146671483119335,0.4473820591172056,-0.18007281938158448,-0.8364443519679013,-1.3056705484637303,-0.620715632470607,-0.46042422454765947,-0.20657967190553567,-0.16789637564482982,-0.8155299248561008,-0.3937350394379016,-0.7891970301467257,-0.8434345760320614,-1.0368233344043178,-0.2851216349629409,-0.9035096046038096,-1.5098076522626882,-1.1837554790965095,-0.9846870265314587,-0.9292593441186767,-0.2224684186267479,-0.06782252178647079,0.7092987856991084,0.379090941820557,0.48215410328176334,0.7681453648260713,0.7351021271368561,0.5751487419996606,0.8963375874537536,0.8315288932744298,1.2598108807675295,1.5000158079084702,2.2483278700930613,2.4044379679089403,2.129701429365936,2.305608676596696,1.6267166503592099,1.28346018475066,1.1908939685663447,0.6831226372876547,0.4694070341041213,0.3888170321633819
1.4792666844790616,1.7330018070878879,1.5913507674170901,1.083371070394942,0.9820597577438646,0.7485426107904579,0.3423178068557138,-0.548553588077679,-0.8246823065295364,-1.2613928892915596,-1.0919099205890594,-0.651712875851594,-1.1408446968849324,-0.8998722472136763,-0.8797448281079275,-0.8316302692712652,-0.6786836242812606,-0.8942826547623197,-0.6387424162171371,-0.08321412680386696,0.4237472583507868,0.21958244786949277,0.3776880091716363,0.5499934343993804,0.05967126319657777,-0.17326779344743057,-0.9245807099791065,-1.4233666579525333,-1.76228147263608,-1.4852275824299028,-1.8559758845113785,-1.8336083687111457,-1.5191298594399048,-1.9787865945931746,-1.7799252567060875,-1.605886028911495,-0.8561230809938388,-1.4483848793548015,-1.220436340512897,-1.030954285258164,-0.3415695347100963,-0.15230225899196023,-0.36430576288221145,-0.544576657309965,-0.8265984073473334,-1.0381585664380726,-1.364058510569395,-1.0581535707046918,-0.9798194394019295,-0.839897557903807
-1.3978332556587216,-1.832974446734363,-0.8047085437835817,-0.8971314434961859,-0.6023055386033949,-1.5641491136738965,-1.4359334365835115,-1.304468292882292,-1.701914729296036,-1.4225142110522853,-1.4202287787449095,-1.45392719535374,-1.0847014547218625,-1.4881710508796209,-1.4633434815705115,-0.846232147134179,-0.5847511467584184,0.10245866799527065,0.21906639315233836,0.38921624338638344,-0.06486454390588638,-0.27664669121797547,-0.23968556526167803,-0.04352110780811874,-0.2513305235209689,-0.4941752623475596,-0.7977312071499422,-0.7171648841987707,-0.05125004863060293,-0.17096468568898518,-0.7449023528924802,-1.2093629742067566,-1.0407345125819285,-0.8901860009704876,-0.9780942408707208,-0.6621244629383429,-0.7037934557653608,-1.1695095628779357,-1.5644730262156605,-1.3515491305082878,-0.8824536169603754,-0.5753384304820416,-0.09015092166725813,0.13415559487763712,0.7290277058359244,0.5568542500199944,0.5989681698613646,0.49377317069894344,-0.09507851008397761,-0.3079835434367938
1.2036157522741557,1.3459010021023845,0.9403423848470192,1.0919289429410446,0.9714155097429281,0.8607297699489167,0.7733484345402948,-0.22176450520803873,-0.303557269602105,-0.6088463237545554,-0.5260148419458802,-0.2876303692767937,-0.3703902332501062,-0.048382458259777925,0.3036536670826844,0.4252869647660257,0.66551721290241,-0.09045729583093252,0.5919534781373937,0.8857998370208321,1.074399284183676,1.3433701336403328,1.1143550386693652,0.8247246937414184,0.36248981679076714,0.13318242623012752,0.4620113346442783,0.1252001445089284,0.03213188763206019,0.2522197217502758,0.4935151144041928,0.5116195021167291,-0.11997716706316087,-0.3897255717965122,-0.10033937590523097,0.5349546616464044,0.4880928297915001,0.6749743030120436,0.9084849344399012,0.5819869305946272,0.7274963026125942,0.30380927260068596,0.17719216474917382,0.2603786287019716,0.5208288507834772,0.7443828482785674,0.551207789595492,1.3572928046175983,1.6770751403866,1.7217272729101307
1.384306466341187,1.3343934685962255,1.0062690664478264,1.0239036960106005,0.8819944819945906,0.666979016102123,0.5853242595049086,0.5724846460273859,0.686685763052828,0.6503231806911262,0.3195943056115904,0.5936906800182264,0.675901920338432,0.8618998231885712,1.0652848869515656,1.340364793595719,1.6787240915978459,1.4507144177414386,0.8151553345210996,1.059681976459106,1.371339037281781,2.069020996029316,1.659624789534305,1.086493141864646,1.0541798528731976,0.537426772637198,0.163854405648678,0.05344411259072732,-0.1449661560770114,-0.09198238957865894,-0.06594910366158022,0.3571501362184696,-0.40386868241301543,-0.47276443438410004,0.2768388396380813,0.04761047187358916,0.26771367737432916,-0.1929682974987309,-0.11510026171287294,0.3668748947763848,0.6180877589203846,-0.2323689776466279,0.029279379105155594,0.3865937808845053,0.013924153934861265,0.24437308969452506,0.18419871803178556,0.13166642944396909,-0.17804743899982511,0.80545196911843
-2.338455975952425,-2.2997500335336616,-2.01053730322026,-1.6266225317903462,-1.0222669718895117,-0.13626400774022177,0.190695518796629,0.5607379979488705,0.18605245659566805,0.023977836296614187,-0.15115488425655502,-0.16638082954329542,-0.2882788729125971,-1.130025674760533,-1.583732644600733,-1.0391948167584546,-0.4586644819964209,-0.6238901985734772,-1.490540441580739,-0.5153790512927657,-1.1730409426805035,-0.40094954465022287,-0.7069583711932697,-0.4979342179535309,-0.5289025587132101,-0.3336865281785082,-0.6009856199445484,-0.5027385142013435,-0.684460719372454,-0.4433659673075342,0.06709989084413003,-0.4484775074155737,-0.7991382882664237,-0.9131781779524124,-0.2818321715057058,0.0885157310628817,-0.13318172538823558,0.31807203561381614,0.3589154052766558,0.6924023986858302,1.273442218356044,1.5445906528423958,0.5864536785302338,0.2932435697336776,0.43463379695839616,0.30657675816874813,0.27321193494373214,0.08607900099378017,0.3435377761182175,0.06739184227815437
1.1320731327748141,1.2297132149714267,1.0612414312807812,1.305373479612276,1.5124132885373083,0.8808375790885086,0.4469178917031649,0.14305623346279647,0.9061632350827901,1.1889836832102447,0.9603489594887011,1.7984490416270953,2.147202850620118,2.1718458346004987,2.407064898104752,2.9275297379942637,2.4382088358592116,2.6326183122557496,2.425703528158859,2.3949721790034664,2.3234614226868935,2.2688107560503226,1.7997946800720848,1.610339292765777,1.4990584525917638,1.01178092883586,1.4807385513079154,0.9375026769573626,1.2783950894509233,1.1768297957249851,1.1401445768441083,1.1136540741724619,1.7332580218850084,1.9169069264297656,1.33067886620958,0.7897013766672388,0.32720880535701274,0.25984491840711094,-0.012464571681525502,-0.9054820648894714,-1.393685400745894,-1.3900002001816218,-1.2821587288443665,-1.6362741862369585,-1.5269121760412723,-1.08855063146572,-0.6059296779614711,-1.6322025175183006,-1.484196796745,-1.2401394312638592
0.9738067977471802,0.7270842455625162,0.930168303566807,0.165193045319789,-0.3066006769876809,-0.5578812786530116,-0.05743616562683206,-0.10151343831301235,0.7077057860858905,0.921502816914374,1.264650771951625,2.007777911178432,1.504274830510541,1.772289533651489,1.954540528039008,1.7618176585686751,1.5896716136381075,1.4335476333521204,1.185915596070287,1.1001394615118296,0.9470747419391353,0.9274603159656162,0.6390035874304775,1.035664598450198,0.6790742927109187,0.7021511125001185,0.849321767348057,1.2577508436093428,1.3750997719018099,1.4061057819193377,1.0709133270103652,1.0082312014742771,0.7369401856521702,1.123745360179419,1.3077047619821156,1.3902851083674366,1.086423196745395,1.231643601080868,1.6483020293467932,1.2980299972832725,1.7692957412636605,1.8914581523927176,1.8582148672408518,2.0999293869636717,2.075937190877132,2.280234811898177,1.9628662787649067,0.9501659229940621,1.217888605198383,1.5361028906859973
0.2762975406152111,-0.0038784918285701287,-0.30747825735707895,-0.7160715063227098,-0.932020535370836,-0.27014745847102056,-0.17023843165860528,-0.10115730785940938,-0.8716259468408127,-0.9588023292969163,-0.9197419757408563,-0.7243862319987763,-0.4661601825172546,-0.5210357146013027,-0.05478222972804859,-0.22630847367476248,-0.2261012357360538,0.5165979073386102,0.4948903944590156,0.13944295496142453,0.022947051963448824,0.5018717417939803,0.6939328311150524,0.7521310037016042,0.25393891558338505,1.0329475458070068,0.6559052692427357,0.7361332618199584,0.5055322877598579,1.0326792205341075,1.2311158411162915,1.4681736609857414,1.688548495940345,2.414432405369592,2.576202266052819,2.274113805497581,2.21031867588527,1.8509672258811758,1.7888646942230204,1.362044917352375,0.9570217057598672,0.8981275399078393,0.8394118407374696,0.49295421205893347,1.0200452512082483,0.8218763098757027,0.6043619099523017,0.6041373941164297,0.2808566533018065,0.020897722872225796
-0.38457903678057936,-0.997317064854752,-1.2197751780011352,-1.5797672989707838,-1.1093366334480803,-1.2509142182554365,-1.4904370305430064,-1.494967862059478,-1.3803163928812452,-2.017571531284991,-2.035522572083853,-1.797930453219653,-1.5832219418159423,-0.8787703021719501,-0.7292410917036218,-0.658081870560619,-1.3584203226971825,-1.154043830458079,-0.5571713645797031,-0.2633284449606016,0.787987718312626,0.5231072294258067,0.3605720672359709,1.042016388485486,1.2106631818765798,0.7984546578664143,0.36760857441027994,0.3501018151768389,0.31979234454958627,0.5286101384900481,0.5543518268492101,1.4351694738138936,1.2393035530965866,1.025377352260837,0.931414125562077,0.32066240742324853,0.12112773917964788,0.04319719804107836,0.4240832902197379,-0.24899579888359713,0.3142310709907956,0.09968168151479062,-0.3793413123220128,-0.5863153224949719,-0.4641686475427835,-0.3571490001215508,-0.6075285073052313,-1.3157318798648932,-1.8241857882552508,-0.8547862364280846
-1.1530089565025894,-1.0758160962321344,-1.5923805610317943,-1.9196655734980848,-1.4748322719450984,-2.151744457220785,-1.8033585313251177,-1.5418785407273532,-1.2704846777311876,-1.214999786297437,-1.6315673092804168,-2.026148258829626,-2.06566050798878,-2.015091952186182,-1.8228001550959003,-1.9721814917029405,-1.794095282445608,-1.672205155933061,-1.7417929402367942,-1.898959059347625,-2.0209217788072293,-1.8841846414685788,-1.7832509142595871,-1.7590748414490553,-1.999936027959459,-1.37036693103146,-1.4306804888418096,-1.3890707402115796,-1.0345971775281324,-0.6408538676010697,-0.6789800224951584,-0.3983995682200641,-0.6925450647780648,-0.6912378375547096,-0.7843874819938578,-0.5852797026737215,-0.6842945027981551,-0.6581673709896311,-0.25511766974889577,-0.2503596165855738,-0.15376825094621807,0.25144868150329747,0.7320614590023357,0.6516082631770918,0.7509684508688613,0.21218238360656821,0.3558019850905745,0.22450928689235242,0.3744601630760514,-0.1400383497764539
-1.1555581778416633,-2.5616152836065726,-2.30140351004589,-2.6308317559472036,-2.5846987278220097,-2.4141214678564262,-2.0468382018313767,-1.7418361651870176,-1.2993941089712515,-1.6070186894672835,-1.20181005602074,-1.4014318505887635,-1.0485199850107711,-0.8659393694636995,-1.1394830597980912,-0.3197189782714262,-0.11724228764913083,-1.215072797090936,-1.3557775894112591,-1.156773729113012,-1.2619700559248308,-0.8473733096755208,-0.5701968464656504,-0.49124239745057435,-0.09156786457589458,0.23164501421506464,0.9391141243082071,0.9394102238965232,0.474555406762932,0.6561763922125827,0.8809813569444717,0.929189813261506,0.5529423740102245,0.44868586529786375,0.90252257333257,0.848953323447768,1.151019256293056,0.9130446164015742,0.5983863280010348,0.8967084576146969,0.7809131438802611,1.4081974971124338,1.4891349353121663,1.733560222408708,1.713894187793338,0.9057077268511889,1.6331303248569013,1.765390253324562,2.0735300606017857,2.0861760262150844
0.7585373031743978,0.7459181762170071,0.7348583244444037,1.0393528746495044,0.5541162723588409,0.4270432131650785,0.003043361210171824,0.04519681266930465,-0.6710834220690625,-0.08512080847531531,-0.0075152167805572784,-0.5603878671705624,0.4596234038383807,0.46997575267896247,-0.26900765865091636,-0.7634425647608644,-0.2998263316804437,-0.5301202647665093,-0.5295963301441795,-0.38390608916282626,-0.8549829622750404,0.06782778265637744,0.35416083831725154,0.15249625881714424,-0.13519332937162765,0.06128329931109937,0.48946915465907515,0.6582502143607948,0.5060132753684673,0.5972902410361329,0.40351196523782346,-0.04880212029953952,0.6322658589828628,0.533450868677964,0.8558977416474677,0.5426457907774891,1.0541386447848724,0.3709691451818884,0.2966226179437704,0.8816449933718089,0.6094851533916622,1.0082395449345574,0.4062934002602205,1.2035946824850945,0.8276090827830959,2.0260630288753907,1.4018308108952091,1.4651049377320384,1.9194202474381146,1.543318971348721
0.057637273299756896,0.6619401981053277,0.9441831899267317,0.6687806428460712,0.5364154310926809,0.028526589731087706,0.19580559481364185,-0.35136249140288667,0.7085917290672022,0.23575520856215526,0.25960146096102926,0.7893570279712585,1.095416662963631,0.545340837525815,0.8180269610376274,0.46832721415100814,0.47756179077573013,0.3167595882198041,-0.07467448395910367,-0.10052175008046646,-0.25204873410944784,-0.3645812803489183,-0.21597598746757604,-0.4399517003575214,-0.9740285862948345,-1.0424625314459433,-0.8617805467577847,-0.7483370649092642,-0.506078808045721,-0.15906740868226263,-0.2084160112242671,-0.11191224530296068,0.06377470338928154,0.13087559883504335,0.33788837969579916,0.38125034740460984,0.4728978071834948,0.12631888547339887,0.20709420252738406,-0.10983578424803363,0.22545152118551676,0.17302078410017419,0.6398699306600848,0.3989641279966563,0.4910032949682742,-0.26039528639754433,-0.686618305931497,-1.375733334103664,-0.5464424079761816,-0.9341753923469364
-0.47086589144924196,-0.3298121491308762,-0.5882170161112877,-0.7781227459885207,-0.7885556318331866,-1.2285301084323605,-0.8649809409468577,-0.6647999406948149,-1.0887145831404972,-1.8502344997497322,-1.94469274408907,-1.7524947156893458,-1.3793829690922452,-1.1932536983749136,-1.2860295804855435,-1.11082970180672,-1.5895579694861952,-1.6533798608743528,-1.083495806266028,-1.4201658121322196,-1.490569180312528,-1.2907015104385473,-0.8991361414293199,-0.5466087478214945,-0.6838731914805729,-0.5879747645179617,-0.7694967469669534,-0.13871427311568224,-0.41756778350251933,-0.8319644851887822,-0.5438575688158798,-0.7678132617410871,-0.8073084571940101,-0.24021948450400704,-0.33006636386037286,0.34400292503155067,1.3254151800473561,1.1032712409953997,0.7858703567260621,-0.10968612220408958,0.46730624113121577,0.2512360333544887,-0.3767585017403552,-0.7757348269215336,-1.252754174809997,-1.0045095437753595,-0.9223437426391968,-1.7001110964354702,-1.5605987967720434,-1.7032085999131912
1.7711170915384766,1.9383461247079017,2.1347585601171883,2.370441504566634,2.146616618248533,2.139600596349933,2.220676756084825,1.4922452503885693,1.2099860698420908,1.9413306249390867,2.0737566098247577,1.858780362641816,1.5053334351350793,1.873910991884876,1.5245512423383756,1.210575931397135,0.8264946215421201,0.41718396114469125,-0.011070576284194864,0.2245483264410906,-0.15094204218501622,0.23493726410199467,1.2886900552075675,1.8625282366008402,1.5346604486944555,1.2687269336913887,1.5168819190394143,1.823187060677425,2.406800911413071,2.669828875141196,2.235986549681768,1.8045508245380528,0.9730807996939788,1.0350316035589768,0.8098924491081768,1.2903645448013947,0.7217103102726508,0.6806373508214424,0.5818979168525444,0.9387633780584383,1.1485763611585034,0.3187289655704405,0.1847825215579889,-0.08617654849887649,-0.015341273937984916,0.14313193931884022,0.8525175435490192,0.2192445762534481,-0.003648087556349462,-0.1280602338777169
0.5234122916721543,1.2339779896115026,1.21175940525596,1.1323503567724957,1.12921014535753,1.3028378853406735,1.264885274447223,1.8540839028877223,1.1218616240122359,0.6795364626914178,0.9829086073133791,1.430442355233918,0.9782592367585946,0.6022344617511515,0.7211752423976977,0.8770293669346138,1.510990776598472,1.6610623403088682,1.5694594826836967,1.691830586022961,1.396859071464468,0.7498673640819485,1.2467164475497179,1.3179419328590054,1.289851247833395,1.120113864403157,0.8457779387322278,1.3555775398373693,0.7470068293894251,0.9070442832978857,0.9830745479733266,1.1382259273927757,0.9296049985187934,-0.2017481673625434,-0.484962916933857,-0.10934064705385037,-0.4861542404173635,-0.21130445652120278,-0.10498813941368397,-0.3277861488416299,-0.04032063723571681,-0.18159483400009163,0.1556447144970495,0.6246259409997779,0.9121164022759646,1.5207211686293818,0.9666307312959388,1.204277471423394,1.3697483755473234,1.235636047466672
-0.6765890978519323,-0.6187412876834221,-0.4254068827519217,-0.784665343689113,-0.4963290555528994,-0.30149316093149864,-0.3232601601741018,-0.6713512864789989,-0.7178799704942436,-0.9628820283651406,-1.1916030430618507,-0.994689057392052,-0.39803826324119185,-0.12742493261168622,0.36833554861096296,0.1853190856487813,0.9631344000346669,1.012173068146565,0.37229401112270416,0.27997992831424917,0.33982043622386693,0.4883504754513147,0.49811447110151635,1.0917502033783675,1.0958738192613955,0.6616418971859861,0.9242955979502715,1.33160828615727,1.7704291310711997,1.5841210787210749,1.322550559695531,1.2320032899480682,1.5087902221294451,1.750340899730438,1.790222705575658,1.6608073787156088,2.0372992450312997,1.2014286940288286,1.414144106707025,1.2006093168721694,-0.05824932182239809,-0.2728010856503765,-0.5490412250996781,-0.5430197243955379,-0.2816640603209961,-0.48393132949431306,-0.4677700151947708,-0.3351093782091187,-0.017796932566560744,-0.4355279105041563
0.3995049491140935,0.8495988630150565,1.0023351300492955,0.224786854531463,0.753674760108668,0.8150346105904466,0.7034755431597686,0.5574188329718983,0.8651945229312347,0.49480099389035714,1.0660494222865944,0.8535691229873245,0.8660552895199894,1.113135968763543,0.31708778780829916,0.09462663587244179,-0.9331637893346061,-0.9441532077723733,-1.331129830310232,-2.1082696320176937,-1.9114725531273913,-2.352418139745178,-2.0182251286772104,-2.303794010952686,-2.5986344401239547,-2.012850259171525,-2.105019175682564,-1.8831103852302467,-2.2672942662214375,-1.8994313357316408,-1.8357850786543957,-0.848908162669439,-0.655126862566198,-0.6041710998720893,-0.7189080665387639,-0.6835858944351579,-0.3284768378480006,-0.20647213865336497,-0.4585644104795515,-0.22868644718132386,0.07671003672822656,-0.3877878537319766,-0.38072417325278346,-0.3238658928802097,0.48051795143077597,1.0556568661991346,1.4566555831381964,1.1716473894634494,1.6392623520774738,0.7748999079847421
-0.37219276401520324,0.21089873988190164,0.3316137496416394,-0.20384351540842105,-1.087430082968075,-0.8659462957501187,-0.43530105552134685,-0.39518678578481214,0.1882804535367466,0.42766884897835405,0.3484348889751595,-0.2404858041274458,-0.21910589423302887,-0.7091946929397778,-0.9915614132283265,-0.7005382780374061,-0.13841166725081744,-0.5279943434456574,-0.5454245659474918,-0.8226788681196621,-0.5393562388895042,-0.8025053344527815,-0.5987474824511765,-0.4706506110098734,-0.5953261822587536,-0.25235509379032334,-0.2949823676530551,-0.016252920415550445,0.549018075622419,0.22125096326436222,0.6082275255451552,0.06859089863194044,0.5823126308693204,1.3493265924147648,1.1380818352551691,1.3849849137401866,1.1154451043281055,0.13183494031579146,0.2825984426801927,-0.24337835334960595,-0.1077851534363979,-0.15453142459940267,0.30613424112898874,-0.9463534246200321,-0.9519163535781993,-0.591286340938468,-1.056436660972398,-0.16737792513817773,0.07198631438525255,0.17598481966130733
0.1381681319363889,0.36776507242589984,0.34697084764695935,0.1258211193265202,-0.21811672004666185,-1.0865508961661328,-1.284131556319118,-1.3581285997575483,-1.251928817657299,-1.0731386717248472,-0.5905803853796422,-0.25388404010738197,-0.6608326614132127,-0.7701503070281845,-0.6211119992059998,-0.7722597474631803,-0.7909060144570278,-1.0582110943332033,-1.084976675706509,-0.5368392535752076,-0.5651585114277035,-0.7173423582308973,0.019577587819266395,0.16332601622763734,-0.1065216689864841,-0.5447440348780964,-0.24024484517627276,0.314590450306036,0.13051732884821918,0.6344349599187151,-0.21301698644098083,0.2538134844101246,-0.27394262701762345,0.5271861058383762,0.31086579455989277,0.3301173884655797,0.42631550745406216,-0.457585257665434,-0.5876864023756757,-0.4441593168466757,-1.020249658875469,-0.774733719240098,-0.24104387032768432,-0.2631220982078167,-0.6795172905470814,-0.7013128549819475,-0.6320928205677648,-1.005740427693726,-0.1208931211643028,-0.724956873951196
0.8833800962991001,0.2695356032572242,0.12357976588073337,0.35726146605644715,0.024241305432800658,0.07171758627369225,-0.1075071237394333,0.21305277880939152,-0.019140381300429637,0.23864932214094414,-0.39496479532887374,-0.2644564055391125,0.3078716148875328,0.09391922537278928,0.2140198317249027,0.6968870678077382,0.3062735941036574,0.5312032385952669,0.7356074497361231,-0.2340275538537458,-0.23039158546467325,0.39673305995049357,0.9813593452172968,1.4409250713653041,1.2013501026800504,0.5250813049891713,-0.12556068865716008,-0.7796320149789893,-0.5035190137650986,-1.2060595271418237,-1.8554162501133808,-1.5773935756581237,-1.1011206136289216,-1.0828678013931947,-1.0742035211500172,-1.0056953336488164,-1.0837395562804728,-1.2456459256576884,-0.4901911020048444,-0.7971580431528645,-0.49108185380196623,-0.5512799390788296,-1.0962839519105112,-0.5376515307661895,-0.6927622253166641,-0.1892718256567598,-0.5869666672872449,-0.38088798495871384,-0.2770411273278129,0.3099204205854365
-0.2168471987228932,0.3542935731058958,0.6677344629099204,0.23476429703130242,-0.054536023268344655,0.3391082098332897,-0.21354847641324923,0.05359539058718313,-0.2894549921603652,0.4772490079218848,0.687655681731073,0.8262238055000908,0.4169511575322874,0.49021042071218834,1.393864090723757,1.6877765410707817,0.637419337403211,0.9943772112929853,0.583520944835341,-0.016072715075218773,-0.27152195403984203,-0.10121017234863168,-0.021158162084750427,0.3013747091369692,0.7422486095820102,0.1712905464880529,0.7893627822911323,0.885755777205691,1.3488311992874187,0.9576086236364507,0.7316635304329578,0.005965873779381474,-0.09481941960493913,-0.3095550143493709,-0.008689284386805477,0.05649458523599604,0.3006989478238386,1.001682203279434,0.5637762184162342,0.0051710885520262415,-0.30096953295372203,-0.31769406937495,-0.0362641238988534,-0.042392802332107994,0.6864235506602784,0.04699342140592442,-0.04821737332367244,-0.37544557190577876,-0.6632573160566921,-1.2639964394891923
-0.940024232404889,-0.7319880319262139,-0.9520518204604506,-1.4168860968358772,-1.4472479179019213,-0.8479986277278783,-0.38640591356540344,-0.3213094056178172,0.5109333088063718,0.13215122794798026,-0.07650772818648598,0.011887120032251354,-0.20343841897346873,-0.8987520133939896,-0.40291808499140996,-0.7750071841817735,-1.2356657610387785,-0.9264884007342266,-1.3646018473117891,-0.9253937368483242,-1.0164582419911947,-1.1694518959177695,-0.4505988133162459,0.09900132516575136,0.42465443944676506,0.21638581273246107,0.2537247463509857,-0.03936890480451887,-0.1800166821010419,-0.2518029781382345,0.3363777965058692,0.93744042266417,0.5162481982923429,0.24930373906338255,-0.1669205239717902,-0.14005942422110707,-0.6502121870868204,-1.0610103763225844,-0.969769194815394,-1.0596073345032466,-0.657844458348341,-0.43882899107485623,0.02327141002411971,0.5209018806313019,0.42789485298382124,0.13442179057913703,0.8122998614147923,0.709393972282401,0.2834264893621381,0.21556138312700532
-0.05236904930210691,0.048197565885195005,0.05730029296317794,0.6006797543004917,0.4436961258270597,0.7726995006363346,0.8049965745094324,0.9193799201894507,0.9233436909544172,1.1365104964424202,1.271906129133066,1.4793555234649691,1.789443229255869,1.8156246195934047,1.8761246705391381,1.410020105129737,1.5863170923295868,0.8734399662620953,1.5490892153608822,1.641173080722634,0.6176051851092937,0.7333163874623871,0.7311209948537506,-0.47333155358088114,-0.8544498718162099,-0.31434323767635725,-0.43264324863900666,-0.7315828179321026,-1.185100508309563,-0.5001765716949491,-0.5867982448160167,-0.9790043592342591,-0.39304386310618744,-0.38262803704150833,-0.20813976712361992,-0.18783000338307745,0.11369198641390531,0.4625918572911882,1.1218290571865353,1.4799116536706982,1.2729797233017186,1.1653022511330395,0.38101443850819544,-0.678996414356585,-1.1713036624884645,-1.5789888052253165,-1.767880811888339,-1.3733269788477178,-1.181394163848638,-1.3656735406510538
0.05471600680841235,-0.18675776472090624,-1.03612146175865,-1.0994109306965807,-0.9812580508307407,-0.060754932869566965,-0.31040173227854917,-0.25858674981575,0.5102048469516337,0.7244547670157786,0.6699529882862982,-0.03377437111476077,-1.1419418470016451,-0.6002343774915929,0.31367988691668064,-0.32163119307487914,-0.4364267192027646,-0.5373991069681493,-1.0470763365802624,-1.5509768889269928,-0.920354014389931,-1.306324980838973,-1.1380669319766588,-0.8487473486657081,-0.963601978835143,-0.9863816690008921,-1.0373581599830406,-0.46245499090050995,-0.19343084076992764,-1.0786845141923702,-0.931329815438924,-0.518560952327069,-0.683634745277812,-1.2234339279692004,-1.2541670717104119,-1.1874227851867294,-1.4575809215109592,-0.6140610752207347,-0.9532760750253809,-1.0590867248858735,-1.4422501274197703,-0.914306802187812,-1.1338643884218145,-1.3189477851053535,-1.4326254114579993,-1.2815541814574911,-0.5842164475392022,-0.6674821888993002,-0.7805560230397461,-0.20948618888127557
0.21526706915575464,1.186467023761622,1.1805113724575065,1.6961901011133622,1.4873954293556464,1.6103090995200466,1.8076035122919252,1.820753359081385,1.4577923324759567,1.207168041107838,1.4795985425285776,1.4152303215404927,1.2307679301804944,1.075698768767325,0.7401258524513038,0.5688407127537704,-0.006793416925030691,0.19157534830332282,0.5985712378389024,0.004432518648092066,0.2500247584964224,0.35114987738946224,-0.43578915320553085,-0.5788982633866977,-0.3637498488089511,0.12239258289114507,0.3625014555575899,0.9701451951398027,1.3043291821328904,0.5988406671945573,0.7117008917324156,0.6210785979094501,0.4415014900898098,0.04629295253713093,1.0864883312702702,0.797185925577702,0.928581065910222,0.9597617202445005,0.3348792144899991,0.18862947611280412,-0.5841344243353667,-0.6866824476516186,-1.6398752047891632,-1.1587288151090513,-1.161755381753774,-2.214872126091387,-2.255755507708516,-2.285201464506054,-2.2331007156170126,-1.9341513299752584
-0.4711822453025345,-0.6977696940952249,-0.09508607234120584,0.018098425121819545,0.2915493508124714,0.23731475949550138,0.3060671212261984,0.39958277113786445,0.38312488244988757,0.4870884629948064,0.004068987735656025,0.11927769256204239,0.2733661631190743,0.5656498464679879,0.4171317382134781,0.5893923575140559,1.1719402935664587,1.8762850961688087,1.5568380970439584,1.1365734788271182,1.6526209743892524,2.024581196972189,1.916090818050491,1.42358192300223,1.3236387568655503,1.013143241480849,1.2671631048735017,1.610838549747805,1.9653840632880277,1.500841779937763,1.0535515610047566,1.1116721296004053,1.2122382706088068,0.8523147059893131,0.40801686938453063,0.25181801604783344,-0.20318783832266296,-0.5825721230110514,-0.7819557093718242,-1.2642669794068488,-1.0490520695603474,-1.007126806070412,-0.8439951547867399,-1.2456730428737437,-0.9333411798247027,-0.44282793612510557,-0.6307240977343335,-0.828469488641026,-0.3723329397168425,0.05248539310561113
0.3190031067782943,-0.23365138723011442,-0.657406756025181,-0.9699670165462544,-1.7952646111360877,-1.2219094903859655,-1.360387549021726,-1.4170975107319106,-0.8945672843729521,-1.0572484374520648,-0.62997059916455,-0.4796092909152846,-0.09545654168682804,0.33378871941323496,-0.119821612512287,0.03088121420988069,-0.41073942248398515,-0.5008882418534909,-0.2693912329478292,0.1495112041989056,-0.038950064277324795,-0.10952405496648211,-0.1917132082046221,-0.135577386438982,0.008057338237061628,-0.11208928286075395,0.3044062966781863,0.0795536584779232,-0.3187004449988717,-0.4122414474481453,-0.06763509665637889,-0.4379508315847393,-0.20241676905134867,-0.09997624443129934,-0.38457209299403566,-0.36816007728441685,-0.2613771344512166,-0.8217133364681187,-0.6900425272691296,-0.3083417964676862,0.028331747258554835,0.5520123678117294,0.4639243445711078,0.5909811137914368,1.1958785188957792,0.6060088996078186,0.04667310463488153,-0.3207241026466783,-0.6236887752620891,-0.205963136881867
-0.42958274889064463,-1.0209857156977693,-1.5226797727878238,-1.4711885294161402,-1.2242186664634616,-1.4017830287581028,-0.6953645279555158,-0.699461430926464,-0.7820041533324856,-1.3581901425057124,-1.7415337616947184,-1.7662800870336424,-1.6301757659245744,-0.8578295971725932,-0.9221289250427698,-1.2120274245116907,-1.2212493384655305,-0.7678601269388095,-1.3436018092752138,-1.2199905254187986,-0.8923157901117573,-1.1198906479688557,-1.288527272980658,-1.2279161042676456,-0.899717882456505,-1.084777666404144,-0.8941252816306321,-1.5724299698566304,-2.00545866053741,-1.8484977865924574,-0.8186252942569738,-0.5178766305163942,-0.36476344603034105,-1.2987257760750321,-0.043095920522023115,0.49461790183934035,0.6693609921126279,0.507254680612117,0.8283809742309248,0.18857840233355064,-0.39416130542152444,-0.28511195917804005,0.3289163677320678,0.7985145460981088,1.5403184997286141,1.5965576664610792,0.5681998939125545,0.8110644695027882,1.0697110325760115,1.2858476545583875
-1.7066431751111923,-1.7516257854829296,-1.4673281529627458,-1.0384813638575603,-0.47334493878201256,-0.5505327487331744,-0.27472190366656696,-0.032603189469292485,0.23111401573249868,0.7207766054857107,1.1994507098417784,0.4256410936864769,0.20217239353562258,0.5161967567603708,0.7194083984280897,0.12007946136460246,0.0071355855976758045,0.26967448756386947,0.47358853640190657,0.455058698517508,1.0648312318439828,1.0053100167259845,1.0011556180031684,0.5147110764474635,0.46134568182661817,0.8476839592718589,1.0215853886776658,0.8581596935373039,1.194274763672679,0.8220877799679173,0.6796128320965041,0.963169247377495,1.1849543840933197,0.9865519496831291,0.7671987461646621,1.1310823209493301,0.8208287253638935,0.08270141588903102,0.17148146670253703,0.13931855207026206,-0.37315826857596346,-0.6051958112451709,-0.8894267703289901,-0.17806661369675264,-0.013676374776588767,-0.33864171759874323,0.06416101926605595,0.4893882973317273,0.7342989843888674,0.6407545494544055
1.857763060957848,2.243418879705719,2.1471743381944672,2.0683891202039253,2.012700884941646,2.1027055016811786,1.6594008159404858,1.5081884944409254,1.4567879314497063,1.7703667669874177,2.1190644116655504,2.2400017785312287,2.846669043392518,2.5254967772471772,2.327568960845558,1.8110109436100235,1.9890253438689287,0.8855912991457631,0.8692560651256819,1.0484357798002961,0.6076091516641486,0.376058794251839,0.4999059436060735,0.09208922709439532,0.4048083551682181,0.6098787533563397,0.33163550391277175,0.48915460857101745,0.046362499688750634,-0.28939280171251214,0.06852082782984914,0.2004874037452726,0.5604143358686879,0.057658130977373906,0.16469366650812414,0.12380452550931202,0.25545497709157267,0.3176004044364513,0.27671840168909456,0.6581132962220765,0.8447625665296713,0.6517993174587086,0.2981182978495057,0.3537304008001713,0.6197881097413774,0.03401419400829757,0.5284990358054162,-0.018632880255600767,-0.49349583136739156,-1.2236378592059498
-1.0953898381238045,-1.0167033765565532,-1.1645197139195214,-0.8578723767695012,-0.7771283458959862,-1.2386376529057939,-1.0899418365132523,-0.05719543459843228,-0.49128539554663403,-0.44954433460330107,-0.7295090294660603,-0.21345740767683413,-0.08244990212600252,0.5321320855844262,0.7030382027738423,0.570933211065552,1.0590543369347467,1.3495634660870302,1.648054474285097,0.9949812750047985,1.3192833919029643,0.8504021810793573,0.6694655545562886,0.8721913386377944,0.08138544924908339,0.6096579285254523,0.8204595290007085,0.7273764942755233,0.5660417428332578,0.27495193573125853,0.4410732012272474,1.0850184037855888,1.122747929725038,0.6413228110951639,0.6983481289705243,0.7172271993386081,0.3005553120606663,0.2481161539145962,0.34146547664800725,0.19860711320900729,-0.3275773513856749,-0.616795516680602,-0.08094082488509173,0.3034169434259687,0.24927606123864235,0.48714763758667967,0.44707011258373563,0.26538240463376,0.5693013595100682,0.26795756360918677
-0.33298005677814424,-0.6298575556402931,-0.7326607936863759,-0.4157384628053522,-0.14314991210492511,-0.32538970162055114,-0.4776855428737651,-0.6547140538335404,-0.2743190842589267,-0.11332609221817647,-0.3739959432118126,0.13368714300846704,-0.20567144945549404,0.14982711235980145,0.9446388686087261,0.7269511944717643,1.0746110672864537,0.7074003190597693,0.9338458789404294,0.21106924621902526,0.7769923055404391,1.0843542279334542,1.4442972781144472,1.8119615688672015,2.2990338572993716,2.6647990350425017,2.031644883917821,1.7773710517873484,1.1576726085576021,0.48679732337583115,0.9374758302895803,0.2355355467676691,-0.18416517645332012,-0.41613309860530506,-0.39019303118867354,-0.850291941438841,-1.0170415727416404,-0.8866990879690053,-0.320744241786418,0.18665639561069577,-0.24922716002385625,-0.395675749899504,-0.16478504959375342,0.010030755078279089,0.2723212475385979,0.1693170957857598,0.17312887532862486,-0.09248878896109812,-0.4485914008539161,0.04507196350627846
-0.7719251090829385,-0.9788602283668358,-0.6234769680171227,-1.0069381012959053,-0.15653958636015708,-0.41567277057547336,-0.6594814706852451,-0.8533937638203778,-1.1016481896663457,-0.5198071997116317,-0.23505765630929024,0.42943728004877735,0.7409762311471462,0.49029981851531756,-0.08697809906364351,0.38349987534487195,0.04166145400962521,0.23748480273617603,-0.001423077557885573,-0.19586663614705255,-0.48017225674766356,0.37055306948875266,0.4409260533194387,0.9754491895455205,1.1767795780616908,0.25729131713128034,0.07221967514644598,0.6393756440055538,0.6855095166747494,0.10604273336885801,0.15540125826593926,0.2719792778135479,0.03518095031870444,0.1395207683709521,0.49668178285667197,-0.7422763349163572,-1.0289174704556237,-0.9237633192628694,-0.747455454744315,-1.4253907707162834,-1.2450366163957165,-1.5508503642834814,-1.8704737150058368,-1.9161921837145377,-1.9719877165495576,-2.2784928326913754,-2.273273463380774,-1.349796331089402,-2.2605675241981418,-1.0448767767401974
0.8850221961573688,1.2093945044581529,0.48487035736068557,0.3715100569372786,0.5059360935824315,0.4341871857795067,-0.5490220500751054,-0.2716597087396203,-0.04851964596147414,0.6138732068998201,0.4139542406183806,0.3665402469429147,0.25073139555871443,1.246527608489063,1.3754701497893123,1.0773100906260038,1.217417250183531,0.8262189394517758,1.2474248753266404,1.6276690831743723,0.6726068803768066,-0.11069799803643174,0.06381052326448777,-0.49640909865821997,-0.6653429857205487,-0.3125703613951585,0.08924024232125506,-0.1696902644266996,0.837928459366764,0.6317017217287477,0.7911211604909495,1.191040479735018,1.299534831052147,1.4533056392511596,1.3580318244366152,1.7134941458926223,1.0927325522455893,1.1758360432556316,0.48266668295183196,0.41270788041763273,0.30230954055697634,0.1736879498297577,-0.17926941187522116,-0.028478917903869392,0.5203934773605196,0.6478331202349094,-0.044024004400963386,0.033859062956639055,-0.27051524183138637,-0.3812935881429004
-0.42893569212114463,-0.7191003350401631,-0.3179142783016693,0.12251233430166256,-0.04018520009789574,-0.03645811418507228,-0.06510300117377095,0.2219360973164379,0.6103139067140093,0.5735198493997106,0.8740508380569787,0.6082794516815877,0.7295894745456888,0.8708807466628053,0.5417707100679408,0.026768301599112337,-0.36303986190341675,0.08109426051408251,0.729357326218862,0.7430380502754907,0.369899772686262,0.5340444139499235,0.8088943832052098,0.7015280922724362,0.7496697895092319,1.0422369150917343,0.723050051353884,0.4916187088313901,0.7503117765019917,0.5444852116615858,0.3708204799157357,0.553406150011969,0.5094961852493615,0.3453689349494029,0.5296264815282066,0.9241323457985651,0.7273117960759261,1.419471472484544,1.1407115092179296,1.1138970326972053,1.3241345106760822,0.6302924563569506,0.03562093979877099,-0.25094461847651295,0.3937102070262054,-0.3941610265581612,-0.2135496971346935,0.013393580234477622,-0.5175523166558949,-0.24805200238086336
1.1924676341697495,1.0212443144985355,0.6054818701124729,-0.1683306777052135,0.07632453242215334,0.8216932761241749,1.5555692968864587,1.0856476529907741,1.5576705527691868,1.2549131532444366,0.8534273622032951,0.6962122841252254,0.5540443811204078,0.847260049724325,0.4256151264480438,1.4023497556154347,1.3114569051522595,1.4436974533557925,1.7014207003683273,1.3345306926819156,1.9233527463490618,2.0221492429601162,1.9572385041704077,1.6497311959312457,1.8201719359635686,1.4044289880367777,1.1990525274941835,1.2667808005642012,1.5589018264699954,1.7240857642680019,1.4409113186051152,1.4956663251558957,1.237716395947189,1.5099377700367733,1.1299348598983465,1.406815990355849,1.01138090338895,0.6233879519682549,0.2512590545851688,0.1511782334075092,-0.054425330457684724,-0.24286904814115529,-0.008283662772138822,-0.8193623262745993,-1.2932665275992514,-0.987512044308353,-0.32809750736900156,-0.36428722383515777,-0.6713976708245984,-0.4735100877097561
-0.6173353712089822,-0.7530078269337785,-0.6289383235030107,-1.029439956280777,-0.4047228169098121,-0.7751830933271846,-0.5688424517827791,-0.9342551468807908,-0.3578046253549977,-0.823868303242137,-0.8482078826089576,-0.6970249632993933,-0.8213469616163759,-0.5876834787195048,-0.680595532922147,-0.5789047414039232,0.30433346895253427,-0.3537631254754235,-0.33889051002357096,-0.5406438667149379,-0.02296425663625241,-0.009352621599124563,0.9536073315285749,0.6188974658908784,0.039793703925801886,0.3790122821690835,-0.06271290836575791,0.7920377763909018,0.08653299774930923,0.5423817039415423,0.48027433851745205,0.6471806013113465,0.05667502340622935,0.030875926492077564,-0.5018647785267191,-0.3653011424149408,-0.09283733804708288,0.24646850306003132,0.4485131353243074,0.5745166710943439,0.26269529403725494,0.9601642413872347,0.780610289743959,0.9733410479589631,1.3755377793973136,1.0476503981117513,1.1473566763968894,1.2151529633002938,1.019487936588369,0.4124670118123276
0.8169797323127015,0.7366443568232153,0.5503381844905588,0.1534860365942784,0.2469613471590709,0.6651622990828511,0.8897111665218348,1.3520992825816291,0.4217230991738127,0.31674302578134994,0.7502016272790873,0.9030927376908578,0.7048914669431618,0.9070347692884724,0.7158330421625122,1.4106832018186286,1.1491889107709148,0.7293694764790728,0.11493433479426671,-0.43910353895569326,-0.9277430546884892,-1.23395016543063,-0.6365641106094828,-0.6826403788615353,-0.47069668992366714,-0.9029135798913142,-0.03432717798390561,0.010361491961816667,-0.5642735149790351,-0.8376976244870273,-0.038213736886470444,-0.5495235072018888,-1.2335242177396257,-1.6803944537875615,-2.429964539371027,-1.860650462998361,-1.2120196218759127,-0.8336913675808094,-1.028899318101379,-0.5574496090226142,-0.5991544935345149,-0.08476871149274831,0.7018760411508411,0.33602650158006964,0.266342875340279,0.15162718524236676,0.08473542319408814,0.24885029494514338,-0.608051276294387,-0.26343212241900593
-0.47219183017660277,-0.8862691941932334,-0.67054925199262,-1.1690903285848002,-0.9107280955151327,-0.9161121087977064,-0.8037924302169989,-0.9777997537960462,-0.7901041925390508,-0.9225390218012539,-1.1306129770521758,-1.4510162105425444,-1.0286213456585245,-1.0810136956211291,-0.8810866368510033,-0.6467901758913536,-0.5304043311460938,0.1477263652030521,0.9320271466394996,0.12569481553948061,-0.6766899715006942,-0.10493655153058071,-0.11955562241517229,-0.382611055711439,-0.6428173742309606,-1.0732293122550538,-1.1469409221971756,-1.6545595788009477,-0.8723567491623921,-1.3197301920907618,-1.0315256460212465,-0.9520803143260141,-1.3997903035778778,-1.2175017534501993,-0.8261487952334384,-0.2911299965149348,-0.5718558347869847,-0.6301700818223442,-0.6981217878556751,-0.2769876386983199,-0.41274598114515343,-0.45668415033118587,-0.6612387648274669,-0.8725607477833115,-0.611212185903318,-0.519465253953002,-0.33568672857540266,0.3286587605898985,0.7349688528434691,0.12168443810943796
0.3768717447621419,1.0497636068486447,0.9209649683944904,1.3023705079017405,1.1955227765168384,1.1257070964067633,1.735004281387193,1.3771396543888368,2.4221008996396924,2.3866053689157587,2.0301086294444626,1.3968884587459942,1.4492635365423236,0.7510295262126072,0.7370464811545175,1.191271716636271,1.0626977903737773,0.5689209887710643,0.17431037868755006,-0.030261587329696648,-0.19870094897670093,-0.6804441684212917,-0.8394376528914864,-0.9792028258113294,-0.7193783586883096,-0.5656154323745195,-0.2934580025245877,0.0893766901347753,-0.2603216721646903,0.09365981865144377,-0.12790327340579105,0.1831900906267585,0.21650141272470136,0.17847050204397868,0.6236859900131514,0.48729791017753016,0.03748780636771048,-0.05592409963975448,0.0223231650388704,-0.7013344289797626,-0.7085701398813121,-0.9461188710198392,-0.9082407436381559,-0.32598343550007164,-0.4585223998784505,-0.5896609381345121,-0.45321591177876486,-0.1748524022963693,0.29988545255090626,-0.45537587818602904
0.2527063777209319,0.9664266266160775,0.9244767548738078,0.7685145206394862,0.7153827374534342,0.13992923099989513,0.1537018385778253,0.2562827192169302,1.0807516922049862,1.6078891142223923,1.427422469718622,1.2928781213260998,1.61878049257528,1.7630903710891979,1.0636684991094887,1.5252564849280246,1.8846187410694424,2.5854738207860297,1.8901485104016014,1.8365592029195237,1.9872189141678451,1.9484956225212566,1.6151718269123543,2.1669293337538758,1.7866384067326468,1.4782386548599842,1.088532546142277,1.2887908727510844,1.3301005670518882,0.4954117777070088,0.46276055357093693,0.5485145040130658,0.633959863019346,0.5789444065284978,0.4650354465590329,0.945458617553457,1.2914919973297254,1.156706365395692,0.891328970688091,0.9920638752287053,1.2308985253603448,1.6978491766192945,1.972087246912448,1.634529174277976,1.7677672148521082,1.3912743925280056,1.4979344589927104,1.415966120764581,1.5833594041287724,1.2551869400945928
0.7380793518084439,-0.09399039110594885,-0.14196906515743768,-0.4793412468342096,-0.5259422490773465,-0.3119964329405419,-0.15383620878330367,-0.96758629229956,-1.4419218584613829,-0.8137928208478405,-0.4647692514784365,-0.8637560509308546,-1.2692257316262578,-0.6667475499309079,-0.815381405231447,-0.34445224448606276,-0.9465334050876333,-1.190350629218769,-1.5902835599646326,-0.8355528751820649,-1.0568853879850355,-1.0959042134015042,-0.20067913823947678,-0.5020632149591562,-0.6670636007765861,-0.5950892038796658,-1.2369616972147406,-1.1386654219496695,-0.8681399021649923,-0.02713739038294553,-0.006808383278083101,-0.22656344112094867,-0.4081707303573868,-0.1543843201629139,0.04678392904681667,0.4684043537548837,0.8542691287195107,0.9059687584961621,0.8183576794351124,0.5262690609980868,0.4861900543290614,0.6994534463755298,0.751336362790525,0.6844794879523074,0.6357632840965047,1.0427538503759661,0.8700181868566254,0.903429868382183,0.07200315298347189,-0.40755534296107904
0.6524597642564588,0.8279270445489483,0.8178747914440073,0.5439514142033449,0.3303527544627275,0.0818629494816323,0.047414658260667306,-0.05957388938675707,-0.5964661765974284,-0.6752638769696616,-0.1983621689273162,-0.10097168379613854,0.49099094500992907,0.01723081182455533,0.3279586236968541,0.18695288264097318,0.8818590781435874,0.642167663297558,1.0983335032731258,1.1681872072560378,1.4913737603682042,1.1696703945569744,0.48115477217210634,0.6705213307033011,0.9988283277744361,0.8668616583081042,0.937937965932672,0.6284551275433796,0.9444272635918088,1.108424110500271,1.2826773133936078,1.1302933736380172,1.3319326490418122,0.7285365795562168,-0.25115746309122744,-0.6634431825270847,-0.9476530585919063,-1.4156469893222876,-0.9511086288221687,-0.025715883410719724,-0.44882590591646826,0.07011380715658544,-0.2444853994469881,-0.08796912364510893,-0.6033557356128196,-0.5723467339756384,-0.6249755859153249,-0.5683273543800051,-0.6502615552283202,0.1025006398525645
1.3401342180754698,1.7494607956923987,2.0203513531189943,1.9327846929489028,2.142507304816349,2.334393367133198,2.309914623418381,2.2064626406725125,1.658215286408582,1.531303185106491,1.524076910195009,1.6880080523229137,1.6606312962616485,1.4300501629829698,1.350289178405318,1.231983408400507,1.0135891433225226,0.3088960356567139,-0.1460136034049625,-0.01092840252695653,0.6739946229309906,0.5486978330428648,0.13689413936296457,0.4992467953362801,0.3577570327115618,0.2711236329673546,-0.288757092989477,-0.12042486947077127,-0.08809573581901992,-0.8126424062905642,-0.4265781237505087,-0.3295201532920282,0.2349822342550828,-0.06300696667707142,-0.3044357576106545,0.1680075138208112,0.2571171421673001,0.6465511529361098,0.4342962250765348,0.22848480851618488,0.7998543651102263,0.3188729346885888,0.053971140266802,0.002262999827512968,0.3151951055136216,0.3714529049589073,0.2898455233344172,0.3529819399875454,-0.32695518388585104,-0.00979504212148748
-1.7159694036266906,-1.8619853004861953,-1.746858987558352,-1.9764671130175233,-1.74778397053069,-0.9594863782584208,-1.331959831677087,-2.048768523873622,-2.2929843390542097,-1.9931246276737398,-2.0480547003865817,-1.042755425696838,-0.975927082261319,-0.5021906147434122,-0.9467164749421555,-0.9990373643034668,-0.6758644669160956,-0.7778108407630945,-0.8861883035707774,-0.7171598783538974,-0.645600579919749,-0.31653535397372634,-0.3190671170963087,-0.6454944388726097,-0.8412486671539108,-0.9807288873107577,-1.407920708264462,-0.9070165863933303,-0.8279313583391729,-0.7397590135962093,-0.6657822451827027,-0.5773875386575479,-0.09925698170947234,-0.4895467290178923,-0.34796205371812505,-0.468639875668982,-0.9891116272517924,-0.9807261601913211,-1.1134148750474542,-0.5718518712359391,-1.2765872163972665,-0.8754992501197186,-0.33857798379865756,-0.1942575527261973,-0.37706803597876454,-0.2473688306290481,-0.13332748465928168,-0.03748771653682323,0.12762499178877718,-0.06470594597407085
-0.4063519052604146,-0.3890402808329929,-1.6971533126750833,-1.316271890701058,-1.4579599596084212,-1.3356764240844312,-0.1493687172139619,-0.6266136626806607,-0.6119050090201976,-0.6675836011556368,-0.7216231827358939,-0.6068141811990282,-0.15671108343137918,-0.9806007145515282,-0.8551205190123802,-0.5523930065003211,0.4278892328565727,0.22403478331823332,0.1678957279413712,0.12249455538104881,-0.7285829873224167,-0.24556572498206827,-0.07260993685164416,0.35275537510758237,0.8805073345792913,0.689777910074701,1.0650561970482824,1.2469687027381595,0.9199864044944431,1.2702628316764935,1.3598329995873215,0.9690016194518217,1.343592208567905,1.4060517601276539,1.2612867308611457,1.8426108394535252,2.010025966152472,1.074053037935837,0.4556817691895649,0.505734535606055,0.3835301483261399,0.18717591023191454,-0.8337866834240101,-0.7840659584690302,-0.7468189423961265,-0.5897355400005441,-0.8729324370017559,-0.36356786954149517,-0.9001712134036034,-0.5829022955696407
0.9789334408591617,1.1737830014968373,0.5412430884176425,0.6663034503485483,0.12197948209555572,-0.35864179157205733,-0.642226083309494,-0.8422953650835963,-0.575470962270058,-0.3678899550678712,-1.231202839317306,-1.394437094366849,-0.907340308226807,-0.5199824337235797,-0.3541535847036919,-0.13548185410872032,-0.19492687364770542,-0.23578219498526265,0.08460335844246161,0.6667629851206454,0.7474416220171272,0.25555898689431533,0.4893426579179504,-0.2072079176947448,0.12542807840772902,0.2838846904967457,0.28460337965059135,0.4036018781718058,0.6445803830732703,0.5256401176177501,0.47066367828053374,0.17229503979867158,-0.18139452191315944,0.06174676122278328,0.3762186482561997,0.09497410539760522,0.3682202163322742,1.197891160740069,1.326884895140864,1.1231811632344348,0.8609738526286095,0.7537822351694172,0.7891296864199434,0.5500103367696006,-0.025075216076879406,0.037574274620032995,0.1007893355258428,-0.06834010952120471,-0.050871966660782655,-0.016405968977395578
0.907424722736971,1.196884116308941,0.9766643976712215,0.9857604360108828,1.072456078971456,1.5444378125926714,1.63523332351877,0.9959302229353181,1.1569822418668778,1.1905980823140625,1.4272773077196867,1.174023548657779,1.4671341924202275,1.3354617653978889,1.3759782974463108,0.7160592546513715,0.6465489835458271,0.8314643575482292,0.6554802058758551,0.8580239707336321,0.8806960310253751,0.9857352815720937,1.282771179425618,1.6179634413556803,1.4756886369309377,2.1063752011604304,2.0423952054124666,1.0064813356650943,0.4520139403706116,0.7625218966469028,0.8582815523902881,0.17246256568854934,-0.016732252921339043,0.29283253688765665,-0.26891505452003184,-0.3724661226102272,-0.4328370830931979,0.12098906744942896,-0.05968889881835155,-0.4184781994556297,-0.4354927851015141,-0.5325538703165021,-0.3378711265151215,-0.3845143403585801,-0.5110906543820916,-0.6733935201660678,-1.1341471867147823,-1.6041056653019514,-0.6480609629405673,-0.3630650708982514
-0.6850030596900364,-0.577385590450076,-0.20654696840031056,-0.15274849123307468,-0.07614539067756011,-0.4981601439760637,-0.07349329298140954,-0.757511973448631,-0.6785994630984227,-0.6744432740568079,-0.2428063261115709,-0.5600216063775958,-0.9228615274525981,-0.6700412760586156,0.09904019327376733,-0.5929735029177892,-0.15029837303375151,0.28047024428689504,-0.5984165478739671,-0.48760889302350635,-0.3940278338798397,-0.9248748482111337,-0.8014844683748528,-0.4923730559964275,-1.0329701066828565,-1.7579936023802618,-1.8694665023095494,-1.3078705660969459,-1.808028580267707,-1.5960594978046583,-1.531233881599208,-0.6149582692316756,-0.43053884594911657,-0.09841784033631858,-0.12768424407806495,0.12070472158133426,-1.3100979603120217,-1.1797173256190976,-0.6028309606230473,-0.9941233947125114,-1.0753572190864915,-0.9535337107684272,-1.0309448643005488,-0.6486155007469023,-0.2877414822344473,-0.7353479794473091,-0.3585258713402808,-0.06708446116293419,-0.128282811112372,-0.410859323973728
0.6763742117433184,0.2326369614926683,-0.40922924883918216,-0.6776696490217348,-0.4089024580598194,-0.12953098550314754,0.340847126110475,0.349806431864633,0.6169934426155376,0.6695442647477533,0.7737493065886467,0.2307380391126085,0.6474167761860443,0.1188068414488716,-0.3439739823604173,-0.11750399363940307,-0.24217236673135806,-0.26256965152051587,-0.5547243175721212,-0.7029335177048048,-1.4157336940563676,-1.2460817137679925,-1.4086647871397577,-1.0978511572541205,-1.1174720899754214,-0.9833809945231552,-1.0105105558916763,-0.6977152353769862,-0.727105178875699,-1.144646048389827,-0.8025747901212644,-0.7120924301219438,-0.8654951474455173,-0.9240418219207899,-0.2982493172845843,-0.409417797375187,-0.04940603867061114,0.11858960090107304,-0.37234823875373774,-0.19865352043338413,-0.8401444692810027,-0.4140648590742855,-0.3528651312402984,-0.37457526632296184,0.2918094397642836,0.8259212897741519,0.6363231059200039,1.2416313043036415,1.495494297135253,1.331848968043719
0.44566497925868537,0.22578476587614582,0.13699686740820366,-0.7763210115889747,0.19660725011813845,0.3419918343889741,-0.06251837501038784,-0.37087581768712696,-0.5090058108594181,-0.6043208038512647,-0.6890744619921289,-0.9330193992970799,-0.9548534195507827,-0.4496112554231777,0.08463318471124931,0.2973034907903013,0.11213746354472504,1.0078862768040635,1.3277003025647576,1.8470467887137068,2.316608092860451,2.9117095433269045,2.297091781024758,2.545585807633321,2.8389044839201794,2.8763276599429073,2.7194818313656035,2.3491607993277843,1.9401826448365904,2.294152832925013,2.158594951344961,2.13561075848616,2.3259959229920013,2.1039492610120227,2.7381841394330304,3.1993264655039733,3.3471314319716106,3.070483295955878,3.3994865082192005,3.5616762043849803,3.5816896099388758,2.752645149790806,2.2715993758123116,2.570454387686195,2.7403763376399413,3.134211934530447,2.509457060087585,1.7041693610552844,1.4486941559161592,1.4531469662579213
1.4999400253926047,1.2914563599967925,1.6130273396928194,1.69588146299957,1.2189082475260697,1.4965022921431308,1.340336176206694,0.38295001828985203,0.25249399077838763,0.28584734629978875,0.6844311777039565,0.6406037928451546,0.8788701045170606,0.7226897643101965,0.9513123321509579,1.0795455918467154,1.1928037978667008,0.7251822857105852,0.8539393801732211,0.5051507653812679,-0.337915821743493,0.28300781284194393,-0.2894657295059506,0.25158187753512534,0.5078923658707063,0.37133578673680584,-0.4963404412442354,-0.5770253823040484,-0.2524594254438387,-0.3898002721486726,-0.727367695631124,-0.4818628492176681,-0.34482599449256746,-0.7297315549554353,-0.5030292671667219,-0.8471366557741348,-0.9225045003690977,-0.4788352923100523,-0.10266922819250932,0.45993574458460795,0.15647311835634972,0.20971873495459686,0.17061660520673175,-0.05253721010735877,0.3503195065560066,0.399281206502551,-0.07784851449506629,-0.3195155276944208,0.35812024000767256,0.6670208888901044
-0.9132866930469297,-1.3860106046905087,-0.8093578414073227,-0.6626829235419476,-1.0531570488353723,-0.8194394503705132,-1.3466695438961906,-0.5719792472460556,-0.7245550008910355,-0.2183058185476037,-0.6511678134560528,-1.2433845978352396,-1.3921084151582366,-0.928328957681741,-1.0824229064410154,-1.4016396815630316,-1.6001933850414878,-0.7952744633203351,-0.7770581195853294,-0.8723491128467152,-0.19711535661057059,-0.8925527945852225,0.038514789566860407,-0.14756245612003946,0.028142298823623367,0.2812344160769182,0.9088349720163076,0.7328581526221538,0.5821840294795095,0.4817623777824546,1.384265893748104,0.907230290980847,0.6370761388963125,1.1705566095050737,1.6136657479868355,1.0025871007203389,0.16699533921637985,0.31857565467029036,0.2161197068001662,0.030631464276391535,-0.1093197902224153,-0.6573468242031583,-0.5383059887233751,0.05100289352024928,0.14094334702968572,0.5715658936792791,0.2353846388551025,0.29083144796660604,0.20588316862531034,0.3339200941991928
0.6133524814704793,0.24701091527080463,1.207457905139025,1.1495622507567749,1.148906746739953,1.4445708746777317,0.9787159821937672,1.4386078263856557,2.2894158817859576,1.9429989933077598,1.092220007628706,0.715644009017902,0.5372333994795536,0.5547441639235071,0.3415665944013414,-0.24814535322777223,-0.1486178413585981,-0.1637003603224552,-0.7643915200085908,-0.15642538489006727,0.08327356755973415,0.4135450800987416,-0.21003707036533129,-0.43814194552947117,-0.763371178755475,-0.29711670159630293,-0.13509394110600023,-0.31619014944311497,0.13448644410776892,-0.13239989399388716,0.05262528494969592,-0.5120272930006784,-0.334682619759956,0.01581655827354388,-0.3112402931240716,-1.5749746055981613,-0.5164962776473488,-0.2992269128180385,-0.016414184370899382,0.5142476065577177,0.46662133557341,0.7848021094898661,0.42896299357950995,0.7083691428941568,0.7999042896716462,0.8119445965803579,1.17453186266242,1.2524864547056427,1.1940712908108386,1.3818992914606791
-1.6052455435713624,-1.693555484049959,-1.151088852126685,-1.348231053052429,-1.0922246922852736,-0.6657832001779604,-0.660182819382651,-0.24811888902045043,0.11774744131073724,-0.33133477253125093,-0.6396298912614468,-0.4854239885103345,0.1321670846319956,0.018441298736474262,0.21216889087265792,-0.3844348171932995,-0.3144474981477761,-0.7019795728095332,-1.403390426117707,-0.819666080910808,-0.7873977342820438,-0.7282489659594708,-0.38516802509925213,-0.7190835609066251,-0.8533229996704713,-0.6282218723445265,-0.3822313301772803,-0.5599885092663691,-0.45464223382420216,-0.04110814458473409,-0.38103307003498577,0.14045638143087252,-0.20646559379882531,-0.23704292852395095,-0.4201756237271017,-0.46855450137438553,-0.4742181341279016,0.05996070899749523,0.08208145564041894,-0.07501012122435521,-0.15763030905304798,-0.8677544964170716,0.017716374161890924,-0.057254638499318965,-0.4758122121319527,-0.5154521339728281,-0.3976629605709806,-0.1875056532448644,-0.530570655520151,-0.25623348840943994
-0.8513386059659972,-0.48007151584644814,-0.5787695962710098,-0.4431441339003525,-0.5534882171709485,-0.5042041899764014,-0.7202523667267107,-0.8314624464796693,-1.1671984736872942,-1.7813664727828715,-1.8936998950686124,-1.5505867115145011,-0.993201537990335,-0.5426133732277448,-0.7847580374450395,-0.9129093506737278,-0.892856830731226,-0.6359252330584011,-0.6196473900782045,-0.7174423498646795,-1.0554123342036064,-0.5587560702278588,-0.3999527724700102,-0.4253933923380001,-0.3233473189826746,-0.84071933613463,-1.5530569161508947,-1.150608086128706,-0.9651575701745109,-0.3500459530206187,0.368156503652138,0.14129560861634788,0.12916919383249773,-0.32245106553272096,-0.6234486212449668,-0.9291684938064543,-0.6356428288789496,-0.36233735672593004,-0.7685281318697964,-0.6634939964532321,-0.5547841586252636,-0.36933925196206613,-0.082463811999733,-0.40198499731727455,-0.4618651901783222,-0.37190277204533956,-0.13814003639450437,-0.19752671349764064,0.02669577428682715,-0.0967003123862622
-1.2632874992738097,-1.8704604230979915,-1.7393176392961913,-1.3439266330286324,-0.7058726289646281,-0.9678235105343448,-0.7111226570811287,-0.22712802020238135,-0.08055410560852831,-0.010984908188256329,-0.6443473104936899,-1.1639022335345925,-1.394343320728896,-1.5320702976412355,-1.411119321755975,-0.9004298282702833,-1.0336847190199325,-0.7064492318767515,-0.4621918288095468,-0.8562292835448093,-0.5296883240464157,-1.0459720706354478,-1.2806510097677002,-1.6348703088948282,-1.7048639347576149,-1.6950642993873337,-2.1303478075585445,-1.805612155282614,-2.184834987024241,-1.7798728356939932,-2.473338422681057,-2.5036300321215306,-2.1122307402567215,-1.8870283500089275,-1.9107153562847918,-0.8385563262500176,-0.8484006782827761,-1.2416167475119237,-1.6293025225445608,-2.257827353383707,-2.161304496653417,-2.2288024630712258,-2.588818873267143,-2.0579312895182023,-2.0158329189469635,-2.198030265332537,-1.7175536406177867,-1.050083985707582,-0.8613994282427879,-1.3502931244154934
1.4186218805672874,1.2779997305114417,0.9944931393423859,0.8716112656836817,1.419121162035346,1.404302447216636,0.33487730772712215,0.34576163731476955,0.7864078282690184,0.10462283303080401,-0.11858967978807819,-0.4582180773796751,-0.5464115197823446,-0.8949593363949823,-0.7544204896190755,-0.4922027500854066,-0.3579067214127373,0.3045235819581142,-0.015842908526830665,0.5603050665322402,0.839300135695653,1.0136614606028134,0.5100276373949001,0.7359898975432105,1.0155709862057334,1.5153750905572703,1.1193171311073684,0.5929375584555231,0.8871323699501364,1.042315426132755,0.3130456304528784,-0.08530244051614035,-0.4762296050766032,-0.6887413514982959,-0.3296515554105331,-0.6157044167957585,-0.5167590423709569,-0.41448367266859687,-0.6101399661900867,-0.7437926900169046,-0.13538561595813717,0.13245593947650366,0.4001829270748036,0.10579422373823126,0.045718790208642175,0.35983663030195295,0.055386188301751536,-0.7597224942046673,-0.2302039373951327,-0.5293760815649431
0.48104144654453823,0.1014892884285614,0.049531851564191695,-0.12988200958166266,-0.5388001668365087,0.10338066393696652,0.7458675873608077,1.1474541513511733,1.244727657134724,1.5059498397722213,1.4084330630525028,1.9477154169346793,1.7769419219140892,1.731603316853855,1.5374927026666219,1.1226978057821075,1.007484091745335,1.271250928016139,1.6173142149762145,1.305520021477389,1.2137570833438458,1.002057428563862,-0.07173953692450989,0.06611067544075157,-0.17347605316815592,-0.11427742485373514,0.038270820088818026,-0.32357846388104294,0.29896327654410426,0.4003669856652932,0.7926874834161499,0.6115540962331962,0.50712317532335,0.09637728970636404,-0.060869522362180455,0.43989493551715697,-0.09844839451534032,-0.5691330730703967,-1.0115568580163088,-0.28419443862638566,0.919885624224505,0.5898111662130089,0.43815389840588975,1.2438570319708682,1.2795905984170248,1.100308471511309,0.868861651985245,0.21137311039668086,0.5847103690006563,0.5986926888411421
-0.21526396685023694,-0.1428766367468579,0.5109581878665769,0.5343710742359291,0.6718105380737082,0.08604302605327135,0.2031887799497864,-0.3736362146657719,-0.6045658607781184,-0.3085473690286005,-0.22777565308347,-0.6406756648496675,0.19924488890786782,0.005794453931834326,0.6363131530345217,0.40959855157919384,0.6965692809847168,0.4301668212397771,0.529238455546635,0.490912675624347,0.6747485923281051,0.5187329287788492,0.10786554606788706,0.6423030379835107,0.2752707919358123,0.3723235093991315,-0.07480261116537902,0.7303892128754333,0.6165993079622257,0.6280667549444556,0.557120602210687,0.16591284115450353,0.14760170581495327,0.5342794751984833,0.17609486250600337,-0.1379746761147173,-0.23303644228028902,0.029052960126699296,0.3014970190023249,0.29160921913261273,0.3283790543927308,0.0294936615168423,-0.18276471472424735,-0.5905366095438729,-0.7886897904623588,-0.6273394281666582,-1.0343404730359782,-0.6596245564029027,-0.991761078938754,-1.3716693648240461
0.6641352260658356,-0.05051149327392757,-0.27199646858657095,0.26187310785516177,-0.1747002588967146,-0.6620403404722172,-0.1677494449337835,-0.3898627996821772,-0.6890226576347377,-1.4822872925417974,-1.9419891327368808,-1.0526963489627514,-0.8605506741243933,-0.8171326879121777,-0.2295089715051132,-0.7512338764823646,-0.5055536112546181,-0.2019449916322028,0.18202717869070403,-0.053830747265914365,-0.801705800452587,-1.4087371849418864,-0.7604258304889102,-0.9538171588138113,-1.1383758858392885,-1.2407183168545663,-0.8338518217400467,-0.273346127791475,-0.6008940757027615,0.2943947361342197,0.48181223548222796,0.5062159354305528,0.7086529782185925,0.8038220660118376,0.11263028579705327,-0.1148909661533771,-0.02853011509115178,0.10234338201538166,0.08456892464238892,0.11628862496707464,-0.3509488475693685,0.07272549740313582,-0.2479524685007918,-0.45269666085268145,-0.2908529197953658,-0.16235585313401943,-0.8929554291320996,-0.507751806226719,-1.0990803310066442,-1.0865028999366
0.5251621064756099,-0.09007399787280594,0.38668444815851954,0.659634068552638,0.6833562485113389,0.4808022981932779,0.42794409906861713,0.4608563327798506,0.15435415186884904,0.7848521176409052,1.3282878881260853,1.258032570177057,1.027676910761712,0.9537261511294026,0.9359392948903598,1.0361733747635358,1.3726603654468208,1.3839137903143615,1.458325512388942,1.5310723254029173,1.3400591390158,1.0643672187557602,0.8903981138014185,0.9467364241153698,0.9904005508462919,0.14561479385995518,0.4857851206056669,0.21671100822902903,0.7211383643423864,0.6524910248620303,1.11399310572823,0.879958914994693,1.3618915908088596,1.1949384234150295,1.7816954458932743,1.6649682203365481,1.0125429310357403,0.805791933741547,0.26632084941418677,-0.17251098818315966,-0.3268831003537661,0.030872834028916746,-0.06961541219173076,-0.055528476749815404,-0.27308916512458614,-0.04178852488580864,0.3271746839789071,0.5183597861616068,0.01076437773549375,-0.44666606978353207
-0.45301110876327544,-0.25859460826492653,-0.6521140652401667,-0.5221936550107238,-0.23337290066266175,-0.7173923415676948,-1.0310186988251357,-1.0241397705932398,-0.547568104235858,-1.1416201150913143,-0.7482528030552835,-0.7916806064266241,-0.5395056637168688,-0.36599341182437267,0.2617614057801342,0.9751543698366798,1.183026642990964,1.492584163669323,1.6361719820161804,1.871453474263718,1.3071326529255431,1.5262451162987942,1.4565214765922416,1.2599646933712398,1.7762252178890217,1.50593610961109,0.5882854440836134,0.5253956283704607,0.37025015834057584,0.34740207763349573,0.5219920036530807,1.0538653722438969,0.23833306071615482,0.25308033397228435,-0.4752811751287216,-0.0930520600759597,-0.6959085095553496,-0.42635343300842954,-0.38396551028280695,0.3944138140519811,0.3161382233457889,-0.2939579766962152,-0.09856240226769783,-0.08131790515283292,-0.08454254735896406,0.2788487527500303,-0.3000155689097331,-0.11931524890866473,-0.07594572826633723,-0.28709496726911804
-0.19233175474451486,-0.38116004876051707,-0.9400498485633499,-0.9188341391399425,-1.5827095718005375,-1.3771425837252762,-1.2377745803646478,-1.672178451779958,-1.4292738008364798,-1.5076321858101733,-1.504932962821852,-0.6061111488158165,-0.41952407804421155,0.3820551580377355,0.6018549534853873,0.7615947249977189,0.06498645332939407,-0.0022889354602373306,0.22108499126090692,-0.10282912163481923,-0.029730973679150383,-0.6998425723137055,-0.6435372245532335,-1.175911290538262,-1.1730124853978956,-0.3618954999757137,-0.6037835371650011,-0.572553076187327,-0.6099317371896097,-0.8173820587401281,-0.643679365906011,-0.050837518171933396,-0.9168114256089244,-0.6113569698036735,-0.8032923421213324,-0.7046032181868751,-1.0951813697361559,-0.34114499125509834,-0.2993524070005924,-0.17235877188042997,0.22806019278833267,0.6050285203642927,1.008959135784524,0.6015817311848773,-0.09806839242031296,-0.11352218750048912,0.22289726595473247,-0.0587835689631391,0.4052366212079584,-0.39352578441353575
-0.29797558648450817,-0.0844478558975311,0.17212215784581658,0.13824083893480799,0.6396689229986553,0.8814615251786062,0.7569548558268205,0.4888048930257372,0.43143133906831016,1.0215092533136785,0.907317488579119,0.6221211183123577,0.6755298904923092,0.2234340744887857,0.46075323829250947,0.1769741431077478,-0.7733166694880308,0.2533651547398918,0.19031132888534583,-0.30413348822681846,0.16692030071061698,0.5900226599649387,0.38855752224626755,0.3916576472219101,0.6267772590826335,0.9799610313581508,0.8671095567837225,0.6319841471178691,1.043884790768588,0.6274756603442248,1.0959713793044061,1.6083633961584822,1.1159127760804595,1.4658839297494701,1.2460031356263412,1.3944884328673754,1.0692675132723701,1.0212391595229429,0.6480582310697613,0.09168955578829047,-0.13608433697372227,0.25573964170631575,0.6781550968557641,0.7057091752743561,1.0643696433877465,0.4477258303338436,0.8435836753805908,0.7688344996880938,0.5243967947646273,0.9064480073228777
1.5892438335592944,1.0017139531336208,0.7255781438809387,0.6161280742654249,0.7006269529558729,0.5708672156849508,0.02658515576768199,-0.01572696763274242,-0.2536050862700223,-0.15244064339909186,-0.5496397915790676,0.06149899617097336,0.001051499713108921,0.5070870761934605,0.20093676099302424,-0.1612708456601861,-0.2589150878545895,-0.06977705568160569,-0.469603375295139,0.20065083060270103,-0.2982992626205932,-0.06085948014312014,-0.17731319333823636,-0.07833747392521956,0.2791519579675203,-0.09729393337352771,0.14366803296653424,0.004601837135771601,0.5489729342201187,-0.296379801929701,0.29650783903357814,0.6215352263467118,0.7823827259879236,1.4292021572756302,0.10173276779260745,-0.07542038353569688,-0.12145938539494819,-0.09728417265404761,0.2615349968695592,0.36468031749894836,0.3360326913279117,0.14969606635270474,-0.08302184396595277,-0.7374117492616036,-0.9511624286238807,-0.3386182437161941,0.15146521962507403,0.23860557007847305,-0.015023628298566573,0.5044191312516293
-0.014983679443093713,0.32166999940806695,0.08810830846142609,-0.27506904296132784,-0.22866945713348252,0.07851788220517127,0.6087989633319416,0.7193284007333637,0.5087653372184238,0.8358081517161555,0.6319952169771204,0.03912572270773568,0.17754114366153195,0.3458898960707344,0.5804147321121257,-0.22112845294788291,-0.6178714890454744,-1.0065241962570926,-0.8371489875446658,0.04284248603925205,-0.8074012163531625,-1.0936223062204469,-0.9583733432844989,0.11246263220370777,0.5308678230369758,0.4064869194756494,0.3098431099665084,0.6386577806321112,0.22948938863165763,0.31750427454232083,0.5935897958719261,0.27707605810143154,0.36012180398954036,0.21787770615798574,0.26957451413727407,0.7975875397959794,0.9042442634804867,0.6365513472687391,0.8602584915710187,0.9844069238371733,0.3007638887277142,0.15982537068472988,-0.7284460043953735,-0.6952071900570185,-0.013079313384319188,0.027402905083835954,0.08553685119504259,-0.7044572691479453,-0.4874198865840953,-0.2746644138218627
-0.5052229097799652,-0.7417478883580736,-0.6803782504302177,-1.290753588900003,-0.6806242317699972,-0.0940278879072912,0.4656481258256487,0.4565227578000751,0.7264057860252737,1.3049459828933248,1.222907893109692,1.032339726132946,0.6226035561717336,0.5348180492386662,-0.08822672919092149,-0.33311057685637696,0.1554256670115314,-0.1286039947322124,-0.06819996267969,-0.44780697022774407,-0.09675579566108752,0.3630692247293608,0.1581694716316478,-0.551144365885396,-0.05849041860118124,0.3131522685385697,0.31798204770328214,0.2189109694363004,-0.2280497549518285,-0.10731655910671445,0.18878647040973748,0.2583807188062983,0.3906088117406107,-0.0598141803111866,-0.043179946079019454,-0.3309686641034273,-0.2401353271909965,-0.8355593528329911,-1.1257782580866764,-1.04877106790093,-0.3655166520981974,-0.05204553219285213,-0.12742152790104064,0.5108420720546296,0.36786409316021024,0.35601296847063785,0.29984068391061974,0.10744302968201042,0.15087308574852915,-0.08739948113504584
-0.343822255561476,-1.173481518753849,-0.951282691803955,-0.8113355541295203,-0.5968961637223184,0.23368680250467258,0.030756118887733847,0.1485834612091016,0.05497829545702867,0.9839969587974503,0.8290752523356345,0.9983421800831619,1.2236457469818005,0.9697389427906258,1.4881607000019836,1.1744436729382997,1.037531182283928,0.6129556089625766,0.6997954480018026,1.0014262748966256,1.1675137594551672,1.1635413419254825,1.2420148584173882,0.4010376777994365,0.9310463303308678,0.5715189874485669,0.39342010120878973,0.17146769908430012,-0.41485592865379367,0.7275674072417059,0.3864007114921113,-0.1574340210762885,-0.5362934906032212,-0.7451559673791832,-1.1047970296282748,-1.2863218508466168,-1.2734926458138163,-1.290486344487603,-1.1333465260926303,-1.2983033428593858,-1.163287849596056,-1.5008958880975793,-0.7903518423755047,-0.8520880523195327,-0.7880519068919322,-0.5326442538103695,-0.2965891764024025,-1.1133624440718084,-0.6580363062286496,-1.0979404754996607
1.5942970141656874,2.167613228754193,2.203192134112069,1.3924276744272512,0.961318126700004,0.09698392708292453,-0.45187970359641955,-0.7616644862330598,-0.8304847089268234,-0.0862757736475994,-0.42029712951843357,-0.38199323539259694,-0.4491318709362754,-0.6008793941263398,-0.02514604795244947,-0.7293413338618008,-0.49465737029850104,-1.0457570669882204,-0.5521065368649005,-1.1566424087868816,-1.15402672189592,-0.7861781015349592,-0.4853923522075128,-0.04721697305009541,-0.11254771104797512,-0.18264029544228547,0.006132075396596573,-0.33458243000490295,-0.507727416806285,0.4107441230205026,0.3645629919372599,0.6020956110564873,0.6468552727253382,0.23257483134855547,-0.2962975548405443,0.1409619301025274,-0.034168096759805144,0.2107160577834633,-0.058672593717568694,-0.1295688557282541,-0.17251122725357743,-0.9365301474420019,-1.133651816025826,-1.827916075618697,-1.411976150414186,-0.6860969117333814,0.2495915633453621,-0.22364023368891597,0.6811534729213499,0.49192987582567677
-0.8501908651264535,-0.6672006228907308,-0.9785038571808414,-0.9237415260787851,-0.7483711035619208,-0.901614028476173,-0.378564589410522,-0.2569042797347638,-0.3040036161873322,0.35447444155623553,0.09956330303537082,0.551209136732471,0.8376011998486523,1.4278154754995793,1.3073702299531778,0.8116702096423706,1.3755926229251674,1.1165483960544476,0.0689709923773286,0.125907593723073,-0.048190858471422404,-0.10347699792460359,-0.5177918235380882,-0.7957170541574468,-1.0982175491986599,-0.5682618292210299,-1.063529291321412,-0.7147985657284721,0.12429571379919568,0.307648737206978,0.9398993999532164,0.41675363421249084,0.41178231731569825,0.10169020982435123,-0.4188029621323107,-0.861309632313706,-0.7529640131319603,-0.3717736264305172,-1.044564102489808,-0.5011937133696552,-0.5503469617645994,-1.1703248990565593,-1.2735242862768843,-0.9114047210595719,-1.5477466404950193,-0.4577039979425113,0.23804463421252564,0.34048544002507436,0.03700371143627031,0.14631305780739517
2.4787942318498484,1.9999657572754845,1.842536621375569,0.9994580667824035,1.226313720686855,1.7183016800451905,1.4037565051495127,1.082675848116898,0.8726125626428091,1.3230457333866967,2.134883007904163,1.9311762118202183,2.0962694310208025,1.74320231194934,1.8407590281816966,1.5430415285772807,1.3909208728605147,0.6925364254484155,0.38303330806303454,-0.1824943841306482,-0.38800427188892195,-1.4620662754516203,-0.49621721375219957,-0.287972984819955,-0.5640926083452131,0.49477471348095875,0.5307305225964456,0.03436449287421351,0.22551045226406236,-0.1990725039876989,0.0885034888146127,-0.6099474775485723,-0.7894964443045152,-1.005010745319839,-0.7828402432736685,-0.8707556710889611,-1.3445764801743099,-1.1276732661008493,-0.9924927882016612,-0.6940963961497708,-0.9119950785951659,-0.6997426845710989,-1.5876810927879215,-1.6276300042839562,-1.885045449199388,-2.3001501346099946,-1.9436165900528368,-1.5534200603199864,-2.006641155754103,-1.4817047133955015
1.130089426132032,0.7335993729245714,0.5171520417230238,0.7948418122653294,0.684897195573622,0.7254376535357571,0.47968728746485123,0.15418577674468648,0.15653173299900044,-0.20776864516476876,-0.6802766224947087,-0.6011798292339269,-0.1552856670548908,-0.45330657485333103,-0.13129152844506714,-0.390361815092839,-0.7637602066179243,-1.198043315933421,-0.9372067849739345,-0.7599781827635155,0.05237308064084355,0.5926712704352635,0.20541428578268817,0.23223292572868529,-0.16555213189315277,-0.5586255656357029,-0.5510339094392238,-1.173835923728342,-1.169455998179317,-0.47239576303236824,0.2958064475583955,0.3367655473358493,0.07324284743666475,0.3702627614820233,0.48764635823795865,-0.022420733872783316,-0.23493421303000447,0.013281957487998434,0.21310714230177222,-0.21322009770238662,0.08254727798116666,-0.24888035673389206,0.5819106269319659,0.7238435142283332,0.44167130306440217,-0.2151574617901473,0.18586824280014144,-0.21091806532517035,-0.49141155292881733,0.20147382690105997
1.538957382007888,1.3852957229437113,1.1764893468862219,1.59130050625892,0.8645064510635251,0.6550999107975385,1.3272175443111238,1.12359125915797,0.35383690852171484,0.06416768574702843,1.2072895265101902,1.3896969030711372,1.606912272142339,1.94166075774144,1.5447788896737669,1.5051965238591527,1.255302502899066,1.0214747823247525,1.285287033319703,0.8975383799035248,0.9006379043379368,-0.035784053384150014,0.2926360252126601,0.02193816100569409,0.5334026172259428,0.9844228266014026,0.4977362690017525,0.10104549698512624,0.3392565947687677,0.009878155365421443,0.13930626010482206,-0.21986062115468763,-0.38370463100012053,0.13849159207562559,0.14335250288586754,0.06597217699220408,0.3386426004293667,0.5448251103180674,0.7651372051764492,1.3136638716182802,0.5408910002102345,0.9056013823302479,0.9023904657598473,1.1282151949809713,0.6463402267414183,0.09681708999777987,0.2965183125688089,0.40943574947601985,0.5434639679154246,0.8583322760057612
-0.06292167702934799,0.007399503102441442,-0.22289166694271784,-0.2123572223399356,-0.23853838029090998,-1.0039528165046159,-1.5644448190133897,-2.0549106607066254,-1.7688169805467637,-1.3896405575945423,-1.4201309063772003,-1.3116825754878978,-1.4564969692393142,-1.7779866215420763,-1.64427068753848,-1.9403471030194959,-2.423384140713271,-2.24608183530092,-1.6733243842224275,-1.6133406686712364,-1.0442635242059282,-0.5024050642679714,-0.9464136010521846,-1.1049023013896457,-0.7690297050080404,-0.39307234443911043,-1.003800047951742,-1.222521137704271,-0.7687660866210971,-1.6095034977829992,-1.8829442795350337,-1.5869204449658019,-0.5144622306377722,-0.034889286621755215,0.18218525025642257,-0.04005390151951588,0.4929908182347062,0.4371543094819232,0.36500554498701165,0.22645471774999495,-0.012621573560738498,0.11619732636439548,-0.2365689005865676,-0.3967547345571262,-0.6417165092244358,-0.7074628586627988,-0.494524933102052,-0.2208016724149662,-0.025128536941113947,0.48602015584342617
1.1694810095600796,0.4671473227431798,0.17142142728679907,0.17870909483101657,0.2653037394195339,0.5201258135976675,0.9555933416396044,1.001955418732831,0.9270929887149778,0.9056128652941092,0.9570801118484508,0.3633341589174393,0.7684786377245915,0.2056248470571182,-0.16190075982865867,-0.1008297235220183,0.06450918036826896,0.057833714479319065,-0.03390534039153311,-0.19946995568326592,-0.33093217778627015,-0.2147633342312876,-0.26121710138336973,-0.2641899544048258,0.27308410241322384,0.29490374510678535,0.0391295964157611,0.48598199075182863,0.196699724208894,-0.3450595536427465,-0.14372577589639404,-0.10949078981173782,-0.5879640700354427,-0.15843820151672727,-0.0774271125043239,0.4310079983476874,0.649755554106237,1.4856631390183852,1.9339145362338028,1.7637853725494845,1.6454071695529946,1.946210965386185,1.3506335909923948,0.7607088263166761,0.6602369876003386,0.7022969219528974,0.500950363177504,-0.1392314379220518,-0.5838174328166377,-0.13409789279734027
0.26863174923097377,-0.016043134434331002,0.12200549219318861,-0.4876450425352215,0.16545320538389016,-0.005234047594537597,-0.07402986022060787,-0.3099268728030365,-0.39207652534209114,-1.322744318421884,-1.540107565850021,-0.967211556266169,-0.4112980296301221,-0.15271986193393194,-0.38342356400240096,-0.410562182023982,-0.8353500049096815,-0.8745882046839258,-0.8425955791171347,-1.2333346427961476,-1.2870229137494809,-1.0358522046765033,-1.193276099450782,-1.5790945284985727,-1.7711750516511513,-1.9575240134270284,-1.5241295875409357,-1.727619986113195,-1.885148931285361,-1.3662318316391,-1.7336196819910963,-2.374165653904435,-2.6372559276668937,-2.574684861838,-2.949518260961292,-2.5390891789106584,-1.7105140296640327,-1.9112997083447671,-1.0476578498723819,-1.490926962869278,-1.3625015476100841,-1.1186231580395893,-1.2760366993426024,-0.8858891880195431,-1.0033854811278522,-0.4714702604581289,-0.9806536813900851,-0.4301891337791901,-0.010621249033702313,-0.514578588393924
0.46289299920105664,0.8367144307873725,0.37144644915614083,0.0752406919603725,0.1526414888829955,0.45798731578172625,0.3889687096311063,0.28946769041176473,-0.011990607061690976,-0.024185991494462135,0.19240688429167926,-0.029433465208478664,0.33240812287599947,0.6051058425565662,0.6416740746704496,0.5211979689485208,0.9114647073367298,1.1474396647226803,1.1465114931057916,1.6267494732182943,1.4822131313755225,0.7668257852105708,1.18368807417476,1.0929608623521063,1.1847393508064745,1.0310347120561534,0.5176444646029196,0.8436151504387551,1.2404775190670991,1.5367804257883415,0.836813968046192,1.3305737862190619,0.9756489947682317,0.9629749382400661,0.8660657925754488,0.5875423632068625,0.38412139189878663,0.7131468257262243,0.38451913921866554,0.2627657080559585,0.012483592929538658,-0.7127515399769129,-2.261803066379115,-2.217104192170903,-2.29390636829196,-1.918570000188788,-2.2594857661892607,-2.5971006534041994,-2.5747922659027007,-2.6069176769831635
-1.4819687416370193,-1.6140707004323138,-1.2812471214462793,-0.8950548008370971,-0.8061555542084095,-0.8883294421111886,-0.3005880706357064,-0.10160745123541914,0.3875875204182956,0.3176107508807864,0.9045689717483258,0.7546447083074437,0.9285503561990262,0.6917041437010685,0.3711741392590402,0.6983188470378352,0.4246778671698905,0.5329281104916817,0.9383224289728131,0.36173219619937064,0.7189824438928951,1.172033225725658,0.9687695749385138,1.0631653319133738,1.2186697741811725,1.6307655899188542,1.9986426026838644,2.353950972799284,2.140030847117719,2.1948270670317465,2.09867816624533,1.8296034605631855,1.2490969878133757,0.39703066152599065,0.12761658815306295,-0.6516851459637477,-0.7700199825355668,-0.7763811231678311,-0.39122499975610653,-0.2153654574589735,-0.42519364611681043,-0.8911217337694078,-0.5602336467613981,-0.7143230124285919,-1.0934687584226621,-1.0883170243874536,-1.5512892771383184,-1.3238529400361754,-1.368463667376814,-0.9143085945291893
0.24599055810766823,0.4752214667674934,0.467498826817715,0.1804931751220134,0.8428338147842823,1.4376270946318843,1.0313451572349326,0.31721296118815034,0.11070205278412837,0.4470725404043293,0.7714064566902082,0.9233987562095949,1.2250952789107814,1.119211885879855,1.1114425117691038,0.8213637273479774,0.7878290780650216,0.6650090902858213,0.9543161988090021,1.035713229766321,0.8211214473767636,0.4373384425286464,0.6835788387288997,0.13355251932680479,-0.01713947799332688,-0.3138095592201032,-0.49140515508885657,-0.5540832858379321,-0.09062451505750865,0.09107743713541591,0.3845648322427564,0.3669709616691728,0.41714429069314807,0.34527587874140503,0.5389936449402523,0.7440661249836827,0.5534289351490025,0.534958924160543,-0.005164985965331702,-0.5165699815149435,-1.0998846812771714,-0.7932148858399749,-1.310931893882247,-1.6001493462303953,-1.543607759635622,-1.7979262859086973,-2.6748173140989677,-2.3693234217963486,-1.8953048829715498,-1.3516861397238027
-1.1357664578528077,-1.0945796618996804,-0.34138772383768273,-0.5831892793177497,0.13419881189016428,0.3666056698307184,0.31804315649653425,0.3265842972260736,-0.07587926641554818,-0.17356459383893705,-0.30326999829931195,-0.149482872902574,-0.42525270069122173,-1.3891279263584069,-1.1196851819541893,-1.247353153014777,-1.5721595727120046,-2.0546027992930997,-2.3296411054121426,-2.534584402337821,-2.7799425700706832,-3.3902529816913316,-3.1047210485631402,-3.0237300224243,-3.4828423342143875,-3.2486978913731517,-3.428971511098574,-2.7275285773642413,-1.6863413093978576,-1.7976343581924374,-2.008139949178567,-2.3855080743765105,-2.7562839052745685,-3.1472709099926397,-2.4419625761223,-2.2320329524579687,-1.8665755559031392,-1.9599989538902436,-1.4660732958706229,-1.4418870694236754,-0.6265471782319403,-0.2919810929703973,-0.1906224023458432,-1.4437147168652436,-1.6377946770290945,-2.161744177881197,-2.71203323149272,-2.10629553580828,-2.1893688331010375,-2.4103255984453242
0.5779884413703184,1.0216409441997765,1.456316004351715,0.9166379329487696,1.057524367024657,0.6040041448783835,0.5939596736421374,0.2660010649506331,-0.000522636677984277,0.14235723930464703,0.15943008322478883,-0.6715624518886537,0.15442137653052537,-0.23126310169132558,-0.3587678723548587,-0.28734724362386277,-0.11181875945287875,-0.31285938396833923,-0.45704000536533296,0.5904132436562213,0.7814424075895637,0.2586988018675944,0.09110553825062151,-0.19009592721165303,-0.8995125072967376,-0.8320843133546703,-0.3172423854124692,-0.4267972573807469,-0.24777374030916519,-0.5161491395065962,-1.0925980647576756,-0.7096493099694953,-0.5158846240083514,-0.5539366003214027,-0.7838483620543254,-0.32847029701649977,-0.8769588994145743,-0.11626922375927076,-0.10703436103838664,-0.28054273726927337,-0.7100494905854403,-0.625081029676845,-0.3926133908855623,-0.5037911011208346,-0.4762523193705998,-0.4487800405282723,-0.8209870041570254,-0.2881574221483088,-0.6177113358008909,-1.107446629900221
-0.7076411619086845,-1.0816768828468792,-0.738444067697583,-0.21546874880779704,-0.2731733071327213,-0.10738452998821606,-0.42520036019047514,-0.06018946133636539,0.1932425805062876,0.5448246412468929,0.5816933578349587,0.56585793071964,0.11108330172090768,-0.20712428877036582,0.0800518713972413,0.200782393446469,0.26270802961843515,0.5201987514149058,0.1891187787718437,-0.28344268109238263,-0.43761895614967383,-1.1479409096643916,-0.3806371381023465,-1.1095250072557976,-1.5085957694047698,-0.7987250025223354,-0.5404358023610891,-0.8422058781453506,-0.4008700568962242,-0.164196275645316,-0.042888719534507264,0.7028942331607023,0.46069607601552875,0.8067115391396759,1.4127602857570678,1.370748672450004,1.111075268334951,0.5852749460744762,1.0120881468268954,0.9154362729551881,0.3556173151774811,0.5450670859331235,0.7996919066522982,1.1843133614368295,1.17816052202814,1.3258601604203346,1.3035182668168075,1.6292809902923997,1.6209170002910847,0.6668131722079186
-0.4859967142059637,-0.7790517375927178,-0.3057178496012141,-0.6409669210104144,-0.41870925821024674,-0.5826778289144734,0.06774803732464539,0.19543856092368672,0.21518033231588463,0.2365679558943498,-0.3670493772367949,0.026837942538302195,0.25349140365419304,-0.12847518177229225,-0.31875650787781196,-0.9664241129752049,-1.0533297999848419,-0.504910686448835,-0.00351819539843252,0.8315813591934826,0.3381127798725905,0.7396253377548948,-0.21504592265101874,-0.05848053806915895,0.16073498910875614,-0.6844118048441109,-1.1020449441715159,-1.3231936599081926,-1.1731114267384382,-1.1273138726405245,-1.033653068551188,-0.9962324919654045,-1.7589805809381358,-2.248650315812731,-2.4252027675553913,-2.7665272954380966,-2.1985854172373425,-2.024936166699194,-2.2938303342697015,-2.051017779491173,-1.3753435122726927,-1.065261088949854,-0.9804813178032611,-0.9411764519485878,-1.0642956999167164,-0.6245133845626947,-0.6915358721451221,-0.8567478255461334,-0.5663528540475777,-0.8224339992381471
-1.467101091628719,-1.7156447679810685,-1.27247250531815,-1.1326840093949213,-1.0302259476037456,-1.183365452236653,-0.9022998454753964,-0.8607802287123286,-0.7963492590067667,-0.7423709203754028,-0.061312687748980736,0.3522130857949055,0.1920114985850409,0.06478223225508167,-0.24075092180109392,-0.8927735333930996,-0.6616261831375427,-0.45760704229831994,-0.6161970117799732,-0.07571778509534864,0.1169490658111848,-0.23363588829229912,0.1274953531446251,0.5414635450444906,0.4884754477382881,0.4225461115430281,-0.4980603683641827,0.061069862870459825,-0.1773568736715783,0.5807542198313073,0.13627356916332636,0.47195591973689716,0.692578436945159,0.9933984434121866,0.9987743849960649,0.5052891683688736,0.2683839288586484,0.32102405575732357,0.33158347940738614,-0.03463724956431795,-0.21130117785165872,0.47041375907374344,0.04286781854849679,1.1614274898070158,0.7938709410972995,0.19238579843850223,0.34588111092343826,1.2003581173576705,1.320060017989577,1.2207690228833723
-1.0102589423654258,0.017848054627621877,0.416165596672058,0.4214952190434486,0.23014258265446463,0.1790379367661807,0.4409391371125056,0.5872622096335166,0.27782659517063235,0.7017903880831103,0.674130606219482,0.8146252494105684,1.1363851179003202,1.4381759908448157,0.9131710345384125,0.23728215105848013,0.39694708649735194,0.599862542689312,0.9608605389630723,1.2324601010771843,1.4159109234918104,1.0627533155598796,0.819305467661081,0.6518037620660125,0.27381887542243055,1.360808622891993,1.3992463255050869,1.9203653750268734,1.5215481780254538,1.6614819369981673,2.2035527298367428,1.996790255165497,1.9970639671199344,1.5277483090570132,1.1170440211013366,0.7616777926093031,0.850635003911097,0.5182969730065652,0.3597509571522362,-0.30623238834633315,-0.31433078457258395,-0.12800344780811668,0.8459830977609782,0.3590924631746396,-0.18092195146132165,-0.1358722398671968,0.09969967758687187,0.48804496098226635,0.20191830996187984,1.0453178948527508
1.3604676069298387,1.0383562323100965,0.43625454098255556,0.6300138337383618,0.254641460158999,-0.09916949774556949,0.4723525059930063,0.5661598925685625,0.4430245662983455,0.28932009285180876,-0.33852481050539196,-0.48674506572372767,-0.6350146051776167,-0.7354662218132407,0.002635418609504079,-0.0009025195542788086,0.3419571087711797,0.2985742535355606,0.17434846015424663,0.13968919742646965,0.2134141787213133,-0.05344892489465114,0.040366983176254534,-0.5556705567248961,-0.4789421578495722,-1.358743443686545,-1.5407504206912885,-1.607939304783167,-1.0983684319094615,-1.0249796542795087,-0.8823410842182923,-0.456220212825805,-0.17484997295110283,0.37974536888014215,0.07924804425283688,0.121220701056188,0.06800285109888954,0.5515225687818796,0.524932845659596,0.5638874690104552,0.256758572396897,-0.3557617362269703,-0.8426787774504918,-0.6724402428798594,-0.43866936428649483,-0.17715651092303555,0.17269495368393403,-0.08180928306286153,-0.24262233805362607,-0.5399045921706238
0.20921704362177043,-0.3719766204973886,0.27599313022633243,-0.4560859600628421,0.22511396259784058,-0.051043588607723886,-0.42246251051274053,-0.10335299201808584,0.16513209297448334,0.21645336386340167,0.38064016471353873,0.8641955471971183,0.49988556051396105,0.025320948206540368,-0.5137197882595215,-0.486768569011398,-0.3783777934374755,-0.6776262286956274,-0.9618169818576607,-1.7955593427056267,-2.0711758038354726,-1.7008779396088856,-1.6839856305802416,-1.8964354619997053,-1.6531586963517033,-1.485099039648907,-1.8688605142344112,-2.574312913222606,-2.1278902835938696,-2.001546324466631,-1.976746934972551,-1.344375854296194,-1.247248373762459,-1.7457779798014075,-1.3838309450535815,-1.3687282424529656,-1.614527613704766,-1.1939928055877826,-0.5118269725472973,0.5169407497466669,-0.1532886671366651,-0.4466931260531854,-0.1531233129268311,0.06482132834079973,0.5249704456084032,0.24902973914776166,0.30385009799900037,1.5011063720848483,1.5312930807644964,2.0603773739716322
-0.5192210607223455,-0.6805788303328772,-1.0759181543059544,-0.477830613738806,-0.21025989533037723,0.10960218802308679,-0.49234763405160853,0.032760405359434634,0.4245940939680736,1.3387478865104896,1.3768813052882773,1.8648977404915859,1.3739475340985672,0.4825004641581232,-0.08226515310817885,-0.6613201154137858,-0.7086008885149148,-0.620894520379967,-0.7378567811029648,-1.335005247896277,-1.6992646530544693,-1.9848901249297386,-1.3345752509154007,-1.2835368683155717,-1.1979420715058606,-0.6627844819853645,-0.6380169953927632,-0.37282340816894377,-1.2527823416284223,-1.2973931458542423,-0.6739961441793336,-0.09131035711726429,-0.3148340013966693,-0.5156015296316685,-0.5792658390796926,-0.2965950663148668,-0.4602514669495517,-0.436442243571475,-0.3367860137436561,-0.6801487634061211,-1.2991785693575237,-1.1363455666867919,-1.7634675215699187,-1.2641367427909052,-1.1461041221498391,-1.3891132540246471,-1.3120857733560458,-0.8684810660989867,-0.32897190507883495,0.010035388630035003
1.9456560352442174,2.396908097619517,2.018271412797605,2.4584190147510188,2.307498715623019,2.639145480959495,2.3123907517588687,2.309662300514345,2.0204335750921913,2.3175258609894627,1.830312766004649,1.1445439282748253,0.70146518490789,0.4356470447035402,0.6337288080639991,0.7714230158159425,0.816116473739523,0.8400880606737857,-0.20179997121405072,-0.3491392820335332,-0.4320271454820327,-0.5722996248414238,-0.8177000774640795,-1.123928926244976,-0.9193536447262414,-0.7961006447105389,-0.8066454620166643,-0.5841392217785071,0.09307727414430235,0.3585800243989815,0.7764620453338583,0.10876419370715323,0.6549727217106898,0.22372587567607313,0.8275432924318193,1.1606609506473902,1.4536866107050739,0.9060761052012557,1.069019319027738,1.2200001966870644,0.7919192155775014,0.5718180152491561,-0.46756307081053755,-0.8492829440027244,0.7214606178141905,0.7685639164278814,1.1113841984394361,0.4167878927965565,0.23453582008224466,-0.024268295001461642
0.5804783290385388,0.5419068979054226,0.256435376987984,0.5881010648904418,0.8123126164089857,0.5102606153784478,0.9585737737610543,0.3016991963268923,0.5099330942541694,0.38226807274788827,1.0968849197918114,0.8823919298636704,0.814228743946231,1.6076239017507754,1.6504375663524737,1.7888279586757734,1.9183862431162524,1.9429837426883843,2.2141803669258975,1.3872016717786113,1.5694796530013662,1.7709393054683038,1.67952385669142,1.8419821085895878,1.2517067353618603,0.8008718470880847,0.5336374330956141,-0.37690599799410107,-0.8166296250791539,-0.6556193029821469,0.19825504892348153,0.08050790640284959,0.08514099120268859,-0.3562504115480037,-0.1664109565999402,0.21590167093456028,-0.3583023933762251,-0.1897359763330907,-0.02075892266401886,-0.1981192897953826,1.1679912326684296,1.0236923221228686,1.3744492131263353,0.9036762735826902,0.49381839601162425,0.4601256225171671,-0.1740140179997195,0.1253406019918961,0.3132706501061919,0.2652584044290613
-1.2370276470990489,-1.0641052718338935,-0.6862412899084029,-0.1893790659363085,-0.38980337389224085,-0.26635070062683325,-0.34781896073259483,-1.2576941069404854,-1.312049715351014,-1.4927628286247845,-1.1957816535015515,-1.0689730567204476,-1.1242024130783215,0.0960176995069842,0.6001924834376926,0.30031794277953305,-0.26463150989545836,-0.16497581776509698,-0.5158867710684423,-0.34904847465128624,-0.2505695890198624,-0.3505256040936439,-0.45320193977641565,-1.2148415457077644,-1.3235622902973105,-0.881709291578064,-0.42203021081715403,-0.14841397245259794,-0.9392735253268009,-0.9539757711719512,-0.8643527380365564,-0.8237934104374762,-0.3361470878471296,-0.02164233298454778,0.026515698672484482,-0.8258297706171513,-0.9173316738128977,-0.8264711149530491,-0.6440811851221119,-0.5759807703167784,-0.9189454716713417,-0.7710163053273615,-0.794516566656805,0.020734376762739374,-0.3066728366766119,-0.4604380318968523,-1.0001439594484551,-0.2026360597869159,-0.6641148146309334,-0.22728657603218227
-0.4770168957190363,0.08626368283913866,-0.13820551024340014,-0.16266427776112005,-0.427567382921087,-0.27455895813171194,0.3701920429668028,0.9954496778705173,1.1994369156295959,1.1823093515217966,1.7462424743787155,1.4189158322853292,1.301223217820358,1.231843239794089,0.23534002569608123,0.4596189388154182,0.42419470128156117,-0.22581031285571274,-0.5099744773415954,-0.2983895209415289,0.16800205333980206,0.0022361113067826885,0.01941570773265715,0.6444588184352419,0.6775604952259449,-0.05798489193726997,0.07280135121709355,0.4822672189805152,0.19133018351436404,0.6295247313673816,0.48005725704658403,0.5915093096482305,0.7831569119902696,1.5585582987490507,1.7724347956494715,1.5071129553272369,1.7535210313199447,2.4354999008103797,2.0951361998751286,1.5059004480980622,1.8142511094960294,1.338803154606107,1.336898254371772,1.235771432201048,1.0889999625783238,1.6833638351729243,2.1373053625690486,2.4229307876666115,2.961065918075161,2.840808771655512
0.9317162992710786,0.1565028441894379,-0.30521545396941424,0.4128947586600174,0.5973477935765943,0.05972198912964343,0.49930381944728963,-0.03912351818985813,0.48449270369868774,0.9905078331976069,0.8395334800157882,0.7224357567971706,0.18325990227349628,-0.38263384524250815,0.03080406725881426,-0.5882751467552125,-0.2900433448636707,-0.18834224511791267,-0.00895526998001047,0.3137518939302292,0.6220252838056385,0.42894695643642333,1.0226683330536446,1.060704446548002,0.7279191647640297,0.4234091908848529,-0.2515261739289836,-1.0289016147526395,-0.8779765962931613,-1.213443903530489,-1.8764554893974021,-1.9529410098707491,-1.4009821129820679,-1.3861692865009447,-1.2210971835424644,-1.3598611474072475,-1.683567266548693,-1.412781294148725,-1.7095937710378915,-1.4217535101643943,-1.3646107013776745,-1.542597737764651,-1.7540066154418819,-1.4580531457424242,-1.6977745416620684,-1.870759739024175,-1.4367514736920535,-1.9399690019330156,-1.3557681497383791,-1.0362700120046433
-0.407017416143445,-0.5685035922274614,-1.7493038796771059,-1.6523916424257001,-0.9281864168722522,-1.189972709607267,-1.6701796966636053,-1.5213700980478955,-1.250747585192941,-0.6094883960698477,-0.12005056771349562,-0.2722814180089489,-0.14276037736855313,-0.7058821565091353,-0.7368499104538357,-0.8857758515949452,-1.182664660478789,-1.7338746897151882,-1.4727220113699417,-1.1811789787840106,-0.20630725332115143,-0.740845841702439,-0.45034689004007183,-0.3098804380352127,-0.20580374035810337,-0.5494471891908876,0.06271292011551932,0.5079830076288866,0.47678122929176836,-0.20188326977213497,0.13678032177809116,0.32252987509760245,-0.07818261403785573,0.12874389614163254,-0.7999902875243191,-0.18891806428106775,-0.676505990554073,-0.6220993693655473,-0.5287168708537561,-0.9566670915571485,-0.7710544029595316,-1.1601381204924257,-1.0812953093886095,-1.7732112627912675,-0.9848943890358647,-0.9233059310048195,-0.35198709169742265,-0.15199681197415335,-0.3074845765715465,0.4046503802739672
0.4823409726925938,0.23384965381075457,0.23976215297429437,-0.36645126225158015,0.1873215628361583,0.4359047935808109,0.45115941744348903,0.4681629613986959,0.049103879454960773,-0.1992916814309935,-0.8550497131900708,-0.9654266635682579,0.12892940803380235,0.14041459946608695,0.5072386155817944,0.5435742797010862,0.537838200291805,1.0359956253416085,0.935773406822924,0.6372045683131111,0.2938656857200504,-0.034867226187082746,0.14768912917494043,0.0547445318681954,-0.24096030879060024,0.32585263513893326,-0.6045350855035125,-0.17338756884271705,-0.010478358543187204,0.5001908148065055,0.8776967727043213,0.5390571308354175,1.018947785001872,0.5345188723579511,0.37945376360624133,-0.3423615207726453,-0.46059642674512113,-0.5486370398318988,-0.8661978867017328,-1.1751368801410091,-0.6016251712058185,-0.45327119797636933,0.6580202174261669,0.11361699712806413,0.4270455533629107,0.42545946633629833,0.6778398132158925,0.10600034335387973,0.23443354412721665,0.5244194941603276
-0.38815643823610574,-0.8127801802564245,-1.2628859645971064,-0.5136028678828022,-0.5362407026931243,-0.18878538598631406,0.20585180031778655,0.47860819925843934,0.17370517047351214,-0.13108241439095883,-0.07600037154005171,-0.03253439691727554,-0.40733346648379865,-0.7982020083233081,-1.0323306863524826,-1.1550361302350076,-1.1023668817369785,-1.4274610540596413,-1.5365376198407652,-1.7503320595863507,-2.1957464955221146,-1.8509000541065885,-1.6611138230121396,-1.2807944692289026,-0.6929918932667221,-0.8774140068027306,-0.3200641072676326,-0.4884186661401322,0.012085915594576075,0.252042935921969,0.15675772807750352,0.44915216440870526,0.49386260199885657,-0.45805060004479575,-0.23282290732890232,-0.8933171806023248,-0.542494082919539,0.3092494663308189,0.24977943531060848,-0.17514834465226442,0.4521164731124692,0.0006588358234199987,0.5301601463183053,0.4212289392064112,0.5502397958133738,0.6726230446525423,0.38835978414551225,0.009047792883923472,0.26655780708638765,0.2487048376367836
-1.4700401666409668,-1.315609502016368,-1.2449669979554028,-1.4086045730144747,-1.060157413803372,-0.9674181504075938,-0.5688025049451421,-0.7184216805902655,0.26502592707926975,0.8252904369369817,0.9148692726090074,0.30849903147473684,-0.31547183319144956,-0.2874455613594683,0.668583720022641,0.00416489727526979,-0.0031603125665210442,-0.2244902747812586,0.7459811864052923,1.3919837367180647,1.3568577431436804,0.7477467604840251,0.22996147996051255,-0.1711249035911171,-0.386299402632885,-1.0905332534770928,-0.8942356202358679,-0.7279618198885839,-0.2484548088938086,-0.13402124354094697,0.18640490862772635,0.15886487664902324,0.21647174755883658,0.2784419323952745,-0.32037174518361017,-0.2667380564672793,0.4609871041020234,0.8360621596966384,-0.07577364938826502,-0.02678543791328218,-0.0335661461759218,-0.10649833990306004,-0.03358087832740298,-0.2996580268329465,-0.7152884485679576,-0.32653943844272054,-0.1504760396787049,-0.7326318312526479,-0.684515073678704,-0.5864617759556869
1.23711964702933,0.7027815783380971,1.170458641744773,0.0030243557354223114,-0.03828187325607714,-0.146757068720827,-0.3187442577631257,-0.28383746701239704,-0.32158783214033304,-0.289105297189212,-0.21004536113012992,-0.21835034551060728,-0.08828252865794216,-0.8687995469811511,-1.2681677859886742,-1.083309328654866,-0.6504019583371309,0.13819549529157082,0.42205293600933674,0.9083325468798596,1.133139792435953,1.5137445353575933,0.7135277058158208,0.2840417643980922,0.32052930823393144,0.24997756092181628,-0.21833112919008785,-0.08791552494880073,-0.5638651355315155,-0.15723778903078206,-0.15640720255312862,-0.09504722028584678,0.4529163674620493,0.2498921598873657,-0.2675913006052687,-0.5928079371372786,-0.72481458250088,-0.274975632553443,-0.9800446495211268,-0.911856839661328,-0.6809912766758819,-0.5739720438808468,-0.589144082777488,-0.7755630199440716,-1.2502801046842844,-1.8633843859309347,-1.3910811011593143,-1.259161403649599,-1.9199845949412364,-1.226835850281067
-0.3931462685459628,-0.6585345412935492,-0.021036927835417173,0.4931687403976776,1.2226337021874831,1.168541375878503,1.6288960566900663,1.6862578798650294,2.367560695053057,2.121376465748701,1.5474992094635023,1.0143084663961706,0.2754074681602314,-0.36652459016400674,0.32988613126107497,1.0036062165198831,-0.020839058115410723,0.13308059766277208,-0.25306094027699894,-0.6814784874452915,-0.25066112638278576,0.14875373004819545,0.029616605929587862,0.19227199387208704,0.5331163121368536,0.936262835816825,0.2252899509107651,1.0799516456497325,0.9730370436035796,0.5478288313344953,1.0040620237925313,1.3761858058047305,0.457100787498174,0.09654128220084965,-0.0556164709755597,-0.0625211966345876,-0.18081299417164495,0.06498492781895825,-0.17787923480801862,-0.4439348043007123,-0.8686314902136861,-0.4901814418416145,-0.4291654699850923,-0.20904952985474914,0.34790895067643784,0.6774460538559329,0.957198886227626,0.7711576810944644,0.6907088359054776,0.718573306464034
1.8037103419078,1.4978657061780518,1.1284703588335383,1.034150293114976,1.4503291695002196,1.097772854911557,0.6296652798782436,1.0159737706995622,0.8144114796637794,0.20716267306146624,-0.457191946555078,-0.015429745563200335,-0.13796940448872938,0.015381470188481426,-0.4689641038608442,-0.1975651834639206,-0.10627462437419463,-0.15959333264699307,0.03680594815949231,0.2700035586867385,0.5174958999307798,0.7049672942945369,0.788018834741965,1.225577650808898,1.0881297885925127,0.8857288272601685,0.5481448144628852,0.11562634747791344,0.4042145379029037,0.6509080824910284,1.0950436075316592,1.592598195540236,0.7357695543848791,0.8741320719420176,0.6301184151775229,1.0831642156883858,0.4703327388133788,0.2796042995881865,0.11514430935951454,0.15597542110988108,0.6225042278719564,0.8903292225109433,1.4339609513456035,1.453461269041147,1.1335090225462143,0.40223686792930485,0.34457615943145686,0.09320771104101197,0.22549262089202485,-0.1832417861695889
0.41809530127529493,0.29015322890435086,-0.5902860427096973,-0.14716974796619212,-0.49701083350933667,-0.004635587549105999,0.7125319965078561,0.2238064832752406,-0.23801246595778444,-0.3112663818311157,-0.22306385922921138,-0.1443104535473587,-0.24584651615325714,0.37700021907037967,0.02559403267445252,-0.013296549279849124,0.0469924797552407,0.3101092415574888,1.2691941851662267,1.3458829391009075,1.4074237219304366,0.911177458186838,0.8281112368395116,0.26872236799577526,-0.7215499196108169,-0.45378158958948367,-0.5821704335737866,-0.0008923778429460041,0.11139082965642434,-0.060718106067787075,0.2922799950069886,0.7341140323687695,0.8377134667962506,0.7696829407526106,1.0005354312926653,1.1225070610537042,1.0907366395216396,0.6578173868310199,0.9174437473257476,0.44978786778796537,1.6469950649454221,1.2976357767283495,1.118001129576587,1.1048366688282498,0.7563311817819264,0.6295683799057533,-0.08524240860836381,0.18232424546824655,0.227470974911165,-0.26575901341630104
0.08183230468688264,0.049764357890400346,0.27821756170388184,-0.10201564262556151,0.7997227714514228,1.1553251666694904,1.0616643664435024,1.0202292049108943,0.8150382551479557,0.3749659207370981,-0.03733090996281522,-0.29663035525852216,0.18902043396128945,0.5928436802015509,0.4685320885394703,0.13450988708001388,0.051582144650052765,-0.6593877694163868,-0.578315979977892,-0.44519932954712077,-0.3212274686734189,-0.9688645925980229,-0.7813084915919626,-0.9291368914306958,-0.6798478343506401,-1.1787778335113612,-0.5695208404832571,0.19360870482939174,0.6984700760225647,0.7451123649491717,0.6935313790145468,0.7364877534886001,0.7978497665121699,1.162346636785329,0.8503684496747047,1.5720241211384476,1.5568654015339431,1.2328628515909008,0.5365991198172826,0.8050033047418325,0.6642572451745182,0.6564841840542213,-0.3790023669349077,0.4310769885466277,0.6512824558870165,0.8226261530129484,0.3650359880002985,0.8708947094789297,0.7452604096965962,0.5697758942255442
-1.91368119804754,-1.5891134644857001,-2.1097934764356627,-1.156391950557788,-1.2821840644571891,-1.4988259136454947,-1.0781782650741971,-0.8577628074503278,-1.0418645906491601,-0.7702743992195781,-0.48786202266219497,-0.7114176268740834,-0.6882796339209163,-0.5506495079885169,-0.4827697215167087,-1.1803062488914384,-1.9781467568104254,-1.1988691044188111,-1.2867393898581179,-1.1957670474292215,-1.8023638029374487,-1.801588696523305,-1.9851953882116182,-1.1986948370932373,-0.8455425070122305,-0.9476885440505801,-1.6055027386079332,-1.118628261229873,-0.5773571015002725,0.032647388194374516,0.4782578415319686,0.4712353791567381,-0.610880280583858,-0.9883454069612042,-1.421374132564062,-1.8296037179180964,-1.8468657307221186,-1.5319433848464432,-1.0368404390954453,-1.2439478775560175,-1.1582907166572254,-0.737485139765004,-1.0371310581237536,-1.519559491347372,-1.4636549573027864,-1.504048499407375,-1.1422780676212287,-0.8227504670999035,-0.5882048506436435,-0.3470009866467507
-0.8148797893090974,-0.7972932347450745,-0.802889685676796,-1.269849815078917,-0.8840060446450702,-0.21125089610949668,0.04861023294229448,-0.5929439311450928,-1.0052392536337285,-1.0102969180753745,-0.8954253035980699,-1.337101861269532,-1.3630927024163846,-1.333094583386297,-1.249113432836221,-1.2000919544330895,-1.370989762179636,-0.43426771504486245,-0.7645426598080169,-1.183670550068018,-1.1274558740810199,-0.4329379012353869,-1.1473331183395867,-0.6090598570088197,-0.4543479558365249,-0.4794448382867709,-0.1394689999845846,-0.049449618979059466,-0.3768065284593468,-1.2006050916098217,-1.2408237377272529,-1.1374661734339402,-0.19723353109789316,-0.1559509943544959,0.03052518271707623,0.2102818358808232,0.14679289436476378,0.4853688497890907,0.4370773742588419,0.7901412791112388,1.6886794335382997,1.9942137021413011,2.1965049610595484,1.9736888990815555,2.4166319812713843,2.420755090559932,2.144947048436658,1.9614445352233136,1.7036291700759196,1.1861133740771952
0.7118902304381156,-0.15217670594140795,-0.21324201965770162,-0.21838314972476347,-0.5106184963528221,-0.8618777604634544,-0.37325935681994665,0.3959431579584953,0.9161448074331411,0.47852976203695036,-0.23582160942084343,0.01401447872618214,0.7331479308988775,0.42327271630657287,0.6774185177307499,0.7426131746475805,0.5119662546969526,0.9106041637987385,1.0509581680397997,0.9111539310967558,0.881177540706766,0.42996556250984774,-0.3171129917416848,-0.6229184670257122,0.05977647320712864,0.03346831441092449,0.7873246544494177,0.5402145071933934,1.002898526649949,0.34917847913397865,-0.21280862668319042,-0.36345240377399357,-0.07901286790315722,-0.8164521608735816,-0.29267734752391433,-0.14497826665312175,-0.4509605401379968,-0.03192681420290805,-0.8657421987944834,-0.9470715848255997,-1.5758937144152694,-0.8154317088512459,-0.3523436566606842,-0.280164885287062,0.13641852144754923,0.6154252656704093,0.3442772084138336,0.3665380593601963,-0.5223643312241603,2.1500332638216018e-05
0.5904170247817687,0.01623157512463672,0.017639978862020605,0.5373500687336545,-0.22860009720688007,-0.19809804327968358,-0.45705744888748895,-0.6340278446977019,-0.552272048697474,-0.3100109264970039,-0.04139508037795219,-0.3233186859300099,-0.7935641384502711,-0.8142273624240267,-0.24596199800129664,-0.9359052336161365,-1.621032221521585,-1.2993076050585262,-1.0419255228666027,-1.2804904475382533,-1.3448733562315909,-0.8184915330312594,-0.8081168959547533,-0.6221837194870061,-0.7508105388544684,-0.1558569525336796,-0.1452859599190621,0.2516049146252505,0.2078192143303815,0.5429015498745946,-0.7199996024949884,-1.4395487980400814,-1.6083986748836239,-1.6797854447492848,-1.5922041202206692,-1.8336354276802591,-1.3968881051253836,-1.1859297026759048,-0.8845719889150535,-0.687130763222822,-0.3878185283106368,-0.24200194453869978,-0.3736836522253437,-0.5865094348203179,-0.6573178586191359,-1.0801101301836673,-1.0407083884068156,-0.7685992045150397,-0.14191902835198322,-0.9682625690708823
-0.051909997185986906,0.2679305542198348,0.46596027579527216,0.4457381666918574,0.5032711421180606,0.9619130216024045,0.6820479916463281,1.3233065998535123,1.2626787500609757,0.9597117951986712,0.6247638109697471,0.36778895340846873,-0.3670715900895857,-0.247759372496022,-0.48866569709258884,-0.39739769374490325,-0.5206270242607532,-0.7625793633637227,-0.9941217330590568,-1.0881827660872154,-1.0089138979986887,-0.45815255190575815,-1.2541236280437575,-1.9170977822197386,-1.299713926002209,-0.7207781066248341,-0.6164011072703427,-0.5987443717001628,-0.6474485761267005,-0.537230027147556,-0.8697483923281261,-1.2795597586373457,-1.3893739715594975,-0.8494421528584531,-1.4585339504397572,-0.6600527089508846,-0.4537719965439736,-0.5194994629866112,-0.5815506587393908,-1.1635598328531906,-0.749277367370133,-0.24734137034153525,-0.7617541961700318,-1.0433928247374487,-0.6205070580772133,-1.2706217939131061,-1.4432634907102266,-1.4961889505069577,-1.472723344205427,-1.285646414773279
-0.6474054139855678,-1.5741326994340132,-1.3056047993629296,-0.9276799446089737,-0.3356444789059981,-0.04541814736555078,0.26847519420109534,-0.03792181714874371,-0.6011031554477417,-0.9668454180738432,-0.8372520538599926,-0.4153975138909089,-0.12192394980629695,-0.7226946136313686,-0.2748500936753349,-0.454101877389397,-0.13993346915740404,0.6647122197603521,1.3075530128234452,1.2063956608125463,1.1793549698366972,0.8021779228922741,0.2766118589455717,0.4247055189569633,0.05642187552956577,-0.6065142914659739,-0.5528245811593997,-0.2176146587811922,0.26529077015134583,0.30097664851078065,0.8261177562320524,-0.06738548661037065,-0.0018042873408854333,0.1684487055901459,0.21750894759087563,-0.005466765433488652,0.5444615661498886,-0.004697032235691277,0.035183215005359876,-0.20215181037710328,-0.3157319043738453,-0.3534618041245308,-0.4843265941291826,-0.3626697889722945,-0.37527538542865047,-0.14682728890769436,-0.33351610746735133,-0.0026430189360222562,0.7707538500159524,1.1848266872542326
0.6410744252494919,0.5818336391721344,0.5859943652928545,1.129258795000544,1.1292926762196793,1.253994846689238,1.4394017403796,1.7230936506779684,1.7007089910990252,1.3667302833500232,1.3583557914839095,1.0168376283408593,1.098546575498491,0.6183021055880115,0.7307192506690873,0.5217008992453579,0.7693904257861389,0.4768123644413774,0.20514765611621397,0.2992748689591802,0.23992964834763816,0.38942904719333116,0.1673067850984624,0.5121244001462932,0.6565476934555736,0.40115708962890945,0.23540506655766913,0.469007289593766,0.31327499078097476,0.058665110915876485,0.1492463733860912,-0.32223854414861897,-0.2000304475957044,-0.18650260020676435,0.4008639667039761,0.6361692589024279,0.8903699173296331,0.8885856976519936,0.5553270154797595,0.6730206012816359,0.48508281626633726,0.30024904169602196,-0.7841311238037283,-0.6408353923264096,-0.33000596449297187,-0.13956380383276654,0.3614073613906134,0.7072682616429424,0.8808659514974669,1.1565504430460025
-0.825267575467238,-1.0809415162402545,-0.6739630094156819,-0.9199091392717289,-1.1161892736644483,-1.3068998651538786,-0.6588289770517287,-0.8028928387628355,-0.7892063899343172,-0.9225601150759062,-1.278101258711839,-0.7678070655326443,-0.7332419918761972,-0.9472329021570643,-1.347339070842302,-1.3599695217676184,-0.789751485339226,-1.3393131731093435,-1.0406968600963187,-0.9812905781996984,-0.37157129093698754,-1.5454310530270303,-2.4373949189633404,-2.9943733850489753,-2.439838452760309,-1.7644387387508238,-2.3493145454684234,-2.1418331506151493,-1.0274266534204741,-0.017715122996521695,0.17439844409563499,-0.1302638013262344,-0.8236061247445217,-0.5914636476900605,-1.3515644628326962,-1.766848695134979,-1.8591038935268822,-1.7603373270579528,-1.496474972566699,-1.2878924191591288,-1.4476574780441653,-1.6639872264994784,-1.4408400978582874,-1.409148534379131,-1.113941056211727,-1.1790419051241479,-1.2559824836885423,-1.4236404259297586,-2.068462359586136,-1.358253577027278
0.914128055220596,0.881870137335821,1.2911619440978344,0.9238017707270731,0.8424587042978755,1.0424397622365227,0.5032607761447753,0.9837057226107088,0.8099149990556439,1.3268770830120726,1.5561523732292295,1.688031217702251,1.6926306998902585,1.787573222839868,1.6929356433693266,1.6326973506356934,1.3133750293764683,1.6414349348367572,1.8127289584091992,1.6883780109386772,2.0869772973519507,2.049556664538347,1.62116103788323,2.037492674483645,2.1982567227088445,1.2202187489016296,1.4362453914955973,1.1465754706063016,0.8499005881185593,0.6726264217956449,0.5286884711549449,0.4920436038879235,0.10265406783930715,-0.23593817022866995,-0.026016883025720992,-0.012619449687892277,-0.3705918906445906,-0.16896660658090726,-0.841249334171465,-0.18096563231836896,0.6777831869692267,-0.1487319776579049,0.15911047639205225,-0.19080200646430198,0.3910773567674894,0.8364631202527757,0.26784648981875236,0.3554695986379952,0.7720503712953749,0.6442331270351432
-0.11319017571630262,-0.09177246734840201,0.04737976613031953,0.9355112834599311,0.4688909983175064,0.8775471794177095,0.42325803255006006,-0.13671765134582908,-0.5305103193010761,-0.39622959368396976,-0.5825078530078804,-0.5060324386824641,0.024928503503897404,0.4378954002948587,-0.03638298287851012,0.253747072510099,0.4029916083172737,1.2252168527594025,1.4636690287803653,1.8692270952647863,2.1847014607045914,2.192734152557469,1.5837894483993535,2.164445290636939,1.7329070549275973,1.32707134612407,0.4522243691269602,0.48765297122228674,-0.2792059548437549,0.20081786144734703,0.23103494728191545,0.33794444463527096,0.28374487515747915,0.6527071071947333,1.0052255363065439,1.065317020802815,1.5263560728921237,0.8851927508062284,1.6586741225536383,1.733759910307817,1.7040688394558883,1.6176975407616498,1.1641467678688582,1.4422547513636217,1.743489627024853,1.850533480741063,1.5588661870833338,1.6915400922923025,2.060215619802379,2.0362828100365844
0.6465301794218533,0.7474900292369677,1.1565398571956873,1.0226399749228612,0.9315713685839196,0.9377836884824754,0.8050289014649373,0.3970839000342059,0.21407999776883285,0.366643167855679,0.318725600194192,-0.38440802834188215,-0.17713689662533633,-0.859548514046432,-0.4369239031018521,-0.9396935134527991,-0.7172733572384519,0.46204043200832107,0.2225986464618516,-0.4487555026939881,-0.13827870755578464,0.7973496426617303,1.2882429612358102,1.1822721223311778,-0.046668776806473494,-0.20206005582090023,-0.23741799565154134,0.08174351663117485,0.22685468389078567,-0.7637148259451593,-0.3253976449978149,0.2592186278062005,-0.0902401693928041,0.22660658831394492,-0.06180464957233811,-0.07501525477472633,-0.12951780866539933,-0.4032518304570275,-0.5939588256821289,-0.2712182375388261,-0.37624666713963806,-1.0284104029460182,-0.43802207716119385,0.2909020642504076,-0.41575122356773264,-0.26572048220606126,-0.21908838711413778,-0.05062753714536196,-0.01636777006398303,-0.18044568732565247
0.31970641417829954,1.1421736185277762,0.9286868630552938,1.329737159567535,1.4883725080174324,1.7516564508661754,0.9987833999665331,1.123750330702311,0.7768338852991387,1.5124095208531254,1.437017158641386,1.5856421282807163,1.8284839910596506,1.6268481880055197,1.6356428190705115,1.4108587751185209,1.3566120396609807,1.2719992598905685,1.7011551433408103,1.3086735483050866,1.2794309498962446,0.7501606447309483,0.44963116389840124,0.5167937937045205,0.21260060616543738,0.5528771962570042,0.6574262286361174,0.5716709504763438,-0.09643872705567126,0.014792866174208321,0.33061395782310277,0.1322645658027073,-0.16154248883962144,-0.565901330785009,-0.08996450233279668,0.04023133661142491,0.4551553134297186,0.38387796166673693,0.2741077706910841,0.8963113317550926,0.34382085867714113,-0.39830842305112146,0.19884918305190136,0.33803903193478196,-0.05108941704233407,0.18954715033592873,-0.26050712740045623,-0.0925453480958662,-0.06721196421866782,0.10978079075698269
0.05950013553701959,-0.08454083745385192,0.06670428970052043,0.5900521991980058,0.8479704843361396,0.9041370160704639,1.1368652949894384,2.0136939985736975,2.127506966630836,3.0659168279920483,2.911418731028588,3.099245532094073,2.9759437506208064,2.661004898405111,3.175199742638503,2.884208114311656,2.3408983063222792,1.8656669387802198,2.067634067330769,1.9767740160904685,1.6431188776262995,1.5760407699585333,1.4674603470644636,1.354060200091934,1.6740592506330134,1.1476780929350172,1.2759586274367873,1.2587494825863372,1.2056246470123073,0.909149304099435,1.1391281907182194,0.4833839413500547,0.7295005881130221,1.1190829416284231,1.0626541388750483,1.3626465311885214,1.3332192997094177,1.4058440082174521,1.0066094516584236,0.9282557916596936,0.44819129496285576,-0.09634937743023664,0.44313026499344926,1.0691410731379456,1.411920673657334,2.2042936100216433,2.2468360658502906,1.8349932836173304,1.70406733611133,0.8313213781346501
-0.3227030169346897,-0.18366117822237002,0.2720454663258415,0.6839722843902333,-0.06510647266246146,-0.04748893340297096,-0.538788944955166,0.0910830566345876,-0.37315772856359236,0.23262490351008064,0.11157837657296357,0.29698466198556783,0.3154584240164514,0.38905025537045523,-0.2447670328583628,0.49647270073157596,0.8973213136101784,0.38253813415232735,-0.026910903685136607,-0.2094632871470326,-0.4657745239292669,-0.7896883216467828,-0.4092609525139171,0.35387222714437533,0.24874923438396912,-0.276685792472952,-0.020865564629872508,-0.6973553015380279,-1.273272177221119,-0.9742345334763735,-0.17696749512156187,-0.7870815700162039,-1.3622199274375537,-1.8596939857407577,-1.9327247373539136,-1.658848136599118,-1.094327997906359,-1.21968902379895,-0.7333641075983749,-0.7056731029587859,-0.675586059349928,-0.4048549161376423,0.021380028602805353,0.5543411356999015,0.09215664190970897,-0.10048373973259189,0.2907912631591141,0.346229875569489,0.5305894186458939,1.135954069746812
0.5772280844383098,0.7661043956779152,0.7286807336424395,0.5167517089674738,0.7048185321232174,1.5011845878166667,1.4943133730742522,1.3916781299946601,1.3436465286498043,1.5290535215339993,1.7768252776600066,2.638975807005539,2.4404654846128726,2.6712873040753284,1.732252075383998,2.2368181635005286,2.513307715960232,2.8474368401648196,1.8857567836446445,2.352786324263087,2.25695903210998,2.2170649271949605,2.3462116140463642,2.518097366668002,2.33817594560688,2.36498600775468,2.57597713349201,2.241769284445282,3.027397099852406,3.393377555138252,3.176482280376115,3.49575899710433,3.0252063796447177,2.2235526835700097,2.1150919232211147,2.3929857892592357,2.9100321613244065,2.571933111146019,3.291561854877201,3.010011541160042,3.151396494144983,3.6414866447594894,4.141612352525511,2.9499472121281793,3.2333217708946744,3.1175273239218924,3.0117578697891942,2.6986525926255815,1.8909391371226438,1.7287331736830323
0.4394625316618967,1.5336295864344027,0.9784454871056985,2.1387130898631557,1.6138571862721778,1.6821607955965738,1.4313840100934805,1.6325750689773644,1.225344960361568,0.5965089334219436,1.065108925406764,1.4507652727117362,1.2776066841254512,1.028340339753383,0.6700386435346439,0.3593716353065284,0.677404489844568,0.7557599307953176,0.7518047075634084,0.7142784235638989,0.04640810380372155,-0.010008363096215955,0.7728119565894579,0.4413425952583673,-0.07644357219850308,-0.25407198257350394,-0.9560546864104347,-1.1927567372277212,-1.6673077805184948,-1.673549036558166,-1.225260429654956,-0.48812378875744894,-1.2325658464567533,-1.1994930467824882,-0.9060235952388273,-0.7379501432923494,-0.8043625690951265,-0.10745831724336531,0.14908392113135463,0.7499685134673834,1.0245951846994419,0.571362080485086,1.0141180043474627,0.773425468174042,0.4566930103835209,0.624019937397722,0.9359689846222065,0.724897187303801,-0.2602790853169408,0.36399362944953706
-0.272189910425884,0.19806378845165706,0.5614614027391259,0.759273511261426,0.5087472740217831,0.28040403054635943,0.4506362636675567,0.004362204446670474,-0.5579566824750928,-1.1513848750272313,-1.6840496778104215,-1.1675420216202266,-1.4541491943243992,-1.1187459011573726,-0.813507947746309,-0.2803132121457544,-1.076038140555824,-0.9995290384872897,-1.1724972392214232,-1.0129986408483527,-0.26832523857348195,-0.7820907762407205,-0.6777401978999665,-0.4912223361317424,-1.1647719731499255,-1.7926353305532272,-2.4476568255961406,-1.9008951063537032,-2.0258809834145963,-1.6108092457441066,-1.6485675784806089,-0.9939505436444376,-0.5944920699350367,-0.8926990767308646,-0.9918164461307992,-1.5200511857922594,-0.8033390716993742,-0.8916853329874169,-1.327249457126077,-1.3102124254732703,-1.5388539062893494,-0.9785414778582624,-0.9710063858350696,-0.7457264270096001,-1.1942003195997897,-1.2600141330986243,-0.5062440612069667,0.13352734252388782,0.2967854899859539,0.10968817012947403
1.8909902498049787,1.878273988161685,1.5038961788793344,1.780441864898403,1.623744437054753,1.6903491362832217,1.080368915161646,0.5960698844590572,0.5929727739316307,0.40387880618374233,-0.02296936678926702,0.25837778193441235,0.32082543625229487,0.6271237157810082,0.4561601265128931,0.509313113300328,0.9082594643021873,1.0742531921073286,1.3767465767270044,1.2001657036234692,1.5474855267897194,2.1095555960058356,2.027515600498639,1.4119418133546646,1.598400044912481,1.5281680572217027,1.6586013475483408,2.1670634121772068,1.6675143632826666,2.1210404856645315,1.6202878504528093,0.769956460860441,0.7405960482511957,0.48667188998014793,0.16334100287144157,-0.141013211471796,0.2993072923870658,0.261789413327486,0.6917564247917601,0.5140197135311463,0.07861962528392755,0.14853385187338602,0.2592180441797614,0.7275077071772328,0.7866117535269278,-0.06360294604731316,-0.08827422048223356,0.3103728690878051,0.3086734993356153,0.027913066579739833
-1.4548346923398414,-1.8636469102979567,-1.359808502429945,-0.6611614494213242,-0.7092754623596972,-0.9532388942262972,-0.9489234822128739,-0.5958095366883347,-0.8895300278630411,-0.6604019782228076,-0.49475064501400656,-0.2730761913076882,-0.6233852593206034,-0.46106848382953974,-0.8394631583609105,-1.1345842026622392,-1.2799602918708124,-1.2961811432591477,-1.1760374360807728,-1.418566819445915,-0.5990212002059845,-0.45329363496986674,-0.011082525442220817,0.06721883820931156,0.5842013335349062,1.0875332478435848,1.2881854349961124,1.254907508091737,1.2645642433941624,1.2512573224033285,1.403296286926985,0.6461270935927068,0.18616921762974767,-0.32101451170743733,-0.908621918963228,-0.5122607995908834,-0.9392216652403605,-0.5689975579202605,-0.7065027268636972,0.13297963211008954,0.1338443340336368,0.5282882204503636,0.8110402543688541,0.7539067868775944,0.7802933841859748,1.056700105541327,0.8330227334792611,0.561000338440601,0.41653948080348413,0.41810984721593797
0.7186045410280631,0.35599443777113404,0.38072456171444186,0.27742412821104034,-0.05967310699497846,0.3316994900827766,1.0090288367818432,1.4059259073505663,1.7455341878579145,1.6671676392195582,0.9171198440736601,1.1257473777649019,1.0484392489312953,1.1394260919462156,1.2956602776585027,1.038405691405421,1.3160849176178435,0.992780916682217,1.1591964325502662,1.1783885637254603,1.3504705096129168,1.094085329247003,0.9924175749064703,0.6975748544261833,0.4609076757528215,0.975423162133384,1.0265602741515465,0.3787419117744294,0.04758058571844357,0.4603346823407329,0.5936557497115151,1.163498006581939,0.5512008244497408,1.15129034047673,1.533997588099052,1.4577694157665106,1.7822373964964269,2.1610187463534274,1.406568028007666,1.239170354740061,1.6508410799106203,2.364942032584914,1.5292752414872615,2.419394575688622,2.5458716573159257,1.8978460977154186,1.264927038529647,0.9693965058777037,0.19572266027028629,0.16156943372157895
-2.410075774155747,-2.6242736480496855,-1.5921569636846282,-1.8651541526166258,-2.564448193316614,-1.8795929006219898,-2.1480316068883205,-1.8276496462587486,-1.4433972542861915,-0.8550005645805893,-1.2043661588892713,-1.3873731541947338,-0.9190630959217935,-0.834180848543044,-0.7379522742576629,-1.2791176002936164,-1.1006075527545942,-1.2931682471325598,-1.0740860664987888,-1.2246364045133638,-1.3883645460323035,-1.2143447477438272,-1.0932431715370923,-1.1822155800889576,-1.4084864112736069,-1.3902359258749475,-0.933849016366558,-1.218870372559862,-1.5788719921856205,-1.3283642582975654,-1.2162186130590646,-1.4066691191102594,-1.412786303710113,-1.6192145357307568,-1.5968817618272806,-1.9123992920494697,-2.2154102885492146,-2.276670974405721,-1.8873841218064205,-1.7374484620312802,-1.7844221633752688,-1.706778412568529,-2.014387776696685,-1.712045518808153,-2.201101276562775,-2.2545974453517,-2.795309985010014,-2.6599956168826493,-2.5057240768201896,-2.6407979906092094
0.5999145528855786,0.7224751570408788,0.7451427976241618,1.2292722242822764,1.0824216256055401,1.02974012997508,1.3090192801672862,1.0166744298324941,0.8510527365308107,0.7910832949381731,1.306804600857422,1.3927170308180785,0.4922504132224972,0.261806540360022,0.6685716058305997,0.6293405809125197,0.9436054500487964,1.4383879872230232,1.338509707654804,1.668678194533917,1.7656688070144617,1.7020126611161412,2.0545500422162113,1.6716559858011288,1.973901849251658,1.7970512343116536,1.087008019034405,0.45277135709932154,0.19255627031394745,0.15951308971494912,0.49541378623432536,1.3895748717917318,1.5613975732122967,1.2747197104060661,0.3270591993796204,0.38317248780166263,0.7663858762716655,-0.024938071907946245,0.05625650358107834,0.20756789464340067,-0.8356233866479844,0.05967491500923831,-0.33488387910309103,-0.17163460738952704,-0.13070715805235297,0.07945128361992816,0.36602795742583255,0.3080891326157559,0.5254307021815584,0.37921264085099265
-0.7954527284752747,-0.5138851532687778,0.017401493380214822,0.1939935782852629,0.10219170232059846,-0.10733995231171298,0.6574424920141657,-0.13224184936925976,-0.07399992822650339,-0.6703297460496946,-1.0787211720292813,-1.2765932697397497,-0.6493473248421497,-0.18028293283516836,-0.2492735915691581,0.8459700189271601,1.320106012426823,1.5836881054804366,1.6968644213567403,2.1752003815482412,2.0550363917182977,2.136572014828665,1.754409950937052,1.3156871292291537,1.319070490972282,0.4629539637239011,0.8595620124072118,1.0521902806759982,1.2123140495326146,0.5868494629915804,0.9461431504881298,0.9011927400346488,1.1108236624656527,1.3448954763596386,0.6885463037771642,-0.24337627555809818,-0.14270464699349397,-0.7974231731497773,-0.8515085673815584,-0.7284916719130837,-1.1867294093092076,-1.1077661473435967,-1.7551085004496867,-1.7871456575307338,-1.3005320715919935,-1.4048171513679795,-1.200036140446783,-1.5807046915683374,-1.479989291985196,-1.0576108365395687
-0.14929916338844637,-0.23428888687947508,-0.008110144580805796,-0.07650462740019107,-0.5791014616989059,-0.24144895941166797,-0.16763710697303855,0.33476659505939155,0.5639915738743669,0.7120684682931315,1.2480942664577865,0.5717516165607643,0.02604232108431453,-0.48956374598304,-0.5319715414843008,-0.31288315495127766,0.542336516235041,0.5764435549824398,1.1186791550448092,0.9386718135756769,1.6016791065159597,0.8982572140016362,0.6275731169650229,1.3738464417640373,0.9441991934991737,0.7302412884014587,1.3677407032868856,1.5221412281044118,1.2583114018742014,1.6295026417532863,1.1220134566290945,1.1751063426128523,1.0045119195974608,1.0306550809151784,1.379988799338971,1.1508144005043888,0.9011136922372296,0.22954960263900148,0.24576121061436174,0.4018357526223758,0.7252857991252218,0.22999443265491928,0.24119125382884046,-0.1069232070706736,0.5674110523566981,0.6740178590198821,0.7400614942309188,0.8312822251041342,1.6796073340691338,1.7578333307864193
1.1975254275386198,1.3462149540446227,0.8250033691006752,1.0242729098333885,0.9147604740071853,0.513391891643725,0.41472519065517344,0.11826948555741855,-0.34214287698019064,-1.087660230115134,-0.4494935750456984,-1.1530102861569298,-1.0058069056701706,-1.354483291574908,-1.5207018283479998,-1.3874044143876005,-1.388282956658984,-2.077167324122595,-1.790178109104717,-1.3256075088662425,-1.5409127620914187,-1.360080359635948,-1.0305679245089447,-1.132299024790863,-1.384509691969465,-1.41297871653236,-1.0169585036871933,-1.164734872187463,-1.4180947005453939,-1.8033925136939848,-1.6988946359311172,-1.8961541990708266,-2.5164768602235292,-2.2100357695857715,-1.6632892641316317,-1.2612027198786435,-1.312915328198752,-0.3802710663469977,-0.9224704980932648,-1.0095703847891568,-1.540063691301066,-1.1810098264696924,-0.6097359506885166,-1.006155203254527,-0.643362005328181,-0.4800268439381812,-0.2227953314340711,-0.03575025018344621,-0.31402897765392,0.48424144790351925
-0.5557040440986027,-0.5059472714547824,-0.5181285590276041,-1.461053670239067,-1.388859180271602,-1.543392549395683,-1.5672287644943381,-1.3082657934593809,-1.412540859472884,-0.9379576436170627,-1.0522516004144082,-0.6142161731015264,-0.5288565898951,-0.33999481991415886,-1.4083366449413586,-1.019296671747236,-0.7605774924621095,-0.08785815364600572,-0.22413526376116316,0.3807094281345066,0.20992944108723466,-0.04443963956217364,-0.173454622338343,-0.8771111550882834,-0.6742139307586921,-0.8268918841991701,-0.8857390539240618,-0.724144260444515,-0.9037782546791688,-0.83640773865246,-0.5958837182650129,-0.5079347808937649,-0.6090586187291065,-0.25869604852194406,0.011705359698782591,-0.21876300234332827,0.1580698398559737,0.49998040905225943,-0.28491846774537427,-0.2498226639734432,-0.20850230179513327,-0.32669795394404083,-0.35001959778197306,-0.47012628164981235,-0.03535348993294914,-0.025858440844056356,-0.35332057182208826,-0.807339045531129,-1.1781679670842626,-0.3242469148268441
0.7460003649164967,0.7621392782648998,1.0335197710305062,0.8274062377764079,0.7203046246013542,0.8504437999081288,1.0114623335623767,0.8577690319109832,0.9927438266216074,1.39204535029427,1.433016764755466,1.2885834867803059,1.5885480178140838,1.3676966085648803,0.8609126766044178,0.8175903182906826,0.6323275980623831,0.8483611633510586,0.2538294171384125,0.07923660318786056,0.8212308901960704,0.7576522569385965,0.48302369963775554,0.6814410518573025,0.5724865796060349,1.0019068330887375,1.1151502658341552,0.891397156002733,1.0781737160829916,1.207105986655903,1.211019718795556,0.9420988756694089,0.7640587741990541,0.9502801072399352,0.5812933470418126,0.18582857334560235,-0.42531654529695184,-0.6016647292085731,-1.020410689549357,-0.9073311284308475,-1.1527176435556057,-0.8573373040993963,-0.9148800466793449,-1.0801619143339256,-0.42659853441903467,-0.3577459823863237,-0.5497552246897128,-0.1758468887079986,0.06757457579129236,0.35018272733884315
-0.49636849810971945,-1.359041521261914,-1.0400539286276846,-0.3913354726776233,-0.09886183669494443,0.35106918905142426,0.416965420132412,0.14085362338729152,0.046360138895119,0.33836020407648887,-0.27710208307729517,-0.5380152762731465,-0.6826311769590393,-0.4727372202609694,-0.12072768652958768,-0.348253555387742,0.10340516248707833,-0.45398313959631303,-0.7062739526382648,-1.2688376224280802,-1.3374224544942102,-1.693049746385434,-1.7514632541582897,-1.8878644192579173,-2.727721264940332,-2.4196065546989933,-2.597342289339647,-2.4778459076781214,-2.505704039650951,-1.8214185068904305,-1.9341923942211843,-2.3644260279717066,-2.766009685720339,-3.0518794605071133,-2.963842873387661,-2.5114201737780553,-1.8934441624470995,-1.5203083812472538,-1.7582035137753047,-1.4838299112888302,-0.7878678534625568,-0.6048102465044486,-0.8836281309994645,-0.2667316854745268,-0.10387848689648582,0.18701533526334557,0.16235821528422387,0.5219372852931636,0.12843516426813653,0.5898947859662529
0.38694301637796813,0.35616031308116236,0.1775491356607448,0.2351875964200102,0.09192156080569361,0.15803312630723015,0.16995594557829194,0.09916095966352242,0.4000968182403519,0.357608229497381,0.666230571275331,0.6420751061507769,0.376153037247754,1.0747084764193136,0.19677556665912424,-0.16542097719540824,-0.5297504575796775,-0.5646672777420318,-0.24037478320950806,-0.7801615048595781,-1.0178822864759025,-1.1253380293176298,-1.1762450641925748,-0.33849416491063394,0.039167332498791514,0.16701704146420773,0.05341445504327543,-0.2971849213423442,-0.0800034507121242,0.23028771428907935,0.020918215028505133,0.11677552342188291,-0.11964388353980403,-0.524847128652542,-0.054210412732909954,0.6551308757554011,0.4114202862644085,0.160193210334679,-0.012593966016796878,0.1883929478587496,0.8419269976856946,0.3634421680099073,0.5728002404141432,1.2661770890441133,1.0213720952855265,0.9091948426027616,0.4063446083966619,0.20826630287526318,0.057795409516493305,0.06320559705430899
1.3129442375602394,1.5041594514371734,1.2645875085397296,0.8504026043003519,0.3118041257659784,0.5314760912155614,0.5965005790678278,0.6969092465447969,0.50016833431123,0.27329664359231026,0.0438947553405796,0.8253362223599324,0.6549531232725141,1.0663284791747016,0.9376693477336605,0.7239906689492639,0.791508460811661,0.4905278007387852,0.694490149630254,-0.002240801912645842,0.350662141666187,-0.10661675140937162,-0.5059721575437919,-0.434645793238427,-1.0814906109389224,-0.9883070016731391,-0.8095643736102924,-0.9233753944523737,-0.9723110778095291,-1.340773674848539,-1.3738149214800888,-1.1794222542175294,-1.2767455666280223,-0.5563831038914596,-0.6615811928166391,-0.9584222178759965,-0.6328358721065418,-0.25116708391270054,-0.7512774624110917,-0.015222098727557766,-0.27647993515859887,-0.3604357652015068,-0.7703223484696319,-0.9130235880051628,-0.5319195180425607,-0.05506271191764582,-0.23824255756218043,-0.5789890472989331,-0.17545946650270683,0.2752546647861237
-2.0787743841868878,-2.093982930899249,-1.7219251844697119,-2.040485935647247,-1.998351269915823,-1.9196904982835854,-1.780977041643345,-1.4461689876159474,-1.1445582696451149,-0.7942389007907505,-0.5197379492460903,-0.19208197436169186,-0.36148739886308046,-0.0919587195877558,-0.9262807755809496,-0.8256849878073347,-0.5320986995625665,-0.7237373798134727,-0.3115493961849474,-0.06503603244415053,0.30535791243030413,0.09559454665554964,-0.13782906217007312,-0.3862981661621593,-0.7622738282292019,-0.8158522053896067,-0.6852019181949508,-0.16303775061980721,-0.239986508831537,-0.45174235005571745,-0.8143058635161363,-0.49665650533950373,-0.7490814460563834,-0.6858892569208601,-0.21201987065588268,0.13565376968229137,-0.33594167662114727,-0.2537763503732132,-0.7364024454914794,-0.38581500618433845,-0.18189688615428418,-0.4121284250611773,-0.5948093776739313,-0.24147625690438612,0.8690235320575044,1.2618863012929633,1.650217258252018,0.9293674870727641,0.8092834728753285,0.5489122245042093
0.1402154691340915,-0.7638210553581511,-0.549671067433398,-0.09183292306541208,0.017434914604277776,0.1394452456443388,0.27554924016915794,0.711319201138196,1.2791973240991275,0.6544036174998337,1.1383503410727656,0.9041469445197168,0.5808809142565379,0.7951284254930299,1.1677176749820122,0.6324013848454583,0.7035621782594497,0.44071382047532376,-0.0978079545416169,0.07760363471523561,-0.24876337797719672,0.09520665357546176,-0.86963350131943,-0.6757922172585783,-0.7039495617182214,-1.661317110167276,-1.3510614276124744,-0.8390112399237853,-0.561499351919081,-0.7441689371045318,-0.6612808253369794,-0.5166466396791888,0.16214054016967092,0.08125530056814935,-0.5683235366534822,-0.7535485668281237,-0.8219563916544803,-0.9777294000154424,-0.9432891733778386,-1.1294345737431906,-0.4335583481157129,-0.649982422006958,-1.057341661235762,-0.6931422995752057,-0.2404520342608992,-0.4601917538577353,-0.9528056754286934,-1.326735948748762,-1.4367202069521496,-0.9301178639754062
-0.40040012272613007,-0.1924289765477741,-0.39212668060132905,-1.0732056909290095,-0.7512189681155413,-1.2135582879856885,-0.8656103906371034,-0.11875149610175907,0.24733322635044588,-0.2406771330527805,-0.10533136822233569,0.16007226347801165,8.91445900175274e-06,-0.31479314464035874,-0.7699871013122463,-0.7307076297679275,-1.099093863266101,-0.7244976729999918,-0.31046960916743277,-0.5202579474616427,-0.6529649374089387,-0.12175085414786022,0.315349050035682,0.4941120725546268,0.8592492811623132,0.502915297330181,0.34470489300003726,0.7798778238267698,0.7845429792172397,0.9840492521622999,1.201437493941885,1.2264954652762081,1.3302017995010016,1.6144289452922547,0.9743994456716041,0.8794185284415424,1.2413440892560705,1.9026627317837437,1.5560444581041748,1.0641760933866853,0.7310595534550564,0.45525674477513833,0.47653919132109346,0.24913152275825134,-0.5506846299069498,-0.9274528093727383,-0.6555610852556122,-0.5324078357427126,0.18649351840756528,0.15501381859062
-0.40271780062960244,-0.9405481084077709,-0.7121661781248777,-0.8421398931828447,-0.8330799269945848,-1.3225567155114362,-1.0354422972577513,-0.43737103242564557,-0.7632601640631808,-0.5729395247979066,-0.34992636866053883,-0.3809300670235058,-0.03659489803527735,-0.6240272393051225,-0.7205901825210069,-0.7926455352987375,-0.8966778189216558,-0.7827140683985728,-0.8175579256480098,-1.2254020304460624,-0.30820899596986745,-0.33324642692860246,0.39515286399283095,-0.13303442123635378,0.25595769246208333,-0.024362105508626372,0.2801069988884252,0.0656672569690047,-0.09157894229303329,0.04991237033010954,-0.6162791912333233,-0.268066360271341,-0.2510215278963226,0.6075531366966515,0.6170534909633761,0.546148107048499,-0.25923247966273644,-0.26479838691167074,-0.6053518006686217,-0.6682080923846269,-0.8542524683887501,-0.4849123140682492,-0.570344599712026,-0.7200332883734889,-1.3049265583181988,-0.9231150626146349,-0.6732668178662893,-0.8720131069659249,-0.4434126886039745,-0.7130871657311153
-0.84379370941851,-0.7837981256026642,-0.9662960749168079,-0.7910810728181046,-0.763777785511253,-1.1406117004862057,-0.41710345126439924,-0.4953744170517417,-0.17091197012340478,0.28318152384270906,0.26586896012418393,0.47343545515652913,-0.0736713331296068,-0.07715668411893516,0.030538253499652283,-0.6296476270395697,-0.8811340385435481,-1.0025704922160885,-1.408209245665026,-2.196403924160486,-2.350287149225073,-2.3684646610575366,-2.2377559426800944,-1.8498541301036975,-1.0818269673659122,-0.8425554895511366,-0.9932290795572661,-1.4451614567084807,-1.5165971128265796,-1.4326522479120856,-1.1347226760640075,-1.345519612314121,-1.2940916000277647,-1.6137184048137192,-1.3430389465741293,-1.2623417114984907,-1.2778899710930336,-1.87942304579936,-1.3915789844963151,-1.4857540203705533,-1.3403539019174113,-1.0612727337994456,-0.2903499117372276,-0.059133214955852054,0.00509523023525391,-1.2331773005481645,-0.7358979794003525,-0.7909522158273057,-1.1750685377799495,-1.1779613744011974
-0.3315456485160366,-0.2768186288202708,-0.5117711321346315,-1.0133119858198019,-0.5635119863983706,-0.5391953408130202,-0.9327828793013975,-1.50033368691143,-1.6804068409588906,-1.0100361519654404,0.05591259182419557,-0.030633554395995636,0.4350601589074112,0.467516897048556,0.9342697121559332,0.9573736431946664,0.6165341020197065,0.3960192863282478,-0.27398654460880334,-0.9608221294812782,-0.9273988705026108,0.1949575415595565,0.4167905717495728,0.9513057855213363,1.2160024834984284,0.7656781868091495,0.8133082582156567,0.385907278129177,0.38228974749461203,0.1677520726607503,0.7015805105821279,0.24938967974230206,0.6924362387693236,0.791815718440365,0.775372273612644,1.4968607849009472,0.9686316718267207,0.9689965076877006,1.41273534210654,1.3394154776934182,1.6087233310753757,1.5441691515202318,1.2780923821569898,0.9673069229780457,1.923839174305345,2.1817591556367653,2.1566949304561414,1.973045940616717,2.0919508536861313,2.443548495246463
-0.33007392266414953,-0.5895931097680701,-1.2718103022696128,-1.8307307905643553,-1.9367443534160513,-1.2681521362026347,-1.5440896755169458,-1.2576142599028652,-0.6882367684855889,-0.645477263033494,-0.7781136655994917,-0.7614550758085199,-0.8328295899378877,-0.9423889602064827,-1.0334092069389182,-0.8030292606232871,-0.6197666643161427,0.12876475753847227,0.38216456987398084,0.5888557899473585,0.8322565442624981,0.7275673755460547,0.8183069305805439,0.22903023609377518,0.42642342392090493,0.2182527492869542,0.08059751893325441,-0.029978866027054,-0.5710125490273072,-0.7819745455316098,-0.682152160623822,-0.738108616874082,-0.6876722082837768,-0.9718518631280538,-0.7449127587501134,-0.498871450451586,-0.6553093583472636,-0.777391645388924,-0.03195216080335995,0.4516212836826567,0.32746387739218025,0.6483377024441626,0.6702448162357727,0.37170658736919787,0.43020219548816524,0.3062289223218555,0.7390142569756613,1.21428813061448,0.8247641775196737,0.14912963130832463
-0.7881765761176358,-0.3208838687257361,-0.3245199047546266,-0.7273138020583779,-0.5945298892655827,0.13478601437174512,0.143263787396946,0.34016686502890886,0.26630941168469785,0.20920641650345828,0.427345005091565,-0.20964747757842073,0.1448358212348928,0.6037590392531603,-0.22132758667041388,-0.6914275247783611,-0.615013434996027,-0.8216818695422745,-0.6456498772193264,-0.7276882390540763,-0.3364379173137552,-0.28351378162914825,-0.7501500844030203,-1.1189909001735747,-1.899863759608022,-1.5231222020264101,-1.3993582829068234,-1.0543993528960873,-0.89330962630663,-0.8990514912028296,-0.9831931422442513,-0.10030729814394315,0.5264141714408401,0.32462184552092765,0.1367007513862191,0.4367589278873192,0.346247977244104,0.8743093238521952,1.1310124960500287,1.2861894963553449,1.2607605240759452,0.8298141407266747,0.8597616503335265,0.38756924672668935,-0.0798484505036568,-0.0663643539012489,-0.4676297065341316,-0.32509289313252265,0.03577743884578947,-0.028565577673010573
1.9128127449015546,1.5360177326588584,1.3615420560698808,0.6170058078458436,0.6738553534715569,0.2763431199715222,0.08891877315747641,0.004703205512111871,-0.2740078039810376,-0.48321345593365034,-0.3591893656274676,-0.42154681600273103,-0.2921391393454373,-0.6733959450790862,-0.5430537715770626,-0.34231911761994605,-0.5222940746729411,0.10460414317744227,-0.024466566330128184,-0.05322254817319097,-0.5504106808429927,-0.4875509112629096,-1.1235552221893352,-1.297456844937931,-0.9882707819237059,-0.90866913758563,-1.4240307775794379,-2.2144090054927776,-1.7934251759618358,-1.536997720761991,-1.6872908603348382,-1.1082957418972057,-0.39207277493876674,-0.8632701650281357,-1.273724293308798,-0.4985068066081234,-0.858387469699055,-0.4755303696885099,-0.4011854007877529,-0.16758398936050115,-0.3506904013143157,-0.16653617458205333,0.1918173685539499,0.2690338021415537,0.7885833526846642,0.41230321527506264,0.4840805533627153,0.22998857170847564,-0.3669691893444406,0.02679944911783
0.4428236584812634,0.49431225086340247,0.07634106256221942,-0.3986836866296301,0.07259463756024145,0.6267432161754767,0.3651811640026392,0.34910772838669113,0.07562400397726321,0.029740273162360817,-0.08478083780751607,0.3496652664557896,0.10478349702849621,0.2979162256253091,-0.5639760040018071,-0.8656875567166306,-0.9027512701931297,-0.6652453494900324,-0.4442694124629367,-0.3380254146669637,-0.6090441335436865,-0.48950510077429377,0.08200233408795456,0.07650253871607318,0.18204606309447002,0.3809329764035568,0.6268790251673206,0.5785171818776164,0.06648695047414468,0.1484654409021003,0.18928129629680457,0.4912204630268539,-0.40318849792048655,-0.3750179070658805,-0.15824717984312606,0.7778631711358895,0.31092148604744896,-0.08258471015152816,0.04786038824367126,0.635009506586222,0.6578103489241118,0.3186081292387599,0.5352195219843735,0.2685228510077989,0.18537903383127924,0.9064958164648662,0.733257105889815,0.6034567737849579,1.130209351461752,0.8146007000114946
-0.5732756493642189,0.22597506849361126,-0.3567847671112263,-0.999069648527421,-0.9637369030162658,-0.38375018024712804,-0.23936090567177667,-0.5764625690025924,-1.191676410181031,-1.5959857562268631,-1.3036567668499766,-1.3470947499188033,-1.3828565169989566,-1.1720450751335674,-0.2772047300718884,-0.5221294329019871,-0.12932224906668535,-0.0825647497619633,0.2576813951129728,0.48895764547018883,1.036270074632978,0.6257141780541507,0.5269968734481484,0.7400053298777219,1.4902402780363506,1.1534820976829556,1.1256989005534968,0.17008322348054028,-0.35351994370482825,-0.4420055879444896,-0.16994446500605465,-0.010421081811641702,0.5888393305680697,0.21378839718755854,0.4294534846458782,0.6395989907786708,0.3662574825213136,0.3768912751434293,0.07423866744625096,0.0751035683378325,0.3869446678037149,0.6707367549798119,0.8132900512703672,1.5100051121876377,2.02100375007787,1.8619883330095184,1.6670574808895797,0.8462541245656208,1.2408356480105003,1.0987910269241454
0.017832571356743706,-0.006600084724673549,-0.45648429550406233,-0.18189928475390307,-0.09717578901690889,-0.3340998872764189,-0.7516007542030646,-1.2041414005927495,-0.748196248839878,-0.7539245359193958,-0.8785155154666124,-1.1547258993996081,-0.8818217483673231,-0.47454265989347505,-0.42022683090206886,-0.025631490139811215,0.5284969122616777,1.3390965753908353,0.6368313023672055,0.37728953227233936,0.5556853014068249,0.7991436331762662,0.21239635103322124,-0.7215660544754906,-0.5943819099117845,-0.590981658063805,-0.3514333060936875,-0.42369951473663564,-0.5733121886091919,-0.7327273918134136,-0.9663473504213349,-0.8263807776976114,0.1756621062951092,0.22890119098724843,0.3678909502920294,0.7158730105944316,0.009497512039751762,-0.30681081705390406,0.5756491196438644,-0.20446391034690964,-0.5038419396987134,-0.1395771057833208,-0.34428180851203183,-0.1309715275948363,-0.41719118572894237,-0.7053756725806066,-0.7996764653866393,-0.7227531977794096,-0.1790180036998301,-0.5257321732362762
0.9189791660266182,1.3221124950603071,0.7448167453142488,0.027249791515209707,0.5533589456004749,0.8503162646949463,0.11525487363360595,-0.3130073950712388,-0.6773158662781729,-0.6039838289770517,-0.3754694593506438,-0.23762593570672716,-0.0788266738164217,0.21518724554248975,0.7299225003732787,1.514322970702111,1.6633452000827826,1.9402356104098946,2.2768856235124764,2.2020158641725263,1.9500504421896883,2.1174772268967508,2.1731436771192634,1.6880650863674722,1.5871971295154126,0.8976631513318809,0.514226233133373,1.0859807613741044,1.3205432630805336,1.960860699117261,2.20001723256403,2.5929305060430172,2.7568733964840426,1.8532379299192223,1.9597601816083978,2.334669645009935,1.6418483883918282,1.8389778338502958,2.087586643623653,1.7097857577890112,1.3882949298635165,1.3066814595178375,1.8367791512216047,1.740391468043979,1.7965390912666488,2.1254834185009637,2.274410384793083,1.893886366474394,1.5335659916189217,1.6847896441207677
0.35724246222007244,0.4593502367834594,0.06641976640500939,0.30770941828430554,-0.22900900568399157,-1.0503407901095274,-1.4537506933370092,-1.7959899241190433,-1.4729626640813207,-1.1718866744606626,-1.6482800082353042,-1.6425480353544386,-0.956828688210877,-1.081860553231004,-1.8666834541755795,-1.4592959171757067,-1.4341094626656203,-1.3805291864612517,-1.7615863181661375,-1.7485972522936628,-1.22818121040897,-1.5521163038514938,-0.6811849924024078,-0.6331625445183144,-0.24131472057497186,-0.14625850072246466,-0.2624923380738727,-0.44036622327381847,0.03777494579790172,-0.3195353616845584,-0.32894057259123366,-0.15893718347762362,-0.6099776035515077,-1.0626582357968128,-0.17954073002593193,-0.24989107137861288,0.20204575672564917,-0.0794393622782922,-0.028628727606295888,0.3488491926656643,0.2706480264589616,0.056215791650254344,-0.06640208018985344,-0.22508058588747987,-0.4554041658724766,-0.9089463070800141,-0.8190429307440772,-1.2710880725645928,-0.9183344052785009,-1.273406927066795
-1.293380752909387,-1.567553360872513,-0.8426364410386721,-0.5477462412592881,0.1444831669873927,0.6310292803480143,0.7169024997216354,0.5594629834025879,-0.21792840250907095,-0.34003441591121364,-0.16259536968422705,-0.33175270289471903,-0.29770469292878593,-0.6337398263633333,-0.20319094742394805,-0.4762364715390014,-0.39621183823225536,-0.13325176361117927,-0.18645323760261112,0.07406550285535543,0.04396580088579108,0.6993364583255575,0.6874128265755692,0.8682442424370896,0.3910770412066449,0.7594615931290724,0.8055113718187616,0.7881961230846942,0.8103777942874664,0.9371666940993619,0.5859729233496161,0.5021352020424942,0.060770301276766296,0.18448403308223502,0.012172989790809451,0.07510420059300288,0.21607448021014916,0.2719330846638261,-0.031471497845481235,0.01479232256661863,0.2902180151085996,0.11094247388931544,0.017874055846801205,0.4971270724413057,0.4086611244077489,0.044741988641123095,0.489876087096166,0.5154285722006093,-0.2774375998534075,0.11133734081700578
0.5704833108307766,0.7948285417106815,0.49782547989749465,0.6669154284428894,0.9344474341486637,0.8305273756831207,0.8057299086243146,0.8627560250413568,0.6383948911200159,-0.03766449611146542,-0.0409792859948455,0.46189820548541005,0.3468762023701739,0.27866707932746787,0.003634665294286426,-0.08228946435168699,0.7538630760036688,0.20611648463876525,0.16950203951468262,-0.29074028213915204,-0.4419836818197289,-0.29448007168254015,-0.010478183219153982,-0.15227321120246307,-0.2659814001268179,-0.2371310786445276,0.42331054252108136,0.7109318821029865,-0.3923440743235116,-0.8946782657893156,-0.3777973994466054,-0.15935958017987226,0.45093782181598213,0.027563285514787452,0.030807384824462134,0.44011537804994355,1.3049006518251158,1.2226068495089153,0.8416301202126507,0.6865099372766871,0.891168953305849,1.0306444919109325,1.342365062597832,1.378350031629214,0.5314088402127493,0.6120098833557437,0.4180421242437809,0.22169976275167946,0.20016569087958194,-0.538553739258728
-2.6580255712250063,-2.7379567181282765,-1.998478328810258,-1.9723793823453153,-2.012417932226806,-1.4857983379435191,-1.2041493559039005,-1.4606493196362047,-1.0130787098786653,-0.9763342556414434,-1.4570981583224296,-1.4343677134667332,-1.6311753281499428,-0.9085928594599404,-0.9251787491093209,-1.3361661160117475,-0.3577311979005999,0.24455649761320636,0.39732803985070186,0.43014393185286387,0.3858967374762969,0.13253925887765008,0.3025618280121191,0.27845251144185174,0.27018750748272224,0.7089710005226131,0.575599255770447,0.4245218685511777,0.17437523764122936,0.6600261331509691,0.2748313493187799,-0.20074808143741518,0.059914381871767466,-0.28776216355838313,-0.5066893241031096,-0.49661188126133465,-1.4099278479777462,-1.313418572915137,-1.9643394245711554,-1.7873376163886772,-1.2823923465761755,-1.1434397525880693,-1.0672886093489835,-0.7914697870327908,-0.37776832228359364,-0.4125276712578253,-0.6535774368619263,-0.35916900572524235,-0.4371163292045798,-0.2578086846361478
0.7292566146947973,0.41899463283978844,-0.32947204204362734,-0.28512652943298894,-0.444500126312846,-0.8348566705995869,-0.5159314039401627,-0.29654066939610685,-0.05605398367346846,0.11764784711635545,0.41764083160202586,1.0741410913249445,0.46716661890041217,0.8992520795080194,1.0836729160968992,1.3728115089000048,0.6250797723852222,0.6669810215400076,1.06312386102627,1.144254147352349,0.7883308968589976,1.1666250734712802,1.0850615189280066,1.2551202075701573,0.5599159077601014,0.23296382509904476,0.18102478389772048,-0.17689625546168727,0.05994090226256491,0.38747730455036444,0.3278962986492385,0.4992068140852768,1.036194307281541,0.7784570542273966,0.20411584878020805,0.2689107722164541,0.34864328452184085,0.15782690923051113,0.3330810242798881,0.1272669253771738,-0.03935768427372006,0.1535160849318694,0.4141396674687912,-0.04428320739873878,0.050174212836914256,0.06892374380946072,0.09846528252086408,-0.1856345087916479,-0.3767447768485216,-0.022427850249321857
-0.46822027959396684,-0.20317479605183805,-0.41752211286209123,-0.12578967176061262,-0.1671486435636833,0.002714950241887579,0.4950850183409603,-0.4139101975413181,0.2447427051271039,-0.2520883554323106,0.005005473807556466,-0.19088587534476448,-0.3352641044266981,-0.4273331069545213,-1.760508461788961,-1.8690783196688399,-2.343565678022202,-1.7007990153604897,-1.8003397707790456,-0.9278455722593226,-1.2779238657014294,-0.6897071942264715,-0.10325666274654491,-0.51729750449425,-0.6142305270880031,-0.9265684107769626,-1.075632900523308,-1.0442331101309985,-1.3083623426394677,-1.0264419680554147,-1.108996131367349,-0.8224662708995928,-0.3937773054210001,-0.7004610256765902,-0.6689509362725677,-0.2725506860144311,-0.25256697844974035,-0.10683452035525859,-0.9872912791917253,-0.9602293767343507,-0.5063054231904555,-0.3615692385969547,-0.27389184227286084,-0.08554537330269227,0.117559227977864,0.484254977159945,0.49996591912732136,0.9430626104569443,1.0903322344073976,1.5515710608299078
0.29161558614942146,0.10361354331794384,-0.43670050536697785,0.005541989342470721,-0.6164243553152086,-1.2306245109039553,-0.1780039315993867,-0.32764654548305183,-0.7078593494470793,-0.7170455233702766,-0.598618155572204,-0.4687477786206489,-0.5227765473498898,-0.48741981125268724,-0.21175954370452904,-0.08232853827327877,-0.15659533512462642,-0.5547214505227106,-1.071493670042146,-0.9437413388299313,-0.9994281768315524,-0.4366082989271094,-0.8825204634081361,-0.6216073017101923,-0.9451788493010014,-0.5395476770361287,-0.9482109044415198,-0.8523414751997352,-1.0025817679515465,-1.536162593695827,-1.3109623838485838,-1.7698155468561938,-1.5036265599679006,-1.2086361881611791,-0.675841533295812,-0.9279101053619457,-0.4116831986300555,-0.32858307875207066,-0.5028930426962996,-0.4750695616110474,-0.42302880959836003,0.7275994857315756,0.7146039344222139,0.5906733182363809,0.496769038123321,0.5831970664162454,0.48387905305695605,0.07111556871421706,0.15976089537426197,0.15221348619750313
0.5484146806440408,0.7471751437651416,0.9901188064914974,1.063882786665802,1.0992236178016517,0.5487474979444111,0.5800658207653335,1.4683601450088009,0.8749733324111587,0.7047163175800899,0.8094235256639435,0.6826510481968489,0.5963663080856267,0.5382267131216029,0.24885037000977947,0.32258198091794776,-0.3438272110936377,-0.5058584391500025,-0.12262137996377126,0.172614694072822,0.7718186972786099,0.7863229857578496,0.4555060465307562,0.3986209625416597,0.6566649551755389,0.5376855797001572,-0.06364571876789779,0.5610765053845577,1.2666421570629913,1.0559610584743004,0.8352545522123419,0.49507342982363123,-0.22267518883168194,-0.054030277107691274,-0.19055441289513106,-0.3860565188947543,-0.5081239477311681,-0.7373234348736432,-0.10226294775600642,0.34408167575806203,0.5347468561893957,0.3225711541004315,0.4714632090186511,0.906361285130445,0.8479444891128749,0.9015983083820098,0.685863750347981,0.36454679958362346,0.3924016399351913,0.4292469046472261
0.1336742255435617,-0.05819144222951189,0.6342777598917457,0.47018221356282236,0.4738730792881887,0.30510592063580644,0.032817899401165966,0.23469456064892602,0.021523282072224877,1.0207724882607336,0.9083227854211332,1.294574103355477,1.688617046673071,1.1046344560292258,1.9361399936337842,1.8148367334027184,1.8619111974360223,1.7438331139717247,1.811329351389063,0.9400429894547693,0.8645719237678613,0.47959799305726497,0.01825748884267491,0.45822388459186003,0.6807811431384502,1.2189875726725057,1.0661727022732002,0.906246435194234,1.2335377493391018,0.7014598362792187,0.5317141497596556,0.7292048329129257,1.0055023068775748,1.3097361253882636,1.072317123466128,0.8666975121727847,1.2097607989793204,1.6510934943019089,2.1354277185470236,1.9291662420902858,2.119789503030744,2.5266422009165037,2.1281448112102903,1.583004864833138,1.4802256014772424,1.3927699031020844,0.8960911883672253,1.479521988347055,1.659770715357709,1.0970604842219829
-0.39689564232481883,-0.6066242436770127,-0.7867351097004424,0.021759971441194806,0.5147807536788539,-0.30936548344073644,-0.043827844315424455,-0.29208874606792296,-0.42447348672762103,-0.09559294537441695,0.3159536336145135,-0.0742052037454448,-0.06673486706682462,-0.26242927485760126,-0.07980605100025653,-0.8453658369378231,-1.46916293876314,-2.088170023946682,-1.7903376939567022,-1.830691152158359,-1.6683454528129034,-1.654417762517099,-1.929540917181783,-1.894824088329417,-2.133682266024907,-1.7109987380417562,-2.1967159347432013,-2.9369551369776987,-2.553786350077579,-1.830259096723205,-1.321094497537405,-1.4154177377670945,-1.434615687094091,-1.2202565459470203,-0.8321462173887764,-1.0665772349725557,-0.9773034312689839,-0.6775679272665313,-0.6663381207223835,0.00375943402888393,-0.1380105518159639,0.37743378139399997,0.44878722975670293,0.5224842301808336,0.8633558968663965,0.6873926321666634,-0.018189773424058316,0.7899140662893837,0.5183606507099434,0.11745327253888906
0.5852049335693319,0.721543769514492,0.9089475465524001,0.5684695390978739,0.15621733125720783,0.4871724922099347,-0.24987211807116222,-0.3858677181916924,-0.41306035581552175,0.3359260071106241,0.3608817508583985,0.674033549562108,0.8898153778711944,0.7133678996386493,0.8035817559389239,1.359770915495652,0.9618208835456885,1.1438582187892907,0.7974157333265636,0.8580156221030055,0.6603183401869127,-0.4367069807239687,0.07637499925842785,0.29557958287803954,0.16532351803193882,0.40591982361348783,-0.5365174840212624,-1.4664269392687879,-1.6334157795746878,-1.427772729238595,-0.6879676178516404,-0.6080510681184166,-0.9447380066813565,-0.7690177746096509,-0.5468676637291201,-0.9204568831384161,-0.36655272517842086,-0.6141314996921039,-0.9037312692800619,-0.4221773597149166,-0.37406714852719,-0.6896608121827794,-0.23315483797418687,0.30911190782914977,0.22024734596665907,0.651203706381319,0.4472816468238581,-0.11096170327134582,0.03923722511638382,-0.22222655467611932
0.1698338292129891,-0.2895880965926555,-0.9891071934912752,-0.4780621284620303,0.05311328078212655,-0.07611549422349169,-0.4412712424067038,-0.6952068714587296,-0.9099797007348794,-0.8504232209854985,-0.47739266409296127,-0.34681094882370817,-0.35156732767917465,-0.21402296100981552,-0.6132864685851255,-0.6264929413875473,0.04173321223989718,0.3204897918397695,-0.1394490384974655,0.04478183415000957,-0.7968855298942353,-0.4373704489216871,-0.0434994911276175,0.37731515407130284,0.8021025137053379,0.5661157612331,0.15585406098347943,-0.049498834063194955,0.49958714000870763,-0.4487221098132303,-0.2668103225776383,-0.38120661945507023,-0.36509465739196406,-0.4830124486586719,-0.7711566489861733,-0.3919912208069233,-0.40481732748057214,-0.4023475861483106,0.33947254089072026,0.7045171949621801,0.9665001697764957,0.9608234553157534,-0.07969379892133989,-0.25006490928115666,-0.060442814006647534,0.06221352467962334,-0.4597467638558799,-1.134387071382084,-0.8156453321055821,-1.160084422257017
-1.4245132482529725,-1.2093941698954784,-0.7966503672631907,-1.2116626930668715,-1.0324353430856812,-0.6991330782780621,-0.2769497163764871,-0.12326317592452332,-0.2560944166360895,0.04894484073157643,-0.2806118556128861,0.2720342855795707,0.10275643893339274,-0.0630318037976645,0.2363724409324394,0.5575269809964969,0.03955116269868778,-0.02136130851828894,-0.25140038813935256,0.4195364740542588,-0.01833454597442465,0.405498423338403,0.5739317923924186,0.6614794709544791,0.9704790785736638,0.5751457245200008,0.6938362756503694,0.756741451725054,1.2807495436197,1.0258279539055688,1.0034180174279057,0.7004658430044247,0.8988336557209342,0.5425272676997557,0.6652013634145998,0.2741879736698063,0.13049546983382987,0.2328078031926448,0.25599582326204057,0.6599896589466235,0.5824045327734886,0.853676317995145,0.993114942074815,1.2506359896253867,0.6344518171016554,0.6900873699665397,0.7304973681823211,1.0917849272315268,0.9246752944244795,0.9469437386751188
-1.680172120154071,-1.7322043289717741,-1.4516936530202065,-1.7273147841486602,-1.7412603262163218,-1.2444820128226108,-1.1946174226687438,-1.1794254782441858,-1.4394652918970805,-0.5385400308420694,-0.7397873261766041,-0.08407682063118523,-0.06962548176247572,-0.6638592825249925,-1.132291675407115,-1.0176918270182023,-0.4017067454197333,-0.32882884103064985,-0.04861970225007388,-0.19426479290230778,-0.8056975576348233,-0.44734893691564415,-0.23045361200421086,-0.44029336318901774,-0.1317931673512043,-0.735355013830112,-0.6594538837028823,-1.0507402436590971,-0.7808806365564256,-0.48643827344232515,-1.0261498793724224,-1.544880357711791,-1.6396773009755494,-1.680067944700739,-1.4254481747599634,-1.9938886434419032,-2.559687500820622,-2.303564936931437,-2.6511267410456014,-2.631153437740189,-2.7101140821620198,-2.85784083620767,-2.4503124143802317,-1.9028925979460896,-1.7930656013770596,-1.7752142397093342,-1.4345668950359503,-1.9256938850004282,-1.46225067752307,-1.013360669519195
1.142483765599992,1.6588700842362312,1.6922254776667671,1.1498518968954579,0.8416580284687007,0.1228148748441984,-0.29484995756341026,0.6029373819646306,0.7042975309662989,0.07538656491710113,0.10198330846894801,-0.06566937489620761,0.40988200987929424,0.4242146330452212,0.7613703784695197,1.2439020410151167,0.8893093934303924,1.362951581639351,1.3529637859647703,0.5992657246862281,0.9613397380224984,0.3376019639848388,0.6109637243026478,0.4793562542634462,0.5334594304119706,-0.18683532225955227,-0.37147384406768785,-0.615472598471875,-0.48924694362077364,-1.1079028241278992,-0.9996357758184173,-1.4700519346022562,-1.5619965358524506,-2.059072923949212,-1.474841500492025,-1.5667078743400105,-1.6799062443803332,-0.842373745783859,-0.6462978228572628,-0.0740533536876517,-0.42206141691507004,-0.20206541475457593,0.11070572869971396,-0.3897888613818554,-0.17147300707493954,-0.2956538600372741,-0.7558558554330429,-0.9077557949692407,-1.413296945869113,-1.6685846657847496
0.12226713925375018,-0.12349404351234851,-0.3534153341745962,-0.5660411747949603,-0.483419808185097,-0.5586810582770756,-0.632002823413893,-0.8052000427965642,-1.0202328842479256,-0.6723647589816546,-0.17523139059978182,-0.007859289509962843,0.37907294374283396,0.2621148374057632,0.5140202418791865,0.32573436357323376,0.2503220813353142,0.1819246105581847,0.39136441468044686,0.38809432405143307,0.7061492869633731,0.6201922536456729,0.43256716168317844,0.934791998740164,0.5969607352891516,0.45932310207794547,0.6401036804153541,0.41615564251140885,0.11226625723808233,0.2755925540717226,0.21240695884615352,0.2997482609275591,-0.25007025594330334,-0.21678784966436707,0.17776367166832793,-0.11246321779953082,0.28182308178635435,0.6041837440730125,0.23415102910159455,0.32689230055992696,0.0885105962174009,-0.5472312681823758,-0.5852467616008603,-0.4859822038129848,-0.0783568087236776,-0.7504667276465623,-0.9914606432727667,-1.0090492559764037,-0.9077931945342953,-0.912385373532965
-0.5932821733034214,-0.24944168359544344,-0.1073710565355611,-0.5849114076620301,0.17034752145438722,0.37141062438590094,0.23787690750933946,0.23766865913333693,0.785039687912441,0.849126686783974,-0.05926335074426827,0.03705948704715712,-0.1603959796844677,-0.06803058596394013,-0.3652539073981954,-0.4588551314374511,-0.3914326391554713,-0.1890747362261406,-0.4537296922487732,-0.0403617830008953,0.11918718627749823,0.45790642542140864,0.19947170098663397,-0.038876523183501016,-0.3284960093945316,-0.5070131333416737,-0.3550166671648971,-0.5150929577538342,-0.6792888108247985,-0.4050958936107901,-0.11676309665704432,-0.14767621203957718,0.8359545307083182,0.835970821302656,1.0257695711436576,0.5784685377360609,-0.082129265562293,-0.23413910996962162,-0.46951170517679996,-1.2073637182774022,-1.6997852940136657,-2.1366068235564666,-2.00767353137916,-1.7092317917981714,-1.0681937231597263,-0.6416654718387516,-1.3869194572393755,-1.456644630486672,-1.460452864999774,-1.6029718988230126
-1.4130070925086753,-1.0376384599882449,-0.8618967315825734,-1.3377431863300435,-1.4977353166247636,-2.3942275874075567,-2.637530809376975,-1.9911469429295838,-2.147975630941381,-2.0245259499577366,-2.945823296063912,-2.6631383129072526,-1.9059135397969142,-1.2538201915726912,-0.8374123977952193,-0.8605984641743162,-1.093277727259714,-1.1921751140797667,-1.1130003551851864,-1.6781982698521454,-1.7666933966665068,-1.5908145567750105,-0.852285809101123,-0.9641642017740184,-0.8940396446908664,-0.4011492928832574,-0.9909965343034229,-0.0906356452149295,-0.32378680367405965,-0.48370337807618413,-0.0843860850244503,-0.8872674500669069,-0.6631525574018307,-0.6792671170690043,-0.9618773815222612,-0.35513533816796305,-0.2380027388010829,-0.10924954203976837,-0.15870090239939236,0.021532229156054152,-0.17933922336058858,0.15871703723915087,-0.5197214728922103,-0.4297559870353525,0.0756122592517491,-0.029963490782675625,-0.5835507768694258,-0.7506949672651558,-0.39041924007901724,-0.7475491008366936
0.9412261631059695,1.434856160715652,0.9154335521633776,0.8013909300987568,1.0162558290151296,1.3103015992104647,1.4860109758849545,2.470932115348416,1.7888281890510458,1.3021646122611863,1.5095827620204025,1.56317139770551,1.9145620229360352,2.4697309322312733,1.8323709344145793,0.7664469140514889,0.4841869557520864,0.49738097539672393,0.6139623204167535,0.7849431755842438,0.5060230752806137,0.5713357423084952,0.7303394097806056,0.6162408280652497,0.2908649472063054,-0.290066897349457,0.09790672380362969,0.2784516810864016,-0.24881511893927258,-0.5374422434663652,-0.5135278489420104,-0.48575293857134755,-0.5525973324155986,-0.5474181982437469,-0.9804972052191572,-1.2305764798200693,-1.0519063905410997,-1.0931266418925538,-1.3890742328050079,-1.1082178467790946,-0.49755227061617563,-0.20920097914869318,0.16661118135150596,1.026836727616542,1.0315020396203731,0.6412982996769637,0.9322885885523708,1.1931058813101287,0.8469808805351778,1.3100422032117194
-0.528965107048491,-0.1681989244771612,-0.9378146385189419,-0.7779007032153756,-0.12990113648315113,-0.008411281340022024,0.08487709867881914,0.34388558489459364,0.11487901539229417,0.1469659554897171,0.32880663011481015,0.6701407790000306,0.40722823622457516,-0.3262830786871752,0.11559638116801992,0.3325695046034781,-0.05519842904649031,-1.0648427342027207,-1.1760314546561303,-1.6774828621399056,-1.3246966241015667,-1.5013477875054646,-0.6948017521258569,-1.062002897544115,-0.9260871864843625,-0.7696245556441357,-0.8328746382701231,-1.2562796268809464,-1.4041710997801633,-1.2655952956938823,-1.6350323148366062,-1.3622726719298606,-1.3311601969921423,-1.624417040471359,-1.848609230606615,-2.0176917885163137,-1.608459984718757,-1.3882473902347152,-1.2049811494087463,-1.5222112207862666,-1.0801871826662044,-0.5370764011495617,-0.7108411848045383,-0.8382262423994548,-0.5626324698866202,-0.46480068088864684,0.2078733744695689,0.2480024483859117,0.611350524921426,1.0502276068621497
-0.00547734683011261,-0.1253871594044573,-0.9584064076217135,-0.7579887533530741,-0.75746462958975,-0.5057649789402385,-0.30185193655885767,0.15188143881281382,0.011236753207748081,0.3804596138187148,0.2610072372715641,-0.11402562987151148,0.20845696483979365,0.6574134689841131,0.7826087529100478,1.1198017797011268,0.6433140319425582,0.4335302455038003,0.9095842352926302,0.2243861064559177,0.5112089879978037,0.21443175710011525,0.6002264319292725,0.051522404188570604,0.16641391173563327,-0.2783627664375859,0.24175720029034412,-0.5003602651797641,-0.6850738632617245,-0.7684883511475241,-0.36043627417561125,-0.7278171869655438,-1.0240205233905195,-1.3218494407855068,-0.9490271697414875,-0.5259147184523042,0.10885888256080968,0.7216124019164132,1.0647502739804282,1.8621718956047473,1.3544956700846131,0.9727334641820894,1.4226123570210163,0.7854444490922494,0.5569817017688626,0.24916981462406348,0.24256152774870351,0.05976802901670922,0.31013873136551984,0.5130905599745941
0.7967249034536366,0.5874539539299513,0.08696849714999973,0.7625746201608755,0.9452711443173778,0.2460883830117292,0.8136447096697812,0.33361379495947924,-0.269828862140631,-0.2903918433260787,0.20542959363617466,-0.42456339233898316,-0.1589283844253712,0.2499421836087037,0.3269374325552757,-0.7084593052823677,-0.5605075493202211,-0.9601833941840155,-0.7109982899677256,-0.5977002946342227,-0.49021402614275716,0.3560643142839661,-0.04052866537233227,0.015442694847654157,0.1473539636326886,0.02390037208798368,0.2665265999682309,0.8653350807406646,1.2722817086025593,1.4818884100883107,1.4795534012942984,1.1495086627642075,1.4101790843488533,1.2759663877892486,-0.13902697264311994,-0.11468198325016134,0.13100151827755005,0.8015416893420878,1.3071971423548894,1.3953437766857242,0.6580108203066921,0.6674278209885224,0.31300838225325606,0.28341877936849974,0.6406703801075303,0.2914965089040386,0.7657999246485219,0.7958623545708502,0.25311836348602945,0.57991057218511
-0.6846116766740593,-0.43608161265572126,0.39450701941784866,0.4034361133111512,-0.3736496437228343,-0.5394224351549963,-0.25100165582831113,-0.5164675602607611,0.10454404755358145,0.11096552625370508,-0.17395850450225125,-0.13238184807395398,-0.20524164266348227,-0.31161886086524404,-0.15808632290977923,-0.1801324817213542,-0.27998108201716787,-0.5688355668269492,-1.6986800052562416,-0.6260935743395817,-0.7193379039118832,-0.8121744703246544,-1.4100605154885564,-1.7075700476164561,-1.8823643176241045,-1.6540697620651466,-1.4890088420961805,-1.1000707351267895,-0.5908967714725611,-0.5279909112918616,-1.3253528529529646,-1.773426594156753,-0.7233396231919559,-0.1813403490822993,-0.12499947610703446,0.3156113718879189,0.29999632819059896,0.3756569765447033,0.7244908017205258,1.3328351825368565,1.616245939367515,1.7079826305671149,1.1849576071864507,1.3711054672771792,1.638098997536187,1.6676889828072923,1.1516108286585902,1.234890013368356,1.9831711318759009,2.453477260226255
-0.3107254625135642,0.06613881539677677,0.2327362329345912,0.09382996483428643,0.056224935652906496,0.010356387538831413,-0.133092985436888,0.0671539273442368,-0.2896257533873973,-0.08761617803326548,-0.5173023809213312,-0.20100104662930576,-0.01490071848552153,-0.05181512869951978,0.3645761198842765,-0.3813916544223553,-0.2699741830262281,0.495076653548696,0.5364194569508649,0.14992788666187049,0.2765743268898594,0.21123960908103592,0.7634690927077546,0.6526817388500721,0.8199428048388667,0.354254627091203,0.8451525929679947,0.9102223753243607,0.8916802485825365,0.7717396817185352,0.6004593909064516,1.1841011137660444,1.146466605452089,0.7486908487139498,0.6444099404742958,0.5899615885025178,-0.013627243894219218,-0.011640088438103387,0.057343436837446055,-0.058039681909537795,0.11079598815374751,0.21332848384827025,0.24256734074484676,0.4647942909158426,0.9429174092268905,0.9466004103871778,0.6804693398989525,0.7667107633082537,0.5732784585843472,0.685632838144637
-0.06920515416430119,-0.382219717087939,-0.1088017405262423,-0.28773687733615616,-0.5351293116804071,-0.5536021340379794,-0.059912285414802195,-0.1989449283943351,0.23566119246918205,0.48247880035685903,0.984389022399497,0.5677565299475621,0.7253657852233634,0.7546600343768289,0.810377113855904,0.7623356255212046,0.6634554947564296,0.7745058410323796,0.14234586967546503,-0.19091363298503514,-0.021850429432028577,-0.3941917788162536,-0.3639331904235041,0.42502987615890536,0.5285987728718959,0.8676504775773648,0.7236075433429136,0.4479438854314236,1.1371434912968257,1.24887007345125,0.877724041851094,0.4369517140765005,0.10729237512854344,0.35449401956223997,0.9319498392759197,0.9545598745188356,1.1274493922899769,1.1392524354834639,1.202543620619687,0.9649506412138078,0.7511910877982987,1.1184278570040114,1.218944254887265,0.8750186847675439,0.7943970622270295,1.3989913711914583,0.9574796924114661,0.5455500378813158,0.3726181321973124,0.9142274232945056
0.5256474413610042,1.0361709566615158,1.1201830067128629,1.605706897738389,1.976203781271862,1.9702099539500852,1.5869685443617016,1.5691227385611535,1.1139807293809667,1.541420094286476,1.6508859438943153,1.4021446306137346,1.0324733069899186,0.9470165926602924,1.2864417445791931,0.459780317898599,0.07419416101335033,0.5353842197876053,-0.02495556957842701,0.28166092724701125,0.0027420637166728845,-0.3068093712209099,-0.8150086803551232,-0.6315062291365449,-0.1268906553964542,0.06636619904338947,-0.4124476517132829,0.23014592575444637,0.25664317771775114,1.1093145073165713,1.1176559196164657,0.31824245737759,0.6074451993037192,0.8359099744518732,0.48127024792485146,0.6319035910667925,0.2744146310387985,0.376205332112167,0.259252040058136,0.35222722451033106,-0.09710190445905574,0.280449563465843,-0.04433318932027,0.6418978048006406,0.3081900365909025,0.7055228710683387,1.2439466882230645,1.290744278661029,1.0879288375621614,0.8724267951423873
-0.35168454148500333,-0.6807954895799342,-0.29540353395308844,-0.5286213306847196,-0.717360438997478,-0.2578897910284245,-0.44145405611717925,-0.7543228398869275,-1.2975090413576795,-1.163465498216297,-0.8071330533914562,-0.05380626706201609,-0.18873470134220524,0.27893997542794663,0.376321044204564,0.7773270867264616,0.8340558209245,0.4845378586593861,0.5280891543846677,0.4366551393790787,0.3491148008023431,-0.3471943894182879,0.21975247299662798,0.6185698358874191,0.471258611395845,0.5816589678700955,0.8594934502683793,0.7704271888269004,0.7252097273382999,0.9704485189537249,1.1991301643556174,0.7103400681338564,1.3107282585224749,2.1644756959466345,2.1509754133608867,2.0471730084871815,1.8944052264026396,1.0903993757158574,0.7336567321427246,0.210326426507479,-0.18192371794025197,-0.3306392745766985,0.04144244817856582,0.657481371122499,0.784049940774089,0.6882637086914102,0.6506956412973997,0.7535476084367362,0.07512570841996784,0.11460919044363953
0.6269303659866534,0.604612042113114,0.24491996936743476,0.3216792673354781,0.09867787503160565,-0.10490574078541115,-0.26753308059275005,0.4020654403986634,-0.1172079056740046,-0.2701323056034936,-0.3015056613011121,-0.22387911654631645,-0.053517642817881336,0.13071185986971684,0.5760114733436468,0.523072587825372,0.2946939279997137,0.3308741422983196,0.6796023753240177,1.201790031117401,0.8037663694042898,0.9083099114457184,0.9620078389455115,1.7479354934153062,1.7894290550856429,1.3330835791020756,1.3416092540730222,1.9759786498776752,1.8590135415571531,2.670621949867771,1.7009791084503787,1.4109000623252166,1.185251883993567,1.4821843751964252,0.843516548137761,0.9024351423094651,0.9445043775377084,0.49895688292561846,0.311284461523833,0.49277874014639006,0.39908830261865996,0.27487649859604574,0.3865326932189464,0.2785095597573098,0.3096064537815338,0.3110512224625471,0.16774822725191177,0.4799930494432571,0.41078356311925024,-0.022642775513198824
0.27997937937869033,0.36199019621203454,0.16580922770911616,0.31306023622349105,0.592145337956609,0.32507984805256807,-0.03652277660713627,-0.3613891410138952,-0.20266274195332828,-0.3483111674076097,-0.35171944427547364,0.1462748800925288,-0.05792852837510614,-0.006912823711242216,0.3375385373219737,-0.2620500489385836,-0.8865368412858197,-0.2847860029269733,-0.322240485477749,-0.5098133083418285,-0.6046694102609136,-0.4604785140375215,-0.4490458567003627,-1.0199845786531943,-1.300475896526827,-1.0656810590595456,-0.9805764842918472,-0.35568375721642276,-0.3015844097584468,-1.1004083355717647,-1.3607163039672543,-1.7221677475428991,-1.0971221928417478,-1.363788195546486,-1.7731277848613487,-1.758285190321532,-2.0189966011093743,-2.446791525301367,-2.4547439919313887,-3.0496308427327756,-2.590022643460491,-2.558906303157043,-2.2665639069721237,-0.8913971126707076,-1.3703877777511528,-1.2863584860216963,-1.149712555042389,-1.3992203556124112,-1.4663101047801665,-1.328804778090906
0.1783013327004832,0.3348433240741166,0.33792468707168966,1.1347179485590668,1.1639947912051067,1.1906508901475117,1.4560667288953346,1.211377704345797,0.7712924254227903,0.7176076398394722,0.5893875929351945,0.42582510449683075,0.8497996988841231,0.11232777363814923,0.2947886762231617,0.2502671388800526,-0.15292720720530742,-0.3440576222875481,-0.9068112256636403,-1.1757067763731384,-1.1921740031667274,-0.9498927833157491,-1.0458355180554726,-0.4580096065372817,-0.2971676560856243,-0.22268779752706375,-0.3618363729348461,-0.2720922143451764,0.021614510580247707,0.06692255503568922,-0.2771398529797067,-0.8685740090381682,-0.5582504027072638,-0.5517168754396026,-1.5155041040821844,-1.1839732234460822,-1.2537900013672565,-1.043306031493608,-1.2216754638826088,-0.670406291510315,-0.6861887770175098,-1.045239373029787,-0.7203505505645335,-0.20904552547302485,-0.2408542480863282,-0.03575247259390827,-0.3605107128128489,0.25032906840309055,-0.03923294923414333,0.6210874800878401
0.4495027545205149,-0.02412079303761835,0.10061238539222721,0.24016603535725,-0.18510046488248738,-0.6286571399652453,-0.5745449370505696,-0.32150902725482483,0.11417410251123686,1.0450923415726496,1.1195468882037398,1.1666341534944837,1.3806459590025608,1.77382425227621,0.8950782522746481,0.7419787925213727,0.9160782736379076,0.3854262582831631,0.6613862054750095,1.4713446808341661,1.2770147182719258,0.9714555993422571,0.04622214000911164,-0.7773439633081531,-1.2856784718788108,-1.6690101665346764,-1.0391012621111049,-1.0186013076224774,-1.1918286725422944,-1.428607058299367,-1.5403886433868073,-2.011944109859057,-1.4041184720963449,-1.2117977236867241,-0.3960042276346844,-0.13082980432423283,0.24674437673786892,-0.16482706696653984,-0.43767388918421896,0.2868259356816628,0.26752888041438444,0.727020455739787,0.8338604501678434,1.260082253915352,0.8859116890825519,0.9151070786510338,0.7161487056689537,0.7082031080428713,0.21231155365469126,1.1821918948490997
1.543494123909393,1.4153638016117343,0.8543358227850606,0.8552140876361696,0.5158646754012892,0.44336159073627146,0.23179261134404053,0.35353217314978863,0.4490805508891383,0.6754188135823903,0.5924659841885909,0.4478262752607957,0.43414065848261996,-0.03932076410704325,-0.6012938864072055,-0.6272999644012482,-0.6491343096287827,-0.35711260458361,-0.4240001496519083,-0.6411933135524711,-0.5810768106599745,-0.15487587389474253,-0.08993506947360301,-0.20739884150304103,-0.6938145470029056,-0.5289459745525233,-0.48092700468495764,-1.0745312805728597,-1.1307769927937945,-1.2404892988063159,-0.9214753216294672,-1.3405352314604946,-1.6696988062673674,-1.76133281586124,-1.4462684989605161,-1.8561175949882318,-2.294929079068228,-1.6116488696273152,-1.3948428849685621,-1.922180421444477,-1.7746094988293544,-1.0810913060444018,4.322165037509224e-06,-0.6790810784329139,-0.9640100991847717,-0.7085639810920231,-0.6002934556259517,-0.9342453841283874,-0.5994068574825834,-0.014289144643293492
0.726867694394585,0.6946628214659661,0.16496054125373544,0.382288414336954,0.6032953294947315,-0.31946027049436,-0.3510159437045272,-0.6213634633587501,-0.5352653751721327,-1.1875584305933609,-1.1249846685596419,-1.4329865332728562,-1.325765225948429,-1.0617293667510486,-0.6206591740539336,0.29259143899629064,-0.488332788143813,-0.39215151484344385,-0.6739938616243925,-1.0523990727796335,-1.2459415616289018,-2.0089189574387856,-1.627336226153976,-1.7991030913449253,-1.8265710415826397,-2.1106692856011895,-2.20527384321907,-1.5956274309826903,-1.0710033058687214,-1.0755404227175454,-0.7316653005004993,-0.48518413135081995,-0.842369339163771,-0.4096245508016423,-0.3094311157845489,-0.2231437407465604,-0.3531467720245285,-0.4283981264268219,0.04105126828012379,-0.9802746251747135,-1.112725206292665,-1.0759059668424515,-1.2941892043946686,-0.8443597325710049,-0.29533644542161674,0.006699962751516609,-0.7140536325988529,-0.7502728160373998,-0.12624720278511087,0.21185920096996297
-0.6450346920096254,-0.9552780459496585,-0.8571481131200285,-1.0357389648390634,-0.8174780136184019,-0.3563811280871185,-0.2812449071863025,0.3083620444506213,-0.27903631780974036,0.033990789143899275,0.2896035900143417,0.4480853488977666,0.6389089546623004,0.9167797700424157,0.7514151287922617,1.485455348167904,0.8695581678888464,0.5785616620450319,0.5417983247690619,0.16846088249719376,-0.024679975173817977,-0.41753338699113113,-1.290619882500422,-1.0643830525782194,-0.6790407426812173,-0.9718178386836419,-0.7142025280053348,-0.6944563133702032,-0.3973652859295459,-0.97225004140928,-0.7013431669042345,-0.5673546052622227,-1.0691189675074186,-1.1895095367815853,-1.2300571534165612,-1.028471257397468,-0.10631819596943856,-0.16062965682342065,-0.0478230123445408,0.3281064104560145,-0.0630877214661764,0.2476822338326157,0.4207156148713984,0.3508741807899172,1.0547458013085826,1.2579816363523788,1.059332674695339,0.8765203144928637,0.3975269079590404,0.5641996844156827
0.022121736016194125,0.6515672991668517,1.135118646516224,0.21687566897425717,0.39190005790580246,-0.1361808115322185,-0.37125273295801664,-0.11911395753792585,0.17162047580673634,0.07843216411938082,-0.178627201126233,-0.7121844317653082,-0.900755378294118,-0.05357162521868904,-0.212407998797737,-0.3944818285270277,0.05088881002644786,0.5594523381276727,1.4224862690654358,1.7703908322534108,1.878274812682218,1.641724002742556,1.9517094836866349,1.8151634625150008,1.4778611736352838,1.6412246760673028,1.5505397577401794,1.9601844226512124,1.8027992298387217,2.0897683885727627,1.95171776781744,1.6532109507300288,1.830002300791077,1.426420758627344,1.6122631898973532,1.3392688687341647,1.147496868046069,1.6022236106283894,1.5006235066896871,1.0468743916124077,0.371912636469806,0.45471993237774455,0.6373808895056158,0.1267276714836655,0.12913973024689748,-0.37848950933498465,-0.26703590323460785,-0.3528614203837096,-0.48066278476156815,-0.5730676910039937
0.4933737408608843,1.0322133513025311,0.7149087511615833,-0.046498455961257415,0.33432980242140403,0.4546754893382997,0.4842886723627992,0.8874717300370566,0.5903965364643402,0.8105640017130217,0.8178906968299715,0.2743981854746013,0.2086175000732911,0.6528862376203771,0.2065480819898439,0.040717725214553,0.6336270266156474,0.9483522656364805,1.205485974543404,0.8381215685699507,0.8206235295277987,0.7502884275819318,0.4136278857408365,-0.06246753479858452,0.18339332881983503,-0.36946731817165146,-0.3650527285964037,-0.9454733507360886,-1.0189785218666223,-0.9396764132496336,-1.1006308713847408,-1.1867200610082373,-0.29940753532459985,-0.21654228549808577,-0.04029015596661008,0.050290526961631,0.2707194673482406,-0.8815080544062232,-0.8088093632049428,-0.6343672641770527,-0.40478114912849045,-0.7018231353147486,-0.3899950068437241,0.29220508078365626,0.5865261012312609,0.8605014328445953,0.4045509323442859,0.6828857023435647,0.5878067020325276,0.010117146194623953
1.6834774558883874,1.419501328569364,0.8715419727124487,1.531521302740033,1.8984069110877988,1.6729763331327598,2.1494806890981826,2.379103855631456,1.715215185504344,1.1052044552008544,0.8096088282947631,-0.13312364997641932,0.3077296037183583,0.13099849853336187,0.5971313991251617,0.3441850844733944,-0.38780187293445045,-0.008855352650408833,-0.06620914280693002,0.6041868938276349,1.2420030553409689,1.2032932774047977,1.166376976687872,1.0293019572780169,0.34397906196985556,-0.10918039159863241,-0.12866714884668629,-0.011559684749323297,0.07903319669181426,-0.5383064508898163,-0.706444321552918,-1.0603862003767313,-1.7289622373662639,-1.9168154290024146,-1.3510469943137111,-0.8255830304656062,-0.8441015560979614,-0.6428584888534086,-0.3536586461618788,0.08369607220360716,0.5861109706630432,0.5669356228789519,1.0071529725922663,1.18857298900842,1.1723968822084367,1.3169268995777594,1.1433826362779798,1.0254407119906763,1.391648888184263,1.3847758792710492
0.96975787365591,0.23147161081737985,0.019596046266551752,0.0639694935116924,-0.16151898412524443,-0.20012643312129397,-1.2865080835504659,-1.1354450494195136,-0.4968930862306893,-0.4712872531766787,-0.27716922526873405,-1.3305278781208278,-1.602156590995203,-1.187677590106216,-1.2078561845245772,-1.6775520257269134,-1.6656174848794614,-1.5639323574854287,-1.6051137657740213,-0.8475747904460043,-0.39329255249252293,-0.3197729570953691,0.6239284561931976,1.1332026911200426,0.40552649833930476,0.46790689988713546,0.3373680951128099,0.6136190359824129,0.6603278661993627,0.4483108880301593,0.5428834347151854,0.07465297623521644,-0.17769884055314453,-0.5197948207851922,-0.4430456863241965,-0.7168095385303446,-0.3292803164209806,-0.2382397495900772,0.2414856587805652,-0.443315820021276,-0.3092783186391431,-0.8038721806596959,-0.38913550400709856,-0.18674723580784325,-0.10131099863364479,-0.5489216781435781,-0.46789621712152735,-0.25968921160940645,-0.4789620604658719,-0.3422957327353346
-0.07836693045279292,0.008477575074378,-0.603414789946425,-0.33309335964857656,-0.6046995754748254,-0.44038960227866775,-0.9959530577974742,-1.6575481552380846,-1.4568232355483302,-1.3120020762866058,-1.2386129454685932,-1.1211491210042335,-1.0837334515980868,-1.115970097438827,-0.962019040733615,-1.0191193914473682,-1.1217356828814469,-0.7136919215313624,-1.0463221169989627,-0.6423194229938362,-0.5488189597486706,-1.1255365332566833,-0.9645857667033534,-0.9799752602199975,-0.4853506857833439,-0.4198404984829668,0.5902803404044706,0.683931658866744,0.5987160874609498,0.22020368886554356,-0.27364850924109096,-0.6865497246053837,-1.0969429736129512,-1.2041321912293321,-0.6479916677808304,-0.9197481476682662,-0.5376122188166143,-0.7519438054264852,-1.1067889409995382,-0.702136633915195,-1.1019792699090527,-0.58643055526849,-1.2281314886630126,-0.7362106240003474,-1.2826358458238016,-1.3296307897646351,-1.9498356892617557,-1.7663308929643053,-1.6154106728006583,-1.687272846552419
-0.02338426001929013,0.4759343970409386,0.9208163741031532,0.9873528286810386,1.0751971229034558,1.5953848310044945,1.2454200351770166,1.2510170335917714,1.6356579162425788,1.4456447177881535,0.35218894534741424,1.063697493831384,1.5322683686566065,1.2089675413915346,1.0895588260452118,1.43358689194313,1.2523546546333881,0.841833323335268,0.9323849503370556,0.2863529584951813,0.5203744805030025,0.9340914964248834,0.7875557081100905,0.2964631532207619,-0.015556336757206444,0.8571103759032396,0.21054618950656787,0.4688588398377231,0.8397682220240693,1.7193123150377636,2.042895099224933,1.959151244092906,2.1008981917728864,1.9349824948719279,1.6154703687301553,0.7932496933419219,0.8633771935715848,1.6010827390061475,1.465672444064998,1.6818092867275343,1.8132206784623848,2.0067455127533615,1.1618541564152585,1.210682385234693,1.5859972678008596,1.2311954599160844,1.650863427325024,1.2287345148318372,1.8721097872362984,2.0130302519334875
-0.7842999644822046,-1.2038973541132343,-1.055567403835806,-1.058079575500661,-1.10564270466179,-0.3490379705681173,0.9086125013432167,0.0883000858883286,0.09322200594422757,0.059019019347124606,0.15138429381660193,-0.45113554106309967,-0.7808810563053473,-0.8689362692396357,-0.8362800356071434,-1.0015850271513973,-1.706576160451305,-1.28133318666557,-1.5791393711405017,-2.0897909919900255,-1.9444414245245147,-2.2757434631810134,-1.2462363995515815,-1.2401230514689516,-1.3443074585523975,-0.7633014660426165,-0.9754047318648772,-0.7208688845559011,-1.0361991645728397,-1.8226574347366784,-0.8798956395822887,-0.4410181334123044,-0.16625541374876673,-0.3413050346501901,-0.3045298156177134,-0.086212589266868,0.4015883568161234,-0.018208650672651417,-0.39779206518046006,-0.8573407906458028,-0.732259226701077,-0.8332581955552792,-1.2237932857773757,-1.8092944993967122,-1.758035043596431,-2.2470079987613087,-1.6816743601482158,-1.7692001990650088,-2.2123169854575555,-1.8271404997858458
1.8067192973465314,1.5398603342771298,0.9750122010244269,0.5093303521601187,0.46157242502391205,0.08026534255290167,-0.009938963246201304,0.08394593522354404,0.2877200608597735,-0.5775667564370401,-0.8023287331966539,-1.2237987717948158,-0.6603314305901866,-0.9985457915696784,-1.363354755447212,-2.1616002990515075,-1.6643325744483746,-1.4510647330005408,-1.099518537085041,-1.1056436669633114,-1.321366722571547,-1.1563303443870623,-1.5614715749715835,-1.2538115875068094,-1.010200809920089,-1.1737888808245343,-1.264694701582729,-0.7203462945328797,-0.8598429901862579,-0.5773616844520265,-0.32094582076699313,-0.6034472150864911,-0.12752292220518285,0.28107248555944336,0.6344756180331396,0.16626715768212674,0.25488880900281924,0.46900453267015707,0.8070830339463901,0.6360131689675588,1.124685278473685,0.14422353685978725,0.4453240900132129,0.011031727969757939,-0.5401471751829774,-0.28221635037805937,0.7905371436254867,0.28761434936051344,0.7271538685375166,1.1251944850058935
-1.1511404895051884,-0.8372084729797186,-0.5585817129644698,-0.6198904675353207,-0.5641838702359565,-0.5721520719798873,-0.7829526891611152,-0.8728079714412161,-1.1972562438006273,-1.5785953693738735,-0.5536998539367012,-1.0988367526698057,-0.887881913568664,-0.8763246616101688,-1.7650608691341587,-1.3320315171933748,-1.2042521477114256,-0.7529059426463335,-1.2555815814710491,-1.0143061874749424,-0.37240984857592047,-0.16237447519888085,-0.4029635379977049,-0.7111700494303954,-1.0878034579364702,-1.2953421311604438,-1.436608391348386,-1.5877991563554723,-1.0239460232379394,-1.0535424304256469,-0.7280572433287513,-0.9427378409682734,0.08450060286243015,-0.3296407974166241,0.3371076212840276,0.5598914464272469,1.2986038167558174,1.478818397493062,1.0315269416731045,0.8550698731258265,0.892165371439643,0.9119436538583376,1.1650111863568435,0.3095139687040037,0.606121732314662,0.8267406592204278,0.860086670220142,0.9180607626846449,0.9970966911611975,0.4417492788949961
0.38503285257179,0.26522701336833443,0.4042236489155747,0.1628759773339073,0.026484195062547473,-0.4517687356300108,-0.2516636117384655,-0.09156529769487667,-0.2709827334894583,-0.3123733048459411,0.7038612575205934,0.26972634545653423,0.46044373284498036,0.33619910481002374,0.29177029517965575,0.13871639680094683,0.17624390354444314,-0.42012220643139564,0.398410579255938,0.2959427862882132,-0.28937545340289916,-0.6757342030672656,-0.35841289894955775,-0.15303341486967617,-0.3419660109719542,-0.33006690537766276,-0.33964100381097145,-0.07089687004205183,-0.1493787291469053,-0.3598356077205898,-0.8666358577392287,-0.044430547890898155,-0.245144793839567,0.2433726029744078,0.5247897309189844,0.41574389944952367,0.34221674787397466,0.13498450587986857,-0.35547231560234643,-0.5333395969335081,-1.0438293966454,-0.5057777474084372,0.16996467584735117,0.5233627109323636,0.5007523076556433,0.2410417798295571,0.6937812809009207,0.5817106930842827,0.8448453768345849,0.9815551671329876
-1.151339471972078,-1.400436082860953,-1.6428917784390344,-1.5212334170829018,-1.0127628552296173,-0.5827769595259108,-0.16448710534110195,-0.5593579496752263,-0.2054729727191566,0.08249135865370134,0.27291651700361663,0.18182931087773288,-0.26270729835408524,-0.34672800120335034,-0.6485946894212391,-0.9465868288729931,-0.6181619598948354,-0.24393974935705084,-0.0367330485696446,-0.2894042131715335,-0.40515057543835953,-0.6555741316680305,-0.6392913291001151,-0.41412995559677845,-0.2939822580632729,0.36817484342300033,0.31867707462988487,0.40652538321020404,0.57930354298188,0.8103607809236654,0.6746393798923803,0.30442934376890746,0.24223677158667759,0.9022310258128006,0.8744562434011177,0.5616840565679778,-0.6838145781293534,-0.691764258246562,-1.1296933946508985,-0.832095499354889,-0.9213672141263496,-1.0283593206025854,-1.1181166415888248,-1.2829747598158505,-1.1008943934459787,-0.546948200845649,-0.7937012689762896,-0.15402049869865228,-0.2902634092904704,-0.2104986335999452
1.8827516298321367,1.7099894792660186,1.3209676364260985,1.5817884878921917,1.1771353866205603,0.8916126933194027,0.6871622126484521,0.6528649091181347,0.8213106908659905,0.2038676355588396,0.8846935264269427,0.413501288565779,0.2813846370181368,-0.06570246781253954,0.6103933262037705,0.5004975476585977,0.5640815076302297,0.5949678929664618,0.37211816695809335,-0.054649812510106914,-0.21404498123530957,-0.858751762982605,-1.259632222464477,-1.2277082002293993,-1.5183839883653305,-1.595820605092884,-1.6564985341627247,-1.7186054147564191,-2.298426807822428,-2.5876894259258063,-1.6401246159690048,-2.1140780960364514,-2.5802666842858137,-2.0712725913229986,-2.090883240514183,-1.6606335516228141,-1.167849927045477,-0.6069112657125544,0.17799314339668654,0.3068146074736612,0.22786549415052595,0.24761766343178504,0.7180379484460617,0.814457955272009,0.7237582273551723,0.3329250106980292,0.31697061686915934,-0.7749139426228561,-0.7844586482977269,-0.8153752586087056
-0.65797094490635,-1.1802651852184587,-0.5334976382681933,-0.7607625385210645,0.3497598595783136,0.7173050309648843,0.10106175820116556,0.808224664880081,1.1797373164704053,1.656591161169687,2.052470108279253,1.4688995098791175,1.1751502625368853,1.4265889106656013,1.4827888094416362,1.2040215211484204,0.7157613731270365,0.5107917921814203,0.5979473297050368,0.4875362628418187,0.5510840905403405,0.19744157726123682,0.15493653593306267,-0.6120591194597133,-1.5616688247281387,-1.4928930725889655,-1.0736592297437217,-2.640585983548694,-2.697928830652323,-2.470519075688596,-2.578131197779553,-2.7168051602102334,-2.5378334649356864,-2.9678136259607064,-3.593312880273515,-3.3211483614037713,-2.6071807998302465,-2.3795866207893037,-2.33405639884788,-2.0381748970118214,-2.35837713788826,-1.8591694232031977,-1.2657725440963359,-1.0399420706989548,-0.8909577915698496,-0.8417233006768874,-0.5267948694079143,-0.9221302630922417,-1.0635199746629875,-1.4184389226494343
-0.003927266006346012,0.5555974159053181,0.43727566073367635,0.8272221435528276,0.701291755945879,1.2910358805628865,1.0858643924222358,0.6513572952217502,0.20976583125646822,0.30265523269884853,0.1689774938534303,0.45357669475964413,0.840576127628529,0.2023608692359195,-0.0918330268023899,-0.13546458773512488,-0.09207169480488582,-0.09817294372597002,-0.4659903881904693,-0.45141714410594197,-0.2837191065337846,-0.5058879202747907,-0.9664919241728162,-0.6996331008426704,-0.7304455008361527,-1.0291036719575577,-1.1024646852449371,-1.4508313939633695,-0.8143886678511697,-1.5250161495286243,-2.065227419725769,-1.565942395026222,-1.481372355138143,-1.9113751552551868,-1.8960860579752563,-1.7136161072308875,-1.6815695253083756,-2.023901588765449,-1.6107014360906489,-1.4206372135612808,-1.7700857044789142,-1.3694552085494491,-1.1506871465481006,-1.7384021581327975,-1.29020335860509,-1.5908941097764153,-1.3486917352412437,-1.4107298606251744,-1.772945443357052,-1.0316493993658589
-1.6054281403553297,-1.4213387200108714,-1.661489973146118,-1.997288097040942,-1.8958481106077623,-1.4846238438279555,-1.9963044431892862,-1.6993270352767096,-1.4725918891952365,-1.8093348140785868,-1.9402349676748016,-1.3773268414810906,-1.4192490023783235,-1.3061218422894634,-1.1976724096722935,-1.2099758565979104,-0.4396569661428589,-0.5004365889910176,-0.18533820743937274,0.09741851706607868,-0.37073638209654947,-0.13260455934414422,-0.27621382184516613,-0.44915896613295947,-0.6572954522648798,-0.7583549846446339,-0.5847855570708939,-0.6912559856920767,-0.6987121023908017,-0.39618622586882835,-0.5662744640786981,-0.3087194955027635,-0.6135939662979137,-0.04698501719482122,0.7849325548550637,0.4431940502924483,0.2957566887670099,-0.23109212406568957,-0.4214790808300495,-0.3355207903823131,-0.9668490875266076,-1.2520387517057943,-0.7270162267751695,-0.5557925813599727,0.2605038606249011,-0.06847025064588934,-0.17102437814149368,-0.035509942023214267,0.3916164615120721,0.07853313660863748
0.6405952012883657,1.1814264648283626,1.3624617141812203,1.6009363827413845,2.0642600371916866,2.3431649950668563,1.5934591084960894,1.9423086744998357,2.01043327375282,1.9998633486969142,1.783307527735954,1.4117531949049458,1.3908132551171863,0.7737190081670949,0.9890351443562542,0.6627568261779876,0.6265739444933722,0.762459212877259,0.7066885586532107,1.036463515351558,1.5324723729439234,1.14154348840631,1.3076685083200363,0.9108982219914371,1.5438540437677581,1.2540968896358309,1.105390804526182,1.0763264451075887,1.055218449950191,1.3890066181646235,1.5951368654932372,1.5362451501968009,1.1958029805791393,1.2117070623107224,1.2210009210008206,1.035901797878588,0.8891211448208302,0.715852813167984,0.6654165528988258,-0.0933090851414707,-0.11992702735086337,-0.03925599014624579,-0.25516494520988736,-0.48028838603793855,-0.41581729509696835,0.11957696743406908,-0.041054125586154254,0.37933585723071994,0.972779881767664,0.7666920171169171
-0.22670137841670424,-0.0885986033315222,-0.36899910237824424,0.2604690306535266,0.4758675900911461,0.9297519061400413,1.0185079444288738,0.6573346964967266,1.3013254271974664,1.3332646145940028,1.4795116023001866,1.0894123298906817,0.9000956432838074,1.7601090703302895,2.4446691952312682,1.6508428712583276,1.7500462771752108,2.104720354001647,1.951070376313114,2.227987823916045,2.3252298564702283,2.6510010331692864,2.895116675930071,2.3884931146388273,2.156366354060348,2.405038548528658,2.0065400850039006,1.8355491545740465,2.1808037284205386,1.9427009583140606,1.7849244558392268,1.6702742089352804,1.3434826230115087,0.9828212872376818,1.1708747736796201,1.4044174777068827,0.7622363943639353,0.11764014164518295,-0.2462386634461893,0.46331814622289874,0.8248638401260833,0.4273340726053553,0.36813000115258165,1.0164853392094386,0.9652443459639043,0.8995100879203306,0.6173700109020565,0.8531138370554611,1.0289385418699755,1.3242104109138226
-0.3226079176632428,0.12664078527707656,0.13421793157671547,0.43715502883296153,0.1491749675228853,0.5765087075939558,-0.45475401917364555,-0.629848656576885,-1.2180817473248375,-1.681259895597338,-1.2573254713810642,-1.5347719641685111,-1.212092507194257,-1.4736437650968577,-1.295779643615975,-1.8228188968129684,-1.7453854729663332,-1.9558664473627827,-1.8570454289268628,-1.002789007520196,-0.7468679559459381,-0.6190115715049928,-0.7631041306708025,-0.35943239564487295,-0.22161267551541539,-0.05127428203204159,-0.16330777988750939,0.40974713522704803,0.07157064101823793,-0.35833811046552283,-0.6263993693216595,-1.084271017888219,-0.6520164142670908,-0.2509249269716086,0.4190155438792697,0.7157615394022186,1.34462809784729,0.9238543075572113,1.075576527814933,1.1384114120567812,0.9727723891518846,1.0698227509188352,0.9746689846542421,1.1477315751011719,1.7604109192798734,1.2404559647306217,1.0935468135628805,1.858920903222863,1.3935836599595655,1.223449502942511
-1.920597799188156,-1.6339771244641985,-1.3763135197366374,-0.6490687063750039,-0.7571729598442676,-0.47526850346214294,-0.23867910921304455,0.1867691846931595,0.6315698594766843,0.27830821483304913,-0.03183835508431503,-0.209197994543808,0.24900409231738801,-0.4126789755582045,0.06929167175659068,0.06397313804990369,0.2046421245617385,0.500042905932133,-0.2109414972284365,-0.17078118383816174,-0.31548388026602636,0.14241567153575932,0.15997957645330793,0.11377093679157124,0.4020529920360546,0.33107563900655773,-0.11553827285866038,-0.0741594839928682,-0.5678403217350443,-0.7242586446306454,-0.3245220042526341,0.6080846760647275,0.28750367390457454,0.08910999541025214,-0.009233369737649773,-0.581691199375097,-0.7886418608012093,-1.18914160177481,-1.5116896592314852,-1.8791936221746313,-2.2894564790440475,-1.8617853126484858,-2.1645878462169,-2.343986733038634,-2.34648415294417,-2.4702158653756405,-2.717492755523496,-2.4452628221194255,-2.7986397948645445,-3.5033932303458473
-0.28768734580130756,-0.980013414143452,-1.2983791685777102,-1.1149711108400766,-0.7524861581744279,-1.0033671580937256,-0.7237071238345764,-0.18283151573470224,-0.20744394404855807,0.29301862293149916,0.738997261910164,0.23824693905710617,0.4990932578245362,0.012643269033661418,-0.49412475035835374,-0.7402543086686866,-0.570978388690649,-0.6225131010355442,0.004568217600444984,-0.26183969159572307,0.1521055593140327,0.8469278580734496,0.8680091507846531,0.29948418661497483,0.45580771691612454,0.11147289604211887,-0.09833341553476806,-0.2083061363197804,-0.10147786864831985,0.4098095560326386,0.8020236469658867,0.7282749042139797,0.6293511995515524,0.3600581234887828,-0.3253594360626085,-0.2796197699848184,0.5854263514503408,0.1829300681583608,-0.19473226561910023,-0.35048999332620234,-0.3309953645383145,-1.0784420777152175,-1.2216902937320513,-0.8298729499892086,-0.6453883841995097,-0.5983096551482828,-1.3806632877275622,-1.2120407540562474,-0.9107482990610679,-0.6200146197951918
1.9118163789173088,2.3678966918919837,1.4081256903136445,1.592988639222378,1.6416166150285478,1.3784124519493706,1.590372984056941,1.4801366662061282,1.4440817719001315,0.6446289985193329,0.641447845320018,0.7292407529749042,0.2971717319018834,0.4510005943896179,0.6136564029493426,0.23199531917828567,-0.016231274481116473,-0.08591210221501522,0.497900345410298,-0.04601004336044403,0.611081589496381,0.03551745645264574,0.0919946720863798,-0.45082264144765927,-0.9646603973012285,-0.6379286035426371,-0.7271823035468655,-0.5286432273647591,-0.6967122301590988,-0.35691722295522865,-0.18438520590973773,-0.2948498715310536,-0.2712494278418427,0.2970566886103931,-0.2128914334123608,-0.5043148069658331,-0.377910820981827,0.03488852657598977,0.41651276112411934,1.1585002730046572,1.2674240141592839,0.8748748557787034,0.9450422979888669,1.2460847720592643,1.2944024485905097,0.9003390971675653,1.2799940807052144,1.5105645242800343,1.5950479200953198,1.506519248266737
-0.9828708702501664,-0.9064366839771926,-1.1218033871487625,-1.5499561535161765,-0.638254234054351,-0.5519023404216208,-0.5913596366522196,-0.23091233006340905,-0.21626047613403296,-0.20982436339533622,-0.2430682711728843,-0.5221893027152682,-0.8363272812903844,-0.6130316515478605,-0.2546554263684022,-0.7801838965208698,-0.6604494774839627,-0.5255701931222392,-0.5435410333012114,-1.1215770554552307,-1.2757904081360014,-1.232577994108671,-1.7897683588842095,-1.6001589425756375,-2.0062824896317335,-1.5249615650750412,-1.0284049066803942,0.1935427067153788,0.21298677154708323,-0.2011412948784119,-0.35380869963098505,-0.4508583819593006,-0.039475711440914926,-0.07092507918972538,0.00019706992613898448,-0.09322114742369611,0.7560382230386136,0.6355271607492129,1.0158593760512944,0.8390906133513294,0.7795225572579247,0.9274505021656844,0.5063872770171375,0.00782270554153704,-0.5605103012342866,-0.7614190015730566,-1.1525850749778133,-1.033592961055521,-0.7270254368931347,-0.7134698177276503
-1.8517647748094779,-2.2517285468061905,-1.6657642241195345,-1.0647666201406476,-0.38893127643794545,-0.35956054792269376,-0.5921409519919784,-0.666206563157731,-1.0957772382147377,-0.9946092206729202,-0.8465018237321245,-0.6806720065359151,-0.5868564305200961,-0.04801922809964013,0.011468512906462192,-0.11089947948024997,0.018909695915845383,-0.7402545416769357,-0.3388138372591294,-0.2971322935175175,0.2800547858998332,0.17520486764590842,0.1707150641759382,0.48135874421969516,0.5129234502301921,-0.09013456509727842,0.11191952063331324,0.45666053496820486,0.7590080150819352,0.6215390203992618,0.9371302909185689,0.6256596542037005,0.8966811823000514,1.1091753296602906,0.5681390841030279,0.3422035797472672,0.08204724062792836,0.3027418530513698,0.6703462038943585,0.9317018013414734,1.0268199659654933,0.920684482733246,1.050474071814048,1.2573755831236266,1.4814676441304044,1.098434365927334,0.4183480348733405,0.13212886594437734,0.6466638685268182,0.011533492367139462
0.13892891544297334,0.3360604231713912,0.58692184888486,0.5313169223831073,0.90350232379519,0.6563269252810301,0.44382428044556155,0.051277091123481645,0.1832183581650756,0.6228824436576096,-0.015538003182730112,-0.02012597575270885,0.32375680817794456,0.5273280740415666,0.32340495481817055,0.46375408292299114,0.47740833697475576,0.43774559688258735,0.41245799870471594,0.6376666574700965,0.20339951628777544,0.12916372992931174,-0.3587205249820195,-0.8612255993955427,-0.7372107218589907,-1.1544200498013963,-1.0997661409029929,-0.761252528850145,-1.6324724163696753,-1.654725498543468,-1.4669389997496844,-1.135454256305151,-0.8985872700362002,-1.0353461496553513,-1.4408779275042167,-1.0996898864933282,-1.2111203434752114,-1.054824178999788,-0.798034608570509,-0.5488927110091841,-0.6965639516845921,-0.37452529436930526,0.01765907800256799,0.45800022751314096,0.4598955939065251,-0.04769582561363988,-0.6437184445120607,-0.6356581189796776,-0.6182408597424038,-0.6360857185750417
-0.29963511069579946,-0.39158697704115963,-0.0692357709723366,0.8840350671822398,0.4665365797639171,0.8392854143251516,0.9054514677804143,1.2020283117357404,1.0263850793639997,0.6145431197985699,0.6089163872358835,0.5366686474853364,0.6465930648470274,0.5376730589694175,0.33616211889278336,0.2119150245080461,0.08967260679750666,0.7324567649471171,0.09738574968415835,0.03162409399976812,-0.5696062720906704,-0.4982219706803162,-0.6883247692805269,-1.0784586302774861,-0.23833348924726394,-0.12529416822037878,-0.0015440636005669324,-0.0347297463005346,-0.1126634172283645,-0.11492088105774391,0.6052295964937633,-0.11810212205625771,-0.6245272492906707,-0.5513759662866625,-1.1800373481557807,-0.8154933482141459,-1.4126178895881392,-1.206164124541009,-1.0392790151671147,-1.657759455439645,-1.6978006192494273,-1.7079651733249568,-1.2599264627911482,-1.9816366222867534,-2.026781996927635,-1.2533608163591294,-1.2442826005355772,-0.9920565787956286,-1.291472023101494,-1.4637112402866563
-0.9601889442906604,-0.7314641149012278,-0.1582924621637081,0.08604758713748577,0.15428883337282975,0.606892180769312,-0.1978286246135248,-0.3361630716032366,-0.8258652484887006,-1.1975454706171806,-0.6577668840921425,-0.8424921388539434,-0.8977146371186266,-1.1025697179544873,-0.9430793662213812,-1.7462848514921534,-1.377552834103221,-0.9079864319846747,-0.3906545927621552,-0.08934117290185178,-0.3855654904521518,-0.3467397586002406,-0.39526477907204965,-0.8066700118288831,-1.2657721597354479,-1.279051844650709,-1.5354185860580098,-0.9570108372513485,-1.348900699080743,-1.1572056204396002,-1.0901493433485123,-0.30976340736780966,-1.0913353101542114,-1.4010718567028613,-1.3252899585921611,-1.2266534602450483,-1.5629748863739594,-1.1090405402975017,-1.1743585723419192,-1.037283995368861,-0.8393290376224372,-0.5251242694190645,-0.25453130627462,0.06982265248271635,0.13633465940897344,-0.26730585729314627,-0.9815194706172752,-0.19177567444921106,-0.015149792928519333,-0.09998932093001436
-0.20737488906652274,-0.07741395432745621,-0.41249227488525975,-0.5173153396741963,-0.10832851406831204,-0.031027219760641787,-0.35348339133938006,-0.47641868323023867,-0.7669391978038262,-0.5673247930329616,-0.3557007336468183,-0.5464370413297542,-0.4181060266162723,-0.8553778395398048,-0.6465139234192097,-0.6701101466103349,-0.48571161611216446,-0.7962797736578602,-0.1258856665398054,-0.08220727779111484,0.41784994463245206,0.2648689790038174,0.6619197193549197,0.4798172760839142,-0.17670617004650127,-0.028632033871152283,-0.16248729285308322,-0.6295485904392553,-1.1023097024538164,-1.4569363289051231,-1.6327741026843625,-0.91263039644264,-1.7201510818436196,-1.8151653343477434,-1.2043054617778413,-1.452257896084398,-1.3404560089448625,-1.0055169882816262,-1.4690227896557808,-1.44230814124818,-1.451525632579594,-2.046542984501438,-1.8966687909302429,-1.9626982479033372,-2.275599565046595,-2.0841883652878557,-2.289924750928941,-2.254611757697415,-2.5230312401864645,-2.8141697745110035
1.5439745165332224,0.8856709876068607,0.47921980267679154,0.46291992230610457,0.08247037042019674,-0.23660657419687584,-1.000777241616796,-0.9564215443860837,-1.1339076585152446,-0.860579138678261,0.12306135489580587,0.47453769690540376,0.9994345654376555,0.5128729638176713,0.11980650570944029,0.3800898312338306,0.04957020263606741,-0.0915784458176044,-0.33354944709107054,-1.0108579844731664,-0.13684643907622943,-0.26024815816269875,0.2863515485431554,0.6218543868423708,-0.10826463044645837,-0.1766311970509785,0.05732901957338808,0.16095299475683614,-0.5990738063509617,-0.7064773080993916,-0.9152451621883089,-0.939154668631657,-0.40068460481484003,-0.01643802903845243,-0.20693515136660182,0.07127596953423797,0.704477863083451,0.5479593358617322,0.3833868309858558,0.9362009964736688,0.8245018606297655,0.684634086094352,1.3570834368557403,0.4825595028504087,0.7894689543733778,0.7595251234636201,1.046812024778575,1.1678861266470617,1.277448279955702,1.2964257871217717
-0.6488796348989907,-0.27725803679223954,-0.5098241897260011,-0.07796620795583496,-0.4781843841850674,-0.396233621378757,0.007602259339941666,-0.4530207323694507,-0.004868403355161783,0.0734903793578536,0.811783468447329,0.4567636320990128,0.6924743136425021,0.5055619409337682,0.5880435017296628,0.25163667309968524,-0.18915096483752444,-0.17477952237357902,-0.6383126187417365,-0.34974893187946204,-0.11176807514834786,-0.15890022690287584,-0.3512119394388199,-0.20040531922610252,-0.11125545065537293,0.6978214532557527,-0.31166387519745026,0.48683112148552277,1.5262184319631236,1.255351613286222,1.5578667075704105,1.950146358425357,1.7321951161047269,1.5909583444659838,1.7228228661924498,2.663912266148663,2.2193142617025634,2.6325410103791866,2.794661974701913,3.5209590985255232,2.7869616437031777,3.027653743605839,2.5785254895427836,2.3475741724441677,2.03504364957133,1.826855743345802,1.7475296249808494,1.4348648519050338,1.740323853186451,1.8592511922487265
-0.3646838331107733,-0.5403657611865341,-0.5273033186019859,-0.42994592432552237,-0.6304219108528604,-0.5821118294328332,-0.2256770676894804,0.23533133352869084,0.2843353825174581,0.4708297297248454,0.5573034738004654,-0.04344132142668705,0.4663270944688377,-0.40476701134234244,0.1958684622479614,-0.6082951173928949,-1.2086849771479085,-1.2485248323968026,-0.645917922308422,-0.9126058550369553,-1.15298461570785,-1.7561446807777354,-2.11867166206974,-1.9054426727148737,-1.7031608356727364,-1.7934118029263129,-1.5189066478690934,-1.2756500119776382,-1.0738390179942736,-0.7202558254129359,-0.943865463261135,-1.0757910698463193,-1.1936515811375354,-1.1017094899958675,-1.286381931635486,-1.38767433144804,-1.8225594291236398,-1.7764681063112784,-1.7941260344165966,-1.5741970041904867,-1.5276157637514483,-1.3928303732206386,-1.5416350633359515,-1.7702060079526154,-0.9695607676076768,-1.5144047816228614,-1.4165408245387259,-1.2433487790610773,-0.5159375725967745,-0.8288438859308053
-1.9412120604172813,-1.7500779346802766,-1.9389607172220202,-2.556324928174095,-2.0898568539564106,-1.2476889374083082,-0.8606742787649768,-1.137272470457028,-0.743047010612321,-0.13990153317403664,-0.5871019939869822,-1.0599344552927634,-1.2914996164567556,-1.3024879727922598,-1.293914891925741,-1.5241778266102137,-1.0521863880069333,-1.6896435498690254,-1.7383710956725171,-1.9360992654844207,-2.15726797031119,-1.8486056583162291,-2.014651764163733,-1.8414585862005215,-1.92482933043567,-1.2323245232544517,-1.0375281343531597,-1.0093092654550957,-0.6443384205102772,-0.1346665528897999,-0.32679767704363166,-0.12099927063121763,-0.24039997419485157,-0.5409528619423628,-0.7617586115090156,-0.09912669660990912,0.20403574909244587,0.40611433778187495,0.8542105723406872,0.9233446163101402,0.48248112221006645,0.6715607708209769,0.383619967653909,0.40553511019792055,0.49787279311730875,0.7335603767401856,0.5747585042182747,1.153119780545415,1.29609761630088,1.0066852211520139
-0.3992428795039202,-1.1480787809070343,-0.9138390730493932,-0.21930660652493655,-0.7468193603485455,-0.9490189487649012,-0.6438346539566555,-0.07330781923395314,0.1664054588725196,0.8725139353875648,1.003268230757421,1.2172856289574618,1.2655150839803073,1.236790410486919,0.6798670535648977,0.5506179192664031,0.868529683084797,1.146568655205337,0.5430167786877449,0.1435470812081639,-0.06468472111783521,-0.011089761716536969,-0.18494117400339097,-0.02173119579062307,0.6201659908639452,1.3300214431148818,1.5738720018770567,1.8405161443368125,1.028007910428043,1.0206389552652195,1.4378970733047722,1.3252119646603044,1.201128575522353,1.1892258791296753,1.2644047604504467,1.2726820041778113,0.4399029728028549,-0.22161654394326,0.40249040996561947,-0.8165565296530445,0.08130654807991003,0.10587072145836617,0.13775383470854813,-0.26117828560651973,-1.0841573597703171,-1.3062514452261378,-0.9624324358439109,-0.6736370802199119,-0.6748988959145104,-0.4913369231008154
-0.9246199423201049,-1.0265565428367902,-0.8727263646140466,-0.23826043133544642,-0.11767117031837519,-0.7208710245759571,-0.4261882615056331,-0.4615288880270978,-0.8626886769707621,-0.35335704830267944,0.018805007713086967,0.6320864803276274,0.9165240944822995,0.3406388359228066,0.12991181092276102,0.33569889630791966,0.46568389931868004,0.9739962283977246,1.04216914532727,1.0424776798015034,1.2472673253224114,0.7494107207269558,0.6313165326180438,0.9316721536435472,0.6541354341999942,0.591488338378616,0.7602983089356379,0.43721616448369766,0.004697086550553629,-0.1330442936004878,-0.1392523171739731,-1.1284067015565709,-0.7450243594912889,-1.352110378665833,-1.5966846145998341,-1.9604848594040563,-1.7834909587494645,-2.011362691132493,-1.9968964648845609,-1.9590156406122579,-2.117685539038066,-2.1317916344578403,-2.713323877584381,-2.954958390247936,-2.0024128798195227,-2.123638713660553,-1.0589480128137145,-1.0153869230386678,-0.20436036485838552,-0.10244757636546566
-0.0103060379780569,-0.21692492943161684,0.7004371240006071,0.49945938192107847,-0.3327281173998446,-0.06380960127313694,-0.4487537739036976,-0.12835391484465963,0.09652597032783639,0.22182813782375072,0.47985849995858826,0.9108590673865079,0.4784534033891047,-0.06445017180523106,0.21595018313383962,0.08877687876626741,-0.3675463918828261,-0.5042026478139692,-0.16265319153394048,-0.2220945091662016,0.09099158013989786,-1.0796884649489633,-1.1622151585735687,-1.5319112335229887,-1.4640201556719161,-0.8216675638855032,-0.6276763906027134,0.16857474610961543,-0.2596649108783613,-0.5725554525829101,-0.8750260937304956,-0.5367637414466989,-0.10548790165080132,-0.30314421407561903,-0.12013031551847575,0.007074984452907488,0.3913861116442506,-0.061064379567648264,0.3711268619916699,0.5735926752677132,0.5541728048976805,0.9893932822575067,0.42723393488662015,0.46532088288951506,1.070025332710501,1.4822809914269721,1.7607137277621951,1.6278005584303177,1.4935648319496082,1.6623161900966628
-0.6428112822457448,-0.07972407061397149,-0.13216136339469026,-0.5328285530293151,-0.5630862060317017,-0.4124821370252998,-1.2196469586839989,-1.247737286844433,-1.4534291105763315,-1.3185127913827428,-1.1264690066408471,-0.9981513306333827,-0.6871474716434218,-1.0712623716162117,-1.1742352392720883,-1.3564818870435138,-1.3001834495277969,-1.5988236712327426,-1.4702446123566026,-1.2169649609831514,-1.1577619987902374,-1.4667349820775875,-1.0749148722441046,-0.6566399704781971,-0.4653082971048107,0.11775840112552746,-0.43164400097367717,0.0024416163760736507,0.2525358374561477,0.8457120890132754,1.8249377859325349,1.8145741198820966,1.5829451438919073,1.266002513048273,1.063624995818552,1.372313727695009,1.0732121210324865,1.0795850557429505,1.2211650866771098,0.6932046048637679,0.6895061447730448,1.2233310163292372,1.1426840471115496,0.4921741624171929,0.05761548597164211,-0.812511664034646,-0.7249230445315094,-0.9994429785111542,-0.2466003071172948,0.12600665649819845
0.2200743705589151,0.02157318569038302,-0.46987979938285457,-0.39584076634247356,-0.12353882278436659,0.3618737006761474,0.8173242340647856,1.1109029290825445,1.0592165445006796,0.7379118829229123,0.475039984281255,0.5144579533217916,0.759770718267235,1.3768102938914586,1.5965510471424007,0.9182341835837265,0.4434298889690618,0.8146201395048461,1.3973780594118363,0.6719982427680733,0.5149523501713615,0.02961410599966532,-0.1353510341757328,-0.5687120382741051,-0.6721588971034064,-0.46651346529281934,-0.5681724990941421,-0.6514291021732737,-0.2197658839872775,-0.013343284430414715,0.00453121902039074,-0.4000971714116397,-0.8654540084759353,-0.8564990156586594,-1.03847343874939,-1.39950856194912,-1.4287551683120878,-1.555760699195698,-2.0452352322397944,-2.081478283914914,-1.9845886236840466,-1.5335615827151192,-1.0575670910406931,-1.2107352893784318,-1.4263051684574362,-0.6912258675996446,-0.15931682718037216,0.32309447641296124,0.6288433345043571,1.6981483488316882
-0.08100142056367395,-0.21087208284262066,0.5610723730233714,-0.03717518249069966,-0.01468327931422676,0.14349161468349034,0.15904920562737487,0.48747357925832263,-0.004128499278714448,-0.26437025495504046,-0.9537434642891616,-0.27048613355797413,-0.4227490271448519,-0.57827353128049,-1.605202164055134,-1.5545489121715186,-0.8386701592322796,-0.4067259893737321,-0.27353716960725605,-0.5038930160307169,-0.8359964684695823,-1.5308291589761132,-1.3896366917529455,-1.3606563102950275,-1.581934027103198,-2.0590824710157754,-2.2994726890883586,-1.9255260119995266,-1.2851499075604746,-1.0204722367702466,-0.9113736740288483,0.2435157678648471,0.5741484091585053,0.711274040839653,1.2178361129231356,1.1435225194172411,0.5293262131775637,0.25539084339987983,-0.07291664144834341,0.3725376276919243,0.11399593619647153,-0.38702537340741866,-0.1264000142018779,-0.6223574927290263,-0.39659282966261783,-0.04293071172776801,-0.3032829308463162,-1.0066337221368966,-0.6009378553044173,-0.7832974651274838
-0.407141899003564,-1.4942114599883853,-0.9067853052759239,-0.8271769756284297,-0.841078578576867,-0.8839372859040827,-0.5881440278949489,0.3334633811258436,0.06975633264770965,0.4190305971860503,-0.1823234693136802,0.04644002033371181,-0.5633014367392738,-1.6810860574967852,-1.4974639286605378,-1.3565042166624794,-1.601601589690081,-2.241086808584471,-1.9631732220166171,-1.6496384693385902,-0.32925159209477606,-0.48479162246912383,-0.3556163799524651,0.18608736171774523,0.5436942776663585,0.48422553342780283,0.5704675792886941,0.02890773031053741,0.030604865288761912,0.46962989773904446,0.40778620082890693,0.3872830552852128,0.3785031135380938,-0.4801762138967087,-0.5519951633912616,-0.22179568597700602,0.3005677921099679,0.5040192973840025,0.4016348267068403,1.0661607899143526,1.5288783593389395,0.5669492191993092,1.429049677251846,1.4196178331707336,1.7056258161514708,1.106777281153733,1.2421815035477362,0.7466301058593257,0.9398090110180523,0.5337146696103215
-0.26528964481241346,0.26630624107876283,0.08944874696999992,0.47283658570451964,-0.11424101439178898,0.40628485874100306,0.6342037759669908,0.8651512379270115,1.117395725764379,0.9645633567588827,1.3907881539251494,0.7849351346470036,0.5259744684443134,0.4747552342232277,0.39357671609644035,-0.2451480682476835,0.026925646262756703,-0.47983521139753765,-0.20245841207529144,-0.16786495500900003,0.26034755781024554,0.4526456224252953,0.5595570875182396,0.11985549923083474,0.24205872990139427,0.2496479104231701,0.07939888601512883,-0.15165024962508913,0.2793002200095277,-0.048175768482732355,-0.04053247560162111,-0.52936009667856,-0.43308353146310774,-0.0731850904263196,-0.08790898179062882,0.2013112827991881,0.4246850804025659,0.7081528799390392,0.838682933209215,0.6034806978204283,0.6082134443099159,1.0625906971468146,1.1207879771251694,1.3229413467145577,0.726871093528533,0.5152053347714542,0.6268687071894111,0.4718271298315258,0.5487251569058512,0.7013469692970932
0.474003131929584,-0.055335065884810686,0.19657897594446402,-0.2990642171446521,-0.29606470220613473,0.17893895300210377,0.41207375090813725,-0.2603429999644547,-0.04778006454327105,0.06691598827115237,-0.26539875688865266,0.16339541981612501,1.200239666775314,0.5797294940065236,1.0449430134083275,0.5012869046967525,0.4034807571186639,-0.24623394054154235,-1.1741807754565776,-1.3301114184352465,-1.215368658682692,-1.6884059797410023,-1.5982744245150509,-1.0847295280666247,-0.35298763395933896,-0.38792213103492906,-0.6670767888157355,-0.32601821929780517,-0.19442021292157363,0.11066834386914769,0.06416474298516192,0.29569945899123534,0.5386723028493897,0.13403792721866462,-0.2035044684017706,0.3325394100745986,0.8659288226434367,1.0731257773404228,0.6717921218491498,0.7563775113058475,0.1534513166602591,-0.0797055339988481,0.3189780614078528,0.09672433768661368,-0.5026544668088293,-0.8014800477867657,-0.9191741342841994,-0.2586438485195786,-0.09774815418145445,-0.27991314802512635
0.5038953242794333,0.5318036336851784,0.31638509951072996,-0.0401024463400869,0.20516577509809764,0.26768436827863623,-0.1252990132783746,-0.16595382822332028,0.058047915998038824,-0.22812144302308954,-0.09337474826240845,-0.029192453889783292,-0.24275764302347094,-0.3056103459830485,-0.3778621430340975,0.21204407959248012,0.4917460501501131,0.4525322362174384,0.9339972924473811,0.6474276461388607,0.40678358253258196,1.0045096435381653,0.8650651714977449,1.1871438847298172,1.088786555136952,0.8273683871079719,0.7844640548410753,1.5556180626108072,1.7361619601922278,2.199421157998994,1.9826071696285976,1.6183073041872793,1.1681261960984155,1.297056919419334,1.1959942264101067,0.9152804994320649,0.8614759202363941,0.7291807447969182,-0.20715008158124026,0.11483976619081167,0.18934662360566842,0.26004512824741194,0.5274314793827024,0.5927911599935543,0.6792355006741796,0.6329870310655742,0.5487566499404368,0.1630560672018777,-0.09556876570607452,-0.9622634860458028
0.8696269242869175,1.1265015056461647,0.8049495869104312,1.356494286561879,0.5931592028239239,0.21516547567514233,-0.15595281223472066,0.28026109081873424,0.5777179831488182,0.8307361532449441,1.5399331118529347,1.560345811391765,2.277570463395131,1.9425153906190538,2.195297310310123,1.9988149906787571,2.2027064560572245,1.7278869504757968,1.232565837289981,0.4992096338756435,0.4667026864864691,1.0627300468535938,0.5480739275245319,0.9938678635038265,0.5408782258917424,0.33312948093750744,0.4607892631874307,0.16559566686283284,0.5270697149491788,0.05348829278947869,-0.26352519748726905,-0.08210709260821782,0.2412340074767543,0.5553099755546018,0.8393192011895643,0.419179485458085,0.6170282953001581,0.311778192017544,-0.5360611310248862,0.06658202137056121,0.4978726480485775,-0.13272797722022686,0.05538780972522833,-0.19283674906436138,-0.3430520415733713,-0.16274530174021828,0.225079876706765,0.0213448047945444,0.6353733185398043,0.12857176035324627
0.4414744108331581,0.12694303469000112,-0.05714373104488731,-0.17916108921222298,-0.12553790467449355,0.04914553426845175,-0.31629192920071636,-0.5158730077996057,-0.17415441371242685,-0.04951173046073822,-0.24882882549306132,-0.3971654075601858,-0.5861163898411258,-0.3032149448762399,0.09288800249057254,0.054769581378067075,-0.6739888331621193,-0.784469299959777,-0.5870104505223511,-1.0548353566162445,-1.8813643362679073,-1.5021532522881682,-0.9438567044812065,-1.073371653389861,-1.0965351857997523,-1.5153153919694735,-1.8357242227460149,-1.4804814303329648,-0.9423578847645001,-1.4004124404899352,-0.9056129946015297,-0.6579772828996842,-0.3733652207001312,-0.5829156719751989,-0.2173423786685771,-0.13874345584246248,0.06827369208853606,0.3583620745324426,-0.060494463606678706,0.020497858441404157,-0.18603969100582213,-0.1714769022117037,-0.23914223783072122,-0.01682528988567598,0.15535675760810774,0.09644995904253006,-0.5190560999745962,0.16720794095761154,0.30441494536567115,0.3213951915473679
0.13707434627896461,0.0033045053145471406,-0.26371664400675515,-0.5840293758204465,-0.4662764785486293,0.4140582637366101,-0.42482954439780285,-0.8985126329831638,-1.2165815286380044,-0.7821572415231901,-1.0993773914100347,-0.5335970757783404,-0.44816024848415464,-1.2550087325034507,-1.325430445652734,-0.9070361105113404,-1.140825762727483,-0.4012349786060983,-0.5042757539364076,0.3498851821713379,0.4835079394716127,0.8066987588822419,0.5270062752589967,0.18087697754321416,0.1491021085631233,-0.11169053078138134,-0.011565989294271545,0.463128505205668,0.19372837896973769,-0.21571824725747504,-0.1632274689523501,-0.43188584810484065,0.19084456609248993,-0.06273837845337248,0.09768948181411226,-0.5110280164033033,-0.5767515346102331,-0.007834040266134653,-0.22573322670366952,-0.2120199690533578,-0.008021218528727067,-0.6801187187158314,-0.011238637913858734,0.49174243281562424,0.1372401049535242,-0.027718212255416003,-0.7988944444804943,-0.5356846160711871,-1.2762272191725463,-1.7477158312643029
0.4928239766814263,-0.156834633139174,-0.38457376645392954,0.04849991476419108,-0.10950505941837159,-0.34221357292458804,-0.7344515403541948,-0.7464236036679567,-1.0396729327854253,-0.6501611001819041,-0.1742614313770235,0.29711656508808293,0.011938121370133458,0.27122169219199177,0.1056469061206807,-0.3960628121838024,-0.8150303983070389,-0.5168239295682847,-1.1030074256818605,-1.097665447019295,-0.9911891257692501,-1.438965886178495,-1.726850120207198,-1.588046845539342,-1.6923942322131276,-1.6739758218444951,-1.114962095136355,-1.1679097253374942,-0.873498939281908,-0.4293753869949143,0.12881756689904164,0.11372781017859442,0.28282471308754387,-0.005174050344846543,-0.0901741187558197,0.6395809323024766,0.16959257459077406,0.2207796364472966,0.45908038573710414,-0.32731114295059144,-0.6745105192554921,-0.7386238359816673,-0.00037547280193128154,-0.8949500838393225,-0.9479653897813619,0.023144110127597036,-0.16894372784449527,0.05289429313443265,-0.3331923764783645,-0.94185342310282
0.24539733215389173,-0.1287288261593234,0.08887314766633986,-0.1509485544506831,0.28140946180969034,0.3335260752809494,1.012355733179353,0.5059661939380217,-0.1715165960185622,-0.1039162713502826,-0.44004908024290224,-1.2200986523406807,-0.4472653669572299,-0.463202945861839,-0.30863988889114063,-0.012631793641682532,0.3926739372456008,-0.010423788195495973,0.5503417323113843,1.533029871198978,1.6570957307729786,1.624637243651651,1.210490474238712,1.8810845930172497,1.6479494447642886,1.821382207319435,1.4001891077549826,1.8237887927919543,2.2321459869979097,1.7394721851877208,1.635988710940493,1.4071662535372875,0.15726672435155478,0.42666974139829894,0.9621121842169036,1.4497448120418146,1.3972582663101205,0.9499887059277118,0.10528593798652025,0.3110061372604551,-0.056762897460594416,-0.1776133311557395,-0.1792696018910474,-0.8757557344000956,-0.5427765303565729,-0.8538083629063363,-0.8545533925107582,-0.6668610475186014,-0.5842665466389828,-0.9431885798014144
-1.5542048739384493,-1.9044004932186747,-2.0761518514407995,-2.3966581262312174,-2.7149793340479356,-1.7019284700747264,-1.1488163615170521,-0.8886183057597588,-0.5448302183288917,-1.0947357190514568,-1.4239795250860048,-1.3657981905079206,-1.7700806312034774,-1.4740212607351084,-1.4827382577085466,-1.427348135467908,-1.2089577805763299,-1.537480738775917,-1.0864248945177628,-0.26085936736656656,0.4502227940724044,-0.04744098348906561,0.4336914441765912,1.0325228979903136,1.2512513749848058,0.9683589454623777,0.5444842139021547,0.2419667141662273,0.06336510245078787,0.8482124219889257,0.7855475218480634,0.49995648916443336,0.2594495725160536,0.5020387610757386,0.020691394781359403,-0.23720541799580225,0.10437029780906393,0.39501719649296896,0.9494862333868731,1.2504876762117887,0.6151986775827764,0.3448375304816144,-0.019348644583061517,0.8770453035305257,0.3604875602186789,0.024834448223542853,-0.05885090071557431,-0.1902593901267686,0.7326330452262755,0.5372882213182107
2.1679293987332806,1.6546826593761454,1.6108858811796305,1.0611670846347303,1.406240862389821,1.69186437851197,1.7356281488135281,1.273060474254637,1.1053841855096072,1.1423590060301747,0.6785299258239305,1.1191864095802815,0.3461509767750142,1.052595796798403,1.3543827380302829,1.7253164078706158,1.4173329621880955,1.2900244624473884,1.4864139787194208,2.3237791498670815,1.1624136664853792,0.8047994830158094,0.19095949983836744,0.12303308521468032,0.15988198821840333,-0.14188701006362167,-0.17021405232654208,-0.5604919963029359,-0.7282171715197455,-1.1831198022664031,-0.8011631750031148,-0.16638591370202074,0.3000444060315619,-0.5052571728073454,-0.10874445262209005,-0.5924840072708137,-0.5182632805421311,-0.37142653320091684,-0.6788276506922933,-0.6453924887855811,-0.3507381244145844,-0.24884764537172951,-0.361046330387278,0.11950122837597363,0.3799050592550259,0.531734565820286,0.624088485304147,0.32526948916208875,-0.1835212246587694,0.04919272260465022
0.385158878758454,0.4257975484025563,-0.12463046403459878,-0.18689045816168812,0.06522967384302798,0.14447181158442352,0.1598542787808072,0.3372241634307617,0.49771188503982544,0.8209219112110993,0.9306985154770129,0.7947948622688309,0.7109964784015549,0.5190096830033682,0.3706531739890615,-0.08374344799541582,-0.9106275974273945,-0.5585871035716069,-0.09950063009364069,-0.537931287527119,-0.2835579390979962,-0.5108702168213326,0.002694377440561358,-0.11741233835220224,0.230582078604938,0.17789263676483363,0.2401815983601664,0.25919453074754734,1.1926008367554375,0.6984731080659139,0.13815803585465777,-0.13884045071923237,-0.11895966872897024,-0.8508468759615577,-0.1262237600905191,-0.7954219309908654,-0.3336636743257915,-0.11966383782303187,0.3271017879957787,0.6190704368514307,0.9748370379494388,0.8314859426557542,0.7797863281479521,-0.1470960805018703,-0.20906013075895855,0.31055196444796,0.15994013145946243,0.4019697139047539,0.30308641652557056,-0.40420107224929425
1.0658822636510135,0.45914588480068624,-0.12314604629654606,-0.10232948456120074,-0.9233378822362094,-0.8779349245314516,-0.9124479727236443,-0.3456864299310543,-0.19201425087836368,-0.2582429248797056,0.305801008750591,1.2301490768972778,1.0361529714507087,0.8645866003814087,0.6409855901955093,0.9145209455462063,1.1578098732496824,1.0914459203557276,0.9409874955776812,1.4282369720708015,1.5042197798582495,1.5447636929409416,1.1990512702952811,1.29081191927966,1.3262769573785274,1.0844543613591615,0.8585069187522413,0.7918968815127422,0.8648991165312806,0.13860778793550305,0.41038902899172447,0.05565705161187221,-0.6320333795317944,-0.48204860922294035,-1.1311414482258377,-1.417343493402469,-1.5979931606648439,-1.565312054297658,-1.886266028129429,-1.5032333006707947,-1.7243501745972416,-1.6933692504021773,-2.3954295281383593,-2.612717844495313,-2.2419058370144587,-1.6398717226485133,-1.7146132532805725,-1.9089648852332128,-1.1275883073615596,-1.166424743385318
-0.3766565071994102,-0.17786304787297003,0.019929895465983758,0.08252955632435285,-0.7363088699444531,-0.4024723618074978,-0.059299996379645364,-0.8076225126381626,-0.4613175259813317,0.018421056194609303,0.13431356222604668,0.5007382308877881,1.1761945144762065,1.0117645151113839,1.0578625549886747,1.000905636855561,1.5131181439042007,1.384256973961428,1.4449540965149406,1.2008901817876823,1.745107471753458,1.8665028511851924,1.4180955415527963,1.328504324083945,1.0846978893092147,0.7386782940365121,0.5219645205222737,0.8542409766098923,1.1002923882865403,1.491943829976739,1.3610408625813664,0.7547226892664904,0.8970899839556482,0.6926558153708465,0.0233115506780958,0.1447898551877916,0.3741576094471182,0.1840043273824253,0.4438815134959819,0.003068771151003098,-0.030094103469429798,-0.18397214879565213,-0.012219921267775671,-0.10895825830269867,0.016962205317471345,-0.8790816399038086,-0.6903072641248693,-0.1326804142685119,0.1675577066720804,0.3204832289668761
-0.9441790679941359,-0.9033796859964525,-0.8294262179783577,-0.8871195640919773,-0.7820194191644246,-0.2781751784777035,-0.11623671482433467,0.9287254852137591,0.3072245312674093,1.406801090214979,0.5223417040087013,0.9975488504068603,0.866226682957154,1.1818467772805998,1.1661715252316391,1.1885931829763696,1.0245658302179756,0.04579237842850373,-0.34295476848865775,-0.8925189678526111,-0.6614185005688678,-0.26785507458567903,-0.06914863076521473,0.2036226294019819,-0.35524957165457216,-0.5435017982605397,-0.7803400748581267,-1.035921094592636,0.18994178683033025,0.6202583528664226,-0.21402363274455205,0.09217493187858604,0.5886878028468625,1.1623605938076762,0.327562678356285,-0.40149985714487446,-0.6182585116016451,-1.0729000637103658,-0.7009645218285702,-0.5924768772142206,0.5597077303963293,0.17866418711092044,-0.2837635498472129,-0.7254357958976292,0.5652178630490081,0.6383942691861081,0.16944668893192247,0.0787878168912308,0.09984506657940402,-0.17589674344083614
0.20849052793114972,0.09111353827581752,0.09219446065458348,-0.16962062957057994,-0.21752801498979335,-0.4393738281491198,-0.5379028717943345,-0.46002510988371037,-0.6185630393535462,-0.5888375004973334,-0.7766710961049365,-0.2411882775428811,-0.021700621371022025,-0.025826904084874362,0.26769021531809334,0.1512596314178359,0.20519763055787743,0.01893710925921904,0.2206022547577101,0.39126639301957744,0.3761433074012484,0.7829427852724542,0.7688236614530883,0.63345515649285,1.2574925362093166,1.4964096968628153,1.2420807842650101,1.2491699355529318,0.6183717531481558,1.258521043089439,1.4746091284179903,1.805384071811238,2.065080927462979,1.464635025462661,2.063597080229765,1.9493172537473067,1.5226780605731633,1.3586468985656561,0.8289650772690432,0.08456808609586879,-0.4617083866070611,-0.4709466598861079,-0.7251178964557169,-1.147355118964297,-1.24047414245883,-1.285754247092307,-0.9735084127900917,-0.9206056614043451,-0.6181424580769712,-0.48470940604478774
0.11372062455368666,0.3192486988771842,0.3321233363034428,-0.1605831161808964,0.2118765945581761,-0.17972170762450584,-0.7097410715922202,-0.8434538769684066,-0.9552620345403361,-1.2643139642935834,-0.7736971123140057,-0.717122631585721,-0.29284630420346575,-0.21932488086617818,-0.10124475098402168,-0.07940682129168275,-0.6270553799855046,-0.6575253282841532,0.28109720455995846,0.722266495673076,0.7685604007631304,1.1084067534282607,2.1045441420002646,1.8759600777204166,1.9165084360066467,1.6388649192776454,1.3688396282689281,1.628056753579096,1.7330908081217322,1.5011353367485116,1.7301744592994546,1.845002254270019,1.3394707241137733,0.18126999006935476,-0.5038161744458385,-0.8868015168621565,-0.9285287566149919,-1.1679306452774278,-1.5035752710319839,-1.2086712689717567,-1.197688508451904,-0.9388743902852014,-1.037019594241828,-0.3663613163267709,-0.013735311974249957,-0.8332021195091263,-0.5108900147848577,-0.5711022079701613,-1.0192253971891767,-1.1270810536046203
0.8050068390326068,0.7120708691731983,0.28191070818433017,0.1704993629238618,0.5004990995492391,0.17760531504158372,0.03856299144402143,0.3570824103641602,0.44690163988571435,0.8233252423954175,0.521939921195196,0.9255456294554026,0.7419641959438835,0.7350398957722425,0.4805014996551092,-0.008693372815036264,0.3339122798270579,0.18460152581996253,-0.1043527889995541,-0.1307008439855922,-0.12447954535859852,-0.11353729781177709,-0.16653652209033484,-0.2466316996298024,0.1685768167596688,-0.10185025190255431,-0.5144787942150114,-0.6167623115242564,-0.625597404060275,-1.026121973910664,-1.19869272839024,-1.7950000050303605,-2.2095822811347787,-1.8535220549842304,-2.040471122060129,-1.0788323057204976,-0.07570616382982502,0.3239872681188724,0.07998954589963904,0.11247457333522505,0.21151361785106682,0.22831758480513686,-0.037559171222213084,-0.42149494262314235,-0.4934085430430715,-0.3026495951764132,0.19302331815783874,-0.04317583856196939,-0.5810742344941062,0.1202452619324891
-0.20317518368868495,0.03311687883178596,0.6519579742427619,1.2057259079243958,1.1359612322146087,0.4964068416288947,0.9482543586038077,1.1858191037544357,1.1287318978364917,1.1298364442739566,0.7395259853210873,1.4586000432502986,1.1276732773555824,1.5077406956555852,1.4430107703210011,1.951379513289536,2.184898791629256,2.8698146898615677,2.1332320001881206,2.1861115440681043,2.2929814257470036,2.070285466004815,2.5149978146059753,1.9530722397164197,2.9249005656995526,2.788498865442498,2.2975568140738294,1.6896093126567002,1.1897907477642646,0.457231805253145,0.7186933673957265,0.6442221213301093,0.6331162078227922,0.7499717818893324,0.6566339121616627,0.7183725554215449,1.6506905174623785,2.979995200779565,2.6365347128067342,1.6473430799813176,1.422130754080643,1.4578271673587049,0.5135864136150924,0.558914708408734,0.0017926825850636023,-0.13255362112084695,-0.024911051793292675,-0.06198203455663509,-0.3531377700631531,-0.850106124040733
-1.3883812939137998,-0.5237266669850078,-0.21181367215513083,-0.1077213287947779,-0.7845169422234727,-0.9956917466171564,0.15778483465470458,0.32145281090413425,0.1611920099802644,-0.09102032767397841,0.6506609241858847,1.1402325119026466,-0.036253465102026775,-0.16533454758361407,0.05705783352575297,-0.5617327686362713,-0.44536132422252916,0.27550672653009384,0.7261643276418012,0.7856423524976938,0.49878596197803665,0.671349815948664,1.0685411933109341,1.1131029243115993,1.4118627552516407,1.3632066397492888,1.3413757916344708,1.125444711816929,0.5938130982957475,0.2218004101735808,-0.13586465118059077,-0.29837579262307024,-0.6060717798195016,-0.3508438977760671,-0.4590492554920654,-0.47546228987040456,-0.3199887385755626,-0.23813881814872095,0.15334247826014502,-0.1966209492775457,0.08477798110285507,-0.372636588045172,-0.5424661735712115,-0.4329554322637612,-0.7328299307660491,-0.6185167950698894,-0.5566837833693472,-0.47894728552294996,-0.18262276650764317,0.32996132948358736
1.6133150125327462,1.4856871144987573,1.6641147035585993,1.4900147210045418,1.3235037738040578,1.4722767437529862,1.1901096993499163,1.5608662990722932,0.7012783311656464,0.2588950072954838,0.2730553618106453,0.8394335009752281,0.5225735367943183,0.28685729911091584,0.8562326972696371,0.8113218012102014,0.6548459110577258,0.3210532453039987,0.4529321532504025,0.673922137577819,0.5367692160112095,0.5404780290312182,0.6602238580155536,1.09236481954402,0.4738954903527868,0.3682975419037008,0.37859705802971294,0.4243949370060206,0.6870384183478089,0.9004092904543504,1.013742672686775,1.3527804519857927,1.187354482638984,1.2722893701801108,1.0305958834790714,0.9198640664941791,0.12155054892519002,-0.16621383224421357,0.44142250837212055,1.0322368022193655,1.0710626364121594,0.9485873559192917,1.4704339309773486,1.3031778373049556,1.6981277540482451,1.5017512590489857,1.3227139729288795,1.5653221561897497,1.8096722050260703,1.9927625251659462
0.3063383436436151,-0.24543704333349303,-0.26039721799122545,-0.07212055182808091,0.3383236634685284,-0.2670917624951339,-0.827044028537241,-0.20313832682400323,-0.9005494297407557,-1.0605415471114836,-1.6498429072828695,-1.8170858880455685,-1.798583690213727,-2.1379778212273286,-2.8927219565231086,-2.707207927467003,-2.8740830144509006,-2.579749094754919,-2.9446614086789644,-2.4041420820495603,-2.3400425319348863,-1.5465957409417996,-1.8207080840272774,-1.5628354425567381,-1.637841510274904,-0.9730843189874723,-1.039046020833948,-1.2077050158916027,-2.3687953439940705,-2.1362736212241855,-1.8374578571603133,-2.1666027455048797,-1.8420039754510482,-1.4687800276179785,-1.7046615617012857,-1.4909155385407638,-1.2830430275450508,-1.4275898107564087,-1.572147218477788,-1.681883501438571,-1.2210360587574849,-1.2978001598800488,-1.2154808819155938,-0.7347685949072392,-0.6132761441868794,-0.7634845134387525,-0.364121848092705,-0.1651313006747874,-0.12095936645981167,0.450954354287906
-1.0749294761755321,-0.6156882026997059,-0.8097439045837891,-1.0710074085428924,-1.0589866676165527,-1.0713846911760485,-0.14288852755254727,-0.18429078011558547,-0.22081463245025587,-0.5838554657835634,0.2304635878642701,0.4542408250214036,0.2778571407248461,0.9454080476641491,1.0896565024946716,1.1418916948940547,0.9616044516244017,1.2723565989913952,1.42549759569086,1.3185948214226533,0.8157373559245157,0.41715644891979614,0.7579047624710392,0.4279971560210523,-0.40016781658039896,0.14008165385032958,0.13670388403704253,0.15510938408403904,0.2686970244030944,0.17084724723466077,0.2231265373606768,-0.1992267165390059,-0.36984885832908715,-0.19921985236072692,-0.4105459888033046,-1.0555238537320597,-0.9257370908238106,-1.1791512867084608,-0.807337701635073,-1.5283764609240211,-1.3316681779522912,-1.644018181628889,-1.1110989911875677,-0.43286667157711717,-0.31117352747631344,-0.7619921249128663,-0.977703229337345,-0.4122295083905148,0.11534954113551715,-0.8101198767913186
-1.025241667421409,-0.8660456311750158,-0.7240280638654615,-0.8504787897025735,-1.0803682866690536,-0.7610819212868416,-0.9937339164849722,-1.7796143002081182,-1.7049219312128712,-1.4150472221586758,-1.7295756555554922,-1.618186662012469,-1.7022769239123723,-2.3150396497176455,-1.7593567134044055,-0.7501118966548108,-0.5417942748649398,-0.7606977778979248,-0.9594335381755146,-0.8258655720098133,-0.45885091379021375,-0.669345207888785,-0.7411673772170242,-0.47942364303902407,-0.777847321426281,-1.1790547998687024,-1.4705244566658129,-0.8695497987741091,-0.46393135117178075,-0.46829816677080033,-0.7497463654345868,-0.2761434449674116,-0.17070242621155254,-0.3971789751249528,-0.587447613008877,-0.25118959605868363,0.053705574862783025,0.860583915970183,0.7632382620969989,0.3888202770306545,0.2924580610181173,-0.38120729831530153,-0.029499748247618484,-0.6911412515466329,-0.6453216962506914,-0.8736242595836483,-0.5703012075099267,-0.7675463531838693,-1.3466850580177054,-1.131057357677376
0.9493473904215223,0.4181408834008178,0.32743828581436946,0.9550991006542761,0.35292181649512566,0.21498680253580657,0.39104647981133456,-0.13024542418391075,0.7328343983542094,0.7566017628334465,0.7089965822267901,0.7575262789092304,0.3870733058025193,0.5834649964374887,0.618277560982939,0.9391501358692191,0.5825990864529113,0.3943970199047095,0.169022617131033,0.8112853841661696,0.7022689541945067,0.6453519673096151,0.5754010145775935,0.042387706504947144,-0.2612853931704193,0.10420072386469874,0.22245698700407504,0.4168632909452644,0.46354416769354423,0.19378711642542698,-0.271992317718659,0.39218172363884285,0.14905333120119657,0.07233645566291212,-0.49351267700383405,-0.6938573740221112,-0.4152905374113174,-0.6745384286994661,-0.7219037961478341,-0.23525038595503864,-0.40238545399346815,-1.0869793668035577,-0.8322431311027377,-0.6227726696457637,-0.9237915822317787,-1.2631544400532668,-1.2665197530870964,-1.6291689058557568,-2.2146027855867105,-2.604253301461317
-0.4013967451932862,-0.7807476968323525,-0.9666389566051655,-0.25851687118458927,0.10793185340822296,0.46456226474133405,0.9540123619382368,1.0333880367661004,0.7739645604221446,0.5337885076516239,0.07587330183384478,0.4085288516588901,0.1826568685819947,0.9118798769151416,0.47018635994963803,-0.13335302267088434,-0.9078157772395729,-0.9984511725580398,-0.7781167695761714,-0.31093107093827244,-1.0202170898523182,-0.7425576008126022,-0.45037403735827686,-0.33041678120879564,0.32062353700793456,0.01037491031987418,0.8844117681003725,0.1341528770835239,0.25228187964549054,0.6478654681002466,0.7287206595893302,0.6076133646163343,0.8061272386530166,0.48404293005286414,0.3949792705267073,1.2992138625748302,0.6887708602873088,0.37821249660881745,-0.2417092275334201,-0.09944100210944627,-0.30295914320238077,-0.25737978969016556,-0.1602247377057425,-0.19556759129508583,-0.2712683988126346,-0.09772136242419809,-0.08682614448612652,0.1285579226873868,0.44249134938597495,0.5188993338500678
-0.606753863512323,-0.43094355512747734,-0.9082144239913678,-0.3318291308451335,-0.41861440995265753,-0.503936402694105,-0.26592531189648555,-0.9926822756045124,-1.099995772182285,-1.189783236304774,-1.4325406380241803,-0.9621240230107639,-0.7976820850702926,-1.1342281056838857,-1.2723147607588803,-0.7430413771226726,-0.6606461662069484,-0.9579984568547376,-1.0925777789714441,-0.9139868707865625,-1.0271766118994554,-1.108853519652329,-0.9129013427157937,-0.4572028300641947,0.041133512952245856,-0.4914949561537926,-0.2918529797698905,0.17594897638565182,0.24693876273776458,-0.10533278205091755,-0.05454134229356149,-0.7037241347400103,-0.6975124350270235,-0.6203331451649127,-1.0284947901475188,-0.7930776367877034,-0.8181532662198318,-0.5030086563079283,-0.7134836982205663,-0.976563889801607,-1.0151839915787415,-1.3298940406370772,-1.2392558122904946,-1.2325666148351178,-0.4075865634995091,-0.8425084276144573,-0.9682695295284127,-1.1625462404009919,-1.0330946132890684,-0.7320791633293084
-0.059938835603839793,-0.6976355108006668,-0.5191118996327471,-0.6273950255811178,-0.4689892427669536,-0.5827366224141478,-0.04215480350087017,-0.05900648231195027,0.4611695425992054,1.0147872212008953,0.5383323832441942,-0.2327596806929111,-0.3286266737979559,-0.0637621633732583,-0.16804324842284468,0.5543718638466012,1.0142941329431303,1.070737739499287,1.0128627484930925,1.332802711868896,1.003035133469181,0.25732563525339647,0.9261828395266307,0.009375546845338988,0.6741712825779732,1.0835512899953532,1.0921109335165562,1.4232786006917724,1.2540030435665974,1.6240368918914418,1.7600422975025414,2.3084744789719154,2.0390286462527847,1.8949903289512058,1.4510375445692287,1.3087645441212123,0.6310273569581515,0.5254883957403724,0.2510389071992011,-0.1528791273714084,-0.8380694255033022,-0.445855469241341,-0.7939259293574954,-1.0357059686292276,-0.9633142204000038,-0.6739817566375859,-0.4187026626031771,0.3376346211234104,0.3431356839908906,-0.4949477961116808
-0.9375630334521022,-0.8809024672788801,-1.2995386832108127,-1.5266695833466515,-2.409340303035439,-2.69543565114993,-2.924026811581641,-2.6513259237477893,-2.2126353331439046,-1.4025959828780852,-1.7033267332047601,-1.3425652817469693,-1.940431886110327,-1.991668869614129,-1.755370271123624,-1.4525572328009726,-0.6745569101952489,-1.3199187054577552,-1.216295925662207,-0.9043729920045449,-1.1492847093894203,-0.9567427028600588,-1.456496570625877,-1.3192286198289267,-2.0098178259661124,-1.6373121972935476,-1.6539558531986518,-1.6576162284477118,-1.202811906404055,-0.9189454194202135,-0.22847006590963703,0.3632420334003016,0.502756255106499,0.08806870410432964,0.4048341809351284,0.9166073436125887,0.8295250435077429,0.02939656834888444,1.4022575527691368,1.676174945804472,1.6209108037015698,0.46002103765468316,0.5044184945218408,0.6453754442361802,0.37882772695711847,-0.5889268440499306,-1.0917851600555444,-1.3104826285186346,-1.0774384583195082,-0.5827101721090081
0.4746831094406151,0.1569713960710818,0.3386422688344935,0.48065353015698203,0.33110939254563987,-0.020217860455597328,0.15419928825770707,0.22915594570755946,0.7054634508855298,0.8335696358443203,0.7611367459628924,0.7706867460123715,1.0747567442948358,1.2281988911248753,1.3030232687423928,1.2764596486328352,0.4529247098254294,-0.29167158412971583,-0.6930702665426203,-0.6710927543074691,-0.7692340501433442,-1.2242436069232627,-1.96033785997883,-2.3551288057839934,-2.608252711647931,-3.4032268696193566,-3.1507988903347557,-3.5851557917304153,-3.2865160886141176,-3.363233449740688,-2.591387251912255,-2.302301553479634,-2.521033792227866,-1.964084858945165,-1.797643328866352,-1.4904768369187524,-0.3829318815438123,0.09119859313134708,0.24207096282730733,0.45924983604618436,0.713787674822366,0.026530196117665134,0.5859786355808007,0.16060516056081378,0.1263432950320974,-0.9970081537343195,-1.2221448547881832,-0.8135713076131619,-0.6697578595444094,-1.0517550725892584
0.13974828813813608,-0.05873028976550445,-0.5005071672866601,0.20534749051031853,0.01505405457536787,-0.13819947496798649,0.5184791144390309,0.11261349501312709,0.3315207251612855,-0.13284013422326696,-0.24107889816084435,-0.1975730904889945,0.4006627891598002,-0.06842760935935414,-0.2547548136678699,-0.12172778176878744,0.219780238541282,-0.0015210544177790754,0.16371979578501453,0.46921530467261324,0.37431402644846706,-0.03782964246731583,-0.23640423109192663,0.16560324649553868,0.37184865886106305,0.524907691918229,0.48018703546008323,0.13745669909909305,-0.9724545255678729,-0.8558329524275782,-0.4458202504812314,-0.3360835257262666,0.5884346915721969,1.3928799665685225,1.5977091072318668,1.8457624794306904,1.4807217816047884,0.6257499766594005,1.2797750782867447,1.5723469540755337,1.4484420804617995,0.33470889919570546,0.30066167413759176,-0.07924311249783692,-0.04947968963609489,-0.662468704439994,-0.3415359382358822,-0.3808355325022368,-0.691098371133311,-0.7936846146006582
-0.8411763201825138,-0.8665682176538572,-0.3554463748952651,-0.15814878045184813,-0.5520729431293755,-0.9323083725035849,-0.8024155700556193,-0.6478217078127495,-0.6878582821582883,-1.234700033297254,-1.4258675870419766,-0.9362576836960891,-0.5544057648302585,-0.45884784491740577,0.19812866044009292,-0.3832084930067201,-0.519118982142482,-0.9562172156314844,-0.49509482984428604,-0.2681307112493372,0.40099615059441246,0.25374134330420145,-0.16455214607359614,-0.7316148089390343,-0.8472771948828127,-0.4253655325720417,-0.7437434751090252,-1.0332293340989267,-1.084799723755968,-0.914041112506655,-0.9425819267853279,-1.3954599551786373,-2.058752374563577,-2.150495858078065,-1.9911839589637947,-1.578612260045243,-1.4470072751517584,-0.9451791332093243,-1.2267521831945,-1.290413692408433,-1.2676018490879082,-0.2490552928960753,0.11124854075707097,0.15054134267448552,0.3171755783975336,0.1678984618034959,0.079195910152032,-0.22020923575921808,-0.11664047124629194,-0.5109490762653608
0.1342769968818073,0.6191360468934408,0.7904320575944357,0.9099855930648916,0.6082728450030519,0.793906903867942,0.7537277113638872,0.8444812383784207,0.4613057354289405,0.027068595892103715,-0.28868877467344084,-0.2102775001934294,0.09295685037101996,-0.03436807911963255,-0.5964239575364838,0.20297588313349155,-0.1268522493421248,-0.7280559236676436,-1.4537111651394985,-1.3457015052079069,-0.8660374346915516,-0.7082858070545093,-0.46725814349152417,-0.8015446420191833,-0.8486647404803469,-1.1577738985899653,-0.9396761735035561,-0.06532340159097194,0.3219128667346691,0.06764581725808236,0.13458500867283218,-0.05906283014714714,-0.35642581388835204,0.008249365393374605,0.26731756989547883,0.21741404801338132,0.3536174159781035,0.37107707668807044,0.5212838839707843,0.5303925129784925,0.8632427803176432,1.4645252587658564,1.6788580677723512,1.2742668271725814,1.6619312460532882,1.7304468011414555,1.771864656300949,1.4354084026756118,1.573073634170881,1.2054844671645666
1.0940465219179423,0.9018350423335596,1.4163786273374157,1.1704519334938168,1.361573052511159,1.5473137249697957,1.8086890033682468,1.9080817804420684,1.6463314320984792,1.553729920628088,1.409359321471334,1.7953372792117352,1.8963552915202495,1.771332889997395,2.4398529186476408,2.2474340535822654,2.2903057818089088,2.2281085431590433,2.3527798586186908,2.2677951268153316,2.60362848091357,2.1626847920826693,1.9428871144249549,1.772712053339206,1.6546345352373597,1.6538022172945703,1.5230263514219673,1.5569793577232485,1.2152830913146895,1.060861150316512,0.8206443776145015,0.965810796882851,0.5245562717728397,0.3228997040585031,0.5614858350029212,-0.3695538278359158,0.13630903419209356,0.054014885680134295,-0.2680610806693872,-0.31262475894319014,-0.6254306690840332,-0.38794343681363475,-0.16390019828377894,-0.00803152487660722,0.4249990936752878,0.034213852850860337,-0.19021631219553956,-0.7406085009652565,-0.5061291087493773,0.13301633478630187
0.7481108743443023,0.10379214324512795,-0.3110840627740741,-0.5727388035450295,-0.5790795490326802,-0.008510708299912734,0.37520038819317164,0.6862592520857663,0.8952470837359255,1.014492744433604,0.19187056593566734,0.14282835757148438,-0.05082431291519698,0.08694948810830543,1.0639161574451184,0.8628801832085597,0.4698812264431295,0.43574594984381787,0.8258556238776126,0.36341470586681446,0.06422479273761018,0.0071690930808433985,-0.4852546611978746,-0.053098555615492385,0.3435921172186108,0.6332965945632206,0.13831347966588406,0.15745439527539928,-0.4425113313501033,-1.0960563809262243,-1.0423637908742134,-0.48445097608622684,0.6327251907834113,0.4107605348966297,0.7929453611246705,1.1733908087754013,1.2559348300299207,1.3792160522665335,1.8670366174104835,1.0769982000278093,0.6046802215342316,1.0728053694755304,1.1834214327473793,0.4701709339831625,0.11018658373050397,0.07142399931318211,-0.15756561241428424,0.0671367191586759,0.3683010015148184,0.3629520282375475
-0.9753638444249652,-1.0254038194589907,-0.9572254777940425,-1.0076710851615036,-1.6581554733777175,-1.565400821685458,-1.5873003216387103,-1.4653084260308527,-1.1305619957551951,-1.2918430983250395,-1.3856588494076694,-1.5511004704766802,-1.6521968193985794,-0.9660508343923674,-1.1955579515554364,-1.0108165012546937,-0.7812614334829708,-1.181479575433313,-0.7265693073388482,-0.8278840680637528,-0.2784338350146536,-0.5474436116284506,-1.1457505933030614,-1.404949387207885,-0.7863238826221624,-1.0651007604981497,-0.9712642532685242,-1.162219302917039,-1.2285900190942851,-1.0951910222235868,-1.2813829000760921,-1.499858222506812,-1.3163253234080785,-0.9444703279733535,-2.1170634867142555,-1.984281309570409,-1.7577351396624676,-1.7835013802565787,-1.3940515287908704,-0.8684513268396566,-1.6460935883392054,-1.4789670380164464,-0.6739528663331389,-0.7449837405182406,-0.8131448735530186,-0.6532680871957313,-1.102511079245103,-1.1756713434851762,-0.6490772634597681,-0.5859258088812201
-0.7249722207026473,-0.7476303281495176,0.04099805489518441,0.25072206046580453,0.4077179105237282,0.5188310262498275,0.791300038602907,0.5204559739618956,0.33107055877553715,1.0141789624168471,0.02526750776979149,0.16769418519273685,0.24919684461519032,0.012482589660579841,0.11178395480000106,-0.037523201234332726,-0.07387269876749951,-0.3366366594002986,-0.7972706430227993,-0.3773966117526812,-0.5735850672529097,-0.2669887894890644,-0.2873157156763728,-0.31904378760161306,-0.04625774375938531,0.4253681605826982,0.19725095040173757,0.06378999791956322,0.5614148207913866,0.7328203367023329,1.0021531430564417,0.43257103777443606,0.2823572498418102,0.6239470054340932,0.5621432712695068,0.24835444439219836,0.03630704601437749,-0.37487135181097675,-0.0939729516218828,0.31456931822987544,0.2828784455426085,0.6184222499272416,0.9842546281347302,0.18777595764350322,-0.5864221910008984,-0.6036265235203943,-0.7817475676583535,-0.8161006999397743,-0.44266580559810736,-0.4788390749529227
0.04985833573923665,0.775830012662399,0.1029284902459473,-0.26287965947474595,-0.9974235450936693,-1.0184542157900065,-0.4555667329766716,-0.3080639312968962,-0.6482886064013444,0.015477561162182038,0.34339267405499196,0.14209396726383916,0.41497336074171454,0.4176670778439731,0.2710301752964305,-0.014055123044504046,0.02184228867493656,-0.4274063831967997,-0.9077250389519159,-1.2074822133866985,-1.1686523268708924,-0.9919374600592505,-1.161790260838843,-1.1633736255756606,-0.0788147818657812,-0.2127671437524192,-0.01479464225281107,0.37825565226468344,0.6102390016753643,0.5578191867076289,0.27665450317832063,0.368326541421244,0.5329827156906572,-0.48413199722684036,-0.12214900562527715,-0.3400252474652404,0.6199172909328031,0.9887090326897332,0.7010284286308468,1.0057156616627467,0.8593945961915476,0.7764249846251547,1.2690050575513638,0.8144650219711098,0.3430520193124458,0.9006705431922112,0.9587640628398958,1.0984342895784054,1.6294323840707832,1.6150022965830622
0.081108733453992,-0.2429216362040217,0.43328071662956574,-0.34976179668113216,-0.9429895990295363,-1.2107371268073637,-0.8625159863334415,-0.6689973205454924,-0.936082806795173,-0.8366690124839479,-0.7419913397926843,-0.4067306450562649,-0.3581317936395318,0.030810505732698373,-0.23971080601867253,-0.2099906772128025,0.12401234227026921,0.729209188222262,0.5890148497631167,0.8766918214414571,0.5451131559459633,0.2273956967329286,0.0990628969827498,0.19130230097021017,-0.41651228262970613,-1.047048904458766,-1.0146243336089724,-1.579556046267281,-1.1228190304701782,-1.7067644821966532,-1.9075386224948778,-2.124211072250635,-2.3954585563593107,-2.4390201787658596,-2.370443613724957,-2.538577530685285,-2.3431326898668514,-1.9589985067879,-1.1878224023240527,-1.3767478559689261,-1.2084828571860642,-1.590248777052318,-1.794875175317573,-2.018384054983951,-2.033438081882857,-1.3548903948079498,-1.4090840002780216,-1.3891270998132055,-0.9606995308601441,-1.2787115513208152
-0.16694087528021648,-0.38363952282075037,0.27029880165810466,0.7734910695947428,1.2024314857935863,1.1454889497999123,0.2846861468977812,0.3573601832003102,-0.2011200861348619,0.0315263021140865,0.09828396001123946,0.4177672557403407,0.4068176040704508,-0.09237401199786563,-0.9871829737193006,-0.7398854848674392,-0.6741945477725799,-0.8811488997558485,-1.3220818050608778,-0.276714366796552,-0.538052255923845,-0.4593458841603266,-1.066008869757542,-2.233553180610787,-2.189973681309998,-1.7269065810743938,-1.1962101666660776,-0.9223564601395912,-0.811647338694042,-0.6044162234763101,-1.136072215967024,-0.5965146361656796,-0.2367989035252178,-0.20073005483878775,0.1210499717927084,0.718449722128121,0.8097343621500145,0.04932228131707512,-0.13128788663823376,-0.3899973228325047,-0.2596867892979442,-0.001497829463658041,-0.06663178507814066,-0.30983769607133604,0.17555106632640743,0.4315701242379226,0.4223470834207868,-0.34544612711247424,-0.6666155010325212,-0.5651868930335143
0.6971975758345463,0.34808994859297665,0.5585044094097492,0.2609889011262975,-0.33256464786403755,-0.6567161863321556,-0.9647602937879916,-0.7906409281939145,-0.16767018106674234,-0.6859202043373729,-0.27189567457844127,-0.7096051214545254,-0.9223564527928211,-1.2559446219353936,-1.6703278288929448,-1.6757203555714284,-1.5502604791512646,-1.4115148273171718,-1.8049100421195003,-1.9261199053127307,-1.6085427989175243,-1.3983892166230256,-0.7566116733440175,-0.9013534082500019,-0.9866287253445466,-0.6389434730844327,-0.8842960526992595,-0.8735674224702545,-0.9178070255410706,-1.2234102616447466,-1.0172625902102814,-1.4173591658877023,-1.3494439724984604,-0.6025204607645763,-0.29644442356538625,0.6304363140925237,0.37233653807579603,0.14077820143981307,0.7196513566376807,0.3528816531053655,0.6104831200265493,0.4370877355925384,0.10539464544624053,-0.04366086394049879,0.07350860901658317,-0.25237706249171843,0.18324412135622548,0.13339795485117412,0.7778191469325183,1.1637148929421732
-1.515345491112153,-1.5078250755443923,-0.6531456012305725,-0.9520586260411108,-0.24092253138976233,0.030743276492139093,0.4071869296335111,0.09832427778508437,-0.1272203248541393,-0.1448210604915558,-0.09351952801047297,-1.1221429150750857,-1.1859688745312584,-0.6795175699533386,-0.5327475924575946,0.10870561664503418,-0.012200080815614465,-0.5069629526944152,0.011752104433365393,-1.029272119698176,-0.7061003470599395,0.0627608550123252,0.09327589719533583,-0.3137264296531961,-0.09532352266883373,0.1984595342523443,-0.15887264277649923,-0.30099049061871713,-0.4000831412941805,0.2867732561575888,0.09849728474214398,0.04216565466196364,0.3356506400637375,0.3419088882133483,-0.29729184862809177,-0.2993984037086482,0.14054588175213173,0.6659510764542746,0.13439001901335243,-0.12485305060284159,-0.1488390900375686,0.17053407891586145,-0.07028510756034165,-0.14341525509499187,-0.42561888331096,-0.33784945885047823,-1.1732367950448155,-0.6290008487256625,-0.34513760942746147,0.08178194893517902
-0.4960459469518367,-0.07357262025334985,-0.5862568365374395,-0.2688214351581162,0.06400979893943137,0.6550159939696193,1.7980980895051057,1.652373170046652,0.8565572989901522,0.554636459187961,0.7661555357581463,0.07964850684125742,0.45677614114938986,0.2827270472316876,0.5854372177601266,1.206443889124877,1.5547708988230124,1.2929594388062442,2.2277395080830154,2.226909906196573,1.8639126380678186,1.6233786297768087,1.6920742871949144,1.290503177740991,2.2404474319165377,2.3261564672892323,2.1950178326384013,1.586220459992309,2.1505966992284664,2.694722008552727,2.7103854072199485,2.874972473798692,2.6923028292398823,2.5601673151532442,2.131614522916715,1.2495567852819032,1.2228247187350911,1.2781270955711705,1.4212549004830244,1.5879526069056549,1.7653872757684959,1.6759903981631807,1.5392176225946048,2.2866097523262425,1.7598025846545875,1.9784508339780082,1.9121072838305266,1.8477288389414022,1.5561322963426685,1.1206693145884794
0.2926883236631894,0.8362507632806977,1.042969138959951,1.0570570228116865,1.3791787976790835,1.566667443420548,1.2719374120375597,0.9445545333643564,0.2240234448890914,-0.19656735134277203,0.5760700445378604,0.8725118826922802,0.8688094234227108,0.6570016015712362,0.5972647166792516,0.5479321360998978,0.9426534255218111,1.086075988236068,0.8656742186273266,0.3231671375116993,0.5289369721128478,-0.5374588748754132,-0.13759938541940392,0.1803938778815166,0.02262437567182563,0.21911202210155303,0.6791423650751487,0.3492534908413536,-0.3897565286177453,-0.269187331902597,0.0475527297998039,0.4774847230667665,-0.06894085128868675,-0.6149471904014631,-0.32999527197794876,-0.12272187954227314,-0.6673377425485228,-0.3738026558124075,-0.6537008501782444,-0.8113841791468279,-0.5663245307913423,-0.4875406336252875,-0.061529584141902176,-0.06538639506107331,0.12393512314827015,0.2812366529281238,0.5502343339638813,0.3457573368217415,0.48826884346564664,-0.04785529222700009
0.7468044741764611,1.0350098752308037,1.2305476032469136,1.0852101301729171,1.0775061548705935,0.6434701811035313,-0.06556887606796043,-0.08708405495695593,-0.14184197646131577,-0.3559493067028805,0.07839481315369934,-0.5944628490780112,-0.8790556863615704,-0.9810047602767757,-1.4446292896103015,-0.9930609353647052,-1.3893243537345394,-1.3975924959462314,-1.4641916271975295,-1.2211464823809903,-1.1671508737285483,-0.7091578169087785,-0.801204606370432,-0.6068800112178082,-0.6783392844200223,-0.4630442019763279,-0.8425285951031314,-0.5429339277116713,-0.6119243566849768,0.4912111442135567,0.4958820296950808,0.29823323243731126,0.5120784310318406,0.8247944833049816,0.8934647883263974,0.6890925771274959,0.8166983521123216,0.4538955095126549,0.9098058630848372,0.7249179899870696,0.7679630535361016,0.6219549378303005,0.8946903461338767,0.9001492682011174,0.28583612346211107,0.4026425174926127,0.6754872499635046,0.1340093696314975,0.2961410705102178,-0.052518821792144905
-0.1838011991980958,-0.0375561303273445,0.17901074736704212,-0.2562665993231371,-0.2147918232910525,-0.1240633788082258,-0.9444693519721192,-1.2090168860311141,-2.159923710113795,-1.74678450276322,-1.8572880662575422,-2.0526213592676923,-2.4439922567880887,-1.9332164339472409,-1.9522758083884941,-1.7042210394346693,-1.3904314263552986,-1.883732825461482,-1.4661368165885984,-1.5255283797085573,-1.162461982423629,-1.7006825702786648,-1.411008562945139,-0.5688963782665375,-0.7959661820720463,-1.359953568360319,-1.4845404882787738,-1.4808383284123228,-1.9592295677705927,-1.216225788868029,-1.2557334184233337,-1.2566430239877509,-0.8830187707776177,-1.2601962259749588,-0.6184706466032398,-0.7084205356030372,-0.9887328776453035,-0.6398708051349359,-0.9692657410490569,-1.357709226818736,-0.6242706655198005,-0.36627665839210155,0.09588982764087224,-0.1843537402970738,-0.4528057332347882,-0.7406530346876795,-1.044295231908881,-1.0578894390109248,-0.6414848544097614,-1.1368256904871339
-0.7392137744675772,-1.2366927355094952,-1.0508806135142796,-1.2687878335854423,-0.6704907958613437,-1.3616997445235117,-1.7882861340985141,-1.2249807938681934,-0.688230840031628,-0.5927512879841477,-0.7363722214214229,-0.5858069853641983,-0.6526192465268064,-0.5611348847942151,-0.01333440757781274,-0.6565966091265528,-0.693908983578061,-0.5122958783189612,-0.7690531333219351,-0.5974992456182737,-0.3295768082452343,0.27642361562211387,1.2331504658948307,0.6067258117350142,0.40049035234292935,0.35502146930343886,0.08909421995540744,0.7087951484643151,1.3090011370241943,1.2147972252817856,1.462871350141997,2.1023047500568346,1.4062373810770592,1.0819032227984393,1.0570049098038328,0.8529447998635507,1.2084849248562441,1.0097090547249608,0.8246778517564732,0.9833886483199962,0.46316835286042796,0.23691423450654805,-0.20919073089758478,-0.05846928938185984,-0.41024438249810297,-1.0397854713892487,-1.0433770864161893,-1.0742723493822477,-0.8975258049852773,-0.6439949581095451
0.18315275023655359,1.0553551763028266,1.4613700738396231,1.9285455705586236,2.0613450042329746,2.4216824772349748,3.1818430643668356,3.531472913809814,2.806403853977023,1.504062081682224,0.8544723888373333,0.23194075417528426,0.47791919889111256,0.5236834024679276,1.1465458653616176,0.8497169720370407,1.2125093572464776,0.2983236585718991,-0.34613784778089013,0.25131558199558396,0.27238528574570137,0.6890163735049439,0.5336188957799709,0.12852175602177032,0.02385071570235872,0.12069733949649816,0.059793251737155044,0.3524097755336658,0.1973365674821094,0.33838703946035775,0.7513813057409697,1.1980125827123729,1.07901885719315,0.5012063544599589,1.0033135323975597,0.7906828147759368,1.377581247731041,1.0641760171394126,0.7697281415295903,0.33622407040893904,1.5634044816447155,1.6566676821799469,2.815010475417445,2.8365970255018476,3.0540785403607646,3.2904746630864583,3.041668625133072,2.701602951203844,2.052143908403069,1.5112754794170349
-0.5997772298667801,-0.7681383481718792,-0.8470901322368455,-0.32539880585312336,0.22910051957849314,-0.002203951759436175,-0.10226677331954474,-0.2960402651320447,0.2803024398971635,-0.2887603810894663,0.20685917057626504,-0.02228229176315305,-0.6472661091551163,-0.6877367834440193,0.12704865623002487,0.005260200408138256,0.6812505446532514,0.3996366343679225,-0.1177324521170021,0.20264711267356317,0.1045494757538819,0.2196982454561214,0.3926577645710145,0.6040284431744797,0.8733511083302428,0.8458761266848046,0.6996601649469988,0.9746062858919251,0.8786121739586255,0.2893004428617748,0.010046178573484306,0.6073200999217551,0.9720762981385609,0.717658231552636,0.0722459403097981,0.5585889680762669,-0.14295298109202528,-0.5696774339717281,-0.32547913924946614,-0.2651995455552684,-1.4493684479668894,-1.6613779808919638,-1.7359104177895515,-1.8272940956767416,-1.9911288551081068,-2.1311482216433384,-2.716037134830484,-2.1155615825577736,-1.8700915512369152,-1.5750228570040399
0.6908323319471472,-0.06943562614308055,-0.08442866539612233,-0.20839582845135562,-0.5045180030922111,-0.4043506893062992,-0.2621846183793883,-0.6651946780673468,-0.5737255774722463,-0.5121526915901363,-0.659728337451841,-0.255545986021079,-0.03909782298747554,-0.2238811395578868,-0.13605722318835106,-0.21439086490205156,0.1265651497839565,0.966265485981511,0.7106626127221176,-0.27397937153082486,-0.5559222360645983,0.0069683000963671774,-0.11504887082844542,-0.12769315926371688,-0.2253349438917001,-0.5673355374376294,0.1985460491095216,0.2625295966027003,0.5597271460495188,0.9472204298928982,0.6901667206635105,0.25470361471324854,0.07387071262982942,0.26460297966451124,0.5596211728617432,0.27694449754067957,0.5159216801352493,-0.1788316122423672,0.05013272198383965,0.013196170107061539,-0.025157545938183264,-0.542381460414951,-0.29363110044551366,-0.1979066101574543,-0.3096094752879337,-0.5629290421149402,-0.392050595668939,-0.3067480873094593,0.13259483509725165,0.16429819672124307
0.9940708427707485,-0.1316341316465166,-0.08756325947821769,0.5548710006226688,-0.4102527371640464,-0.04527759523008161,0.2319659118702119,0.04360287591241299,-0.560776837638858,-0.6305467905129389,-0.9842145919272954,-0.6368631160421698,-0.7001220767137365,-0.11971999135073587,0.10802476941198991,-0.3099684341982607,0.04026447293694038,0.1666857446388191,0.27845059329215827,0.15403750978691322,-0.3908876031713401,-1.0029302792747559,-0.6892996130031812,-1.4755059881642598,-1.6723915496575736,-1.511573741093373,-1.0938968632538681,-1.2056006546347728,-1.0117359201070781,0.21928471354396128,-0.019782574243993458,-0.24303145120295377,-0.17888691654423475,-0.4277845681201967,0.10407561741385207,-0.13237004345582093,0.3033923360124131,0.521875405247906,0.516547159545767,1.0228503527294999,1.3116045159559382,0.7953447152995539,0.6427656261405543,0.09157019032617192,0.16874767891983486,0.1138657407054803,-0.06357976285907928,0.07751389075721625,-0.1584424157800381,0.4648668136794494
-0.40468858957395115,-0.6907599692421627,-1.1560658568707542,-1.2142625161880247,-0.9947038416277598,-1.2119852959333168,-0.4600884066892744,-0.11887991662004296,-0.27149734018013233,-0.25779873230606953,-0.762070114000833,-0.5799936021085036,-0.9781517992327416,-1.129388273495565,-0.9607149501288752,-1.2381323891339155,-0.9330355744654562,-0.8584153922844444,-0.9071570023563729,-0.7589885609631235,-1.0991309552098296,-0.3949371077103462,-0.47783771598387226,-0.3891889098368183,-0.8316247657769732,-1.022808253542803,-0.5502325685522415,-0.8109319568653217,-0.49529389166764143,-0.0887268618003708,-0.542597242867494,-0.10967138988654251,-0.16888314602890453,-0.010607567191878739,-0.3418760077664668,-0.19588241045154217,-0.6772975831714262,-0.6313837041624465,-1.0114624183669207,-1.4549306915587872,-1.031700880750065,-0.5581024277771908,-0.5286424583284018,-0.716080908589564,-1.4156584859190076,-0.6592529288765798,-0.5297132856148687,-0.7242326974409039,-0.6222179248111543,0.0009895839518919928
-0.1723409282247203,0.12533427122919577,-0.2660657615264323,-0.09050449142364349,-0.17403285420683443,0.7368978693499234,-0.4109606909970466,-0.22223060696491506,-0.5728922574299491,-0.8066932341346913,-0.01625437941535625,0.7666513008944151,1.546138850289024,1.9484338586306047,1.4647359653793954,1.5326886123844126,1.8607498020316442,2.1226948025516323,0.8966969554326939,1.2571020405272377,0.7737543440675556,1.5553687964913607,1.397246702003673,1.4146943466026094,1.6476675684134274,1.004259493498303,0.9645283738233583,0.11559933940721584,0.5396300217110419,1.2252710291450881,1.0672371116221706,1.0622487807011753,0.7038109278983323,1.5402818102769695,1.6132377033974297,1.1961859525430651,1.40785723226471,1.801135978827569,1.355965518201909,0.9094684497441671,1.2528876635831392,0.9288148476911227,0.8450941553584657,1.1744755064737178,0.6612349373130162,0.9058756586328797,0.1031207347778029,0.46944727852197893,0.3547273082747157,0.4976792928678819
0.2493422019517628,-0.07161300013290801,0.24973667928225513,-0.2706544805246739,-0.41365793869780687,-0.05678355761092826,0.08619379745540867,0.31370291368483855,0.4863442322450836,0.16877221314911073,0.2887043916345223,0.2889129651285887,0.37410966042733224,0.4292466397158125,-0.12835935617417654,-0.6130118360567031,-0.4808087011364841,-0.9456970541400775,-0.6141054418772562,-1.2205450216391154,-0.660205487315219,-0.828626865909941,-0.6738534691388521,-1.4385097913169471,-2.1103043308983715,-2.3492226698676415,-2.9889245001443934,-3.073625817607113,-3.0221031918902725,-2.6759598679465295,-2.5295893292990135,-2.354531139412696,-2.260151207139626,-1.853564783789678,-2.5277161741705187,-2.0963170665984356,-1.231599730616283,-1.2552673274779715,-0.7656893226816661,-0.9107209721465058,-1.5273875852432903,-1.734858121493175,-1.9983211329040127,-2.515332923639439,-1.9370145017745535,-1.4949928690010834,-0.5958667540487517,-0.7322943884793471,-0.07060738631028832,0.11713695744188174
-1.497606235228353,-1.2370061406783683,-1.17470899883369,-0.6953075085519153,-1.2029703970545356,-0.7988730735652663,-0.5846812561929534,-0.6621556765366504,-0.3819641530256613,0.03614104525852625,0.058650630071877256,0.00741057036282543,-0.15668817451436318,-0.0825918602628988,0.05935789985253678,-0.17058831910525463,-0.4851171836755374,-0.8311169381213956,-1.485967294389315,-1.052450289195628,-0.5363769578345058,-0.49836109556483393,-0.5128882222181254,-0.040911804622939425,0.20804740032780458,0.13437077414177437,0.1681499657489686,0.24265831905697496,0.3252860564055163,0.6084011037161973,-0.2811688621975916,-0.27303115174003817,-0.27049974243392805,0.24156481607522484,-0.05145350868339078,0.3778569289947442,0.19854938276381223,0.6857639853589579,-0.1507029857577143,-0.275250440553279,-0.2912342382769883,-0.6813074227773992,-0.5513084273925452,-0.9835761151540058,-1.202026264229029,-0.7320712198566456,-0.9755071839057965,-1.0203685241420914,-1.3745439504530534,-1.5898360500286512
0.3420245282530616,0.6075853846883703,1.1470237455916394,1.6994141482110308,1.1786965746576012,0.7688186630517528,0.46878523743099043,0.02974146506333612,-0.5987074890433812,-0.11584265263502143,-0.2697090610414377,-0.6330496952968759,-0.7741443122683827,-0.5896951975206989,-0.23229962174959345,-0.21292934250932402,-0.9610510288833097,-1.244803569378061,-0.8645454059798277,-0.42881949146897186,-0.5101433145940515,-1.0000898134748197,-0.4716046478969733,-0.12499954514203561,-0.2270695126051868,-0.14491286947732526,-0.8846860272743146,-0.5438753520968792,-0.222947416581404,-0.18977347395050123,-0.5957595600903286,-0.4046930664430094,-0.19180631236780338,0.003415575675819224,0.252891153182539,0.3357265471622164,0.7567583562632538,0.6362371933728682,0.17072260100271938,0.2709137920695923,-0.12233841960206014,-0.7580398567135322,-0.21794511500433617,-0.2950758955884685,-0.12033254706174493,0.16521083722689012,0.27365919650079235,-0.2242565945101721,-0.27816135635666056,0.6183789254185
0.1470829613583687,0.5759479815464756,0.6724262018370785,0.024604186509654485,-0.22486553455789418,-0.08254923442001799,0.03728327882194901,-0.5202178606054524,-0.4305860804015405,-0.9652559552745843,-0.9850376249535713,-0.6118026408357791,-0.6297160033104112,-1.0762902457047245,-0.8894814284010835,-0.7103402401966541,-0.44515783835180106,-0.6689232622445151,-0.3954627551164052,-0.1273105162103996,-0.09917690825181437,0.2870111857799162,0.13889588639597422,-0.7761083417052724,-1.797184928457921,-1.6337894318926744,-1.6445703944132835,-1.705097435239903,-1.3158995350693508,-1.094251146037211,-0.767573128525174,-1.6155009747370686,-1.394043510500147,-1.1767312880825143,-0.6804701645284666,-0.570600332183973,-0.37871029547648716,-0.588601524958891,0.04172001927014113,0.2158987333719137,0.3794604302541304,-0.09799048272984213,0.010965650511595301,-0.36501506700497666,-0.026295393379261605,0.2998607194401888,-0.2016030570495986,-0.029837990152838095,0.3859703452097302,0.20576097524816253
0.13587628240494462,-0.15634025544156,-0.48360350355309273,0.22454810416985502,-0.18136065514035224,0.15641185286619286,0.6646123319826343,0.586173894715212,0.49211170830501383,-0.15157816892622572,-1.0507101238249348,-0.9553557237717812,-0.8472325857837751,-0.4333708119151687,-0.2905150120294912,-0.7139829654608247,-0.9075801077563777,-1.130454059878979,-1.2589251047768413,-1.233835495642835,-1.9129319338774982,-1.800465093637206,-1.0293684934509777,-1.1151697783650114,-0.88301491638326,-1.8691919585988115,-1.8962029358438803,-1.9638039675004317,-1.6492720894562232,-1.6568875149608795,-1.3109154390298676,-1.0906261831890909,-1.3293405471091744,-1.2958528043323552,-1.738050399448707,-1.1307386481494353,-1.1801367259131643,-0.6181371131399552,-1.1218315759574118,-0.6675574918477227,-0.48440247616543614,-0.17074247625942662,-0.01906882970462866,-0.26237303217095265,-0.5470613345761122,0.2101200575489635,0.020732908253759726,0.695363069218287,0.9438416483214498,0.7984485996063447
-0.10583028470217788,-0.07203039186542598,-0.720438493439273,-0.7167958332630422,-0.18980007753387285,-0.2968916589484162,-1.074331910484919,-0.6492245957104993,-1.0451568301184286,-1.064506819521924,-1.4500889624223348,-1.6185014433417566,-1.1061266475613922,-1.0197631239722509,-0.5536880981792875,-0.056685584663800526,0.7006990262540237,0.19938037349057264,0.7537617740162528,1.3399787206407108,1.4333631691093918,1.1430943069102872,1.852867592944538,1.5915808898423518,1.3572120399262957,1.0196327271292096,0.718513328246725,-0.11167878814336467,0.33773847608175944,0.49805317045717,0.46401241708727464,0.24947179866395142,0.05038423077520958,0.15011626673660589,0.47552386471577435,0.6780970078448756,0.20442145301387502,0.5786221395410567,0.2867872027084601,0.27726186926950536,0.1907608064546816,0.6361913571188811,1.1920061430424778,0.45948944918960644,0.04571803732197298,-0.3660781067697182,-0.3177690323401905,-0.14489503074973437,0.06234023438977926,0.25253442018561567
0.06365004700526412,0.09012276290401897,0.11931342773412909,-0.2535221679933368,0.3931940267760455,0.6402586408815893,0.213739864583301,-0.48338872000880645,-0.9203041292605333,-0.845908453008369,-0.981046767163922,-0.9615417208996433,-0.3101538427370573,-0.7738596993395891,-1.2741071736610832,-1.647958937096003,-1.0410333204967004,-0.7630365377488697,-0.953334979195521,-0.7036300982745585,-0.5331974502392534,-0.0004156285285862836,-0.597893749464587,-0.5681235225053388,-0.4020821522531937,0.016973316229565296,0.7448564273629995,0.798499261938088,0.858978054558578,0.2571528386731075,0.35828821060823385,0.7074354564229768,0.7522286328922924,1.0351803466316907,0.7620991416123578,0.6825976677089487,0.3361850712707689,0.6977529798732789,0.6152305726870487,0.44856493484872706,0.39752273954661344,0.23485384125692807,-0.10037081503989165,0.23124396724761048,0.6594172073656086,0.9002101191084108,1.6905643605223686,1.269434687171889,1.1467753409762667,0.9974757773043557
0.34963495081724566,0.22596924198565455,0.5502084916791602,0.7851806840233836,0.30751474700325376,-0.47891375187125595,-0.5994128781929502,-0.2170881383044543,-0.42384925922912087,-0.1299034414987241,-0.34598067790529563,-0.5726821360262266,-1.3807371870181682,-1.8294746786961686,-2.660676006349792,-2.295439740554185,-2.1160758674164923,-3.1039888549824872,-2.223948317687567,-2.6361644561582986,-2.9259890971294227,-2.475454956668897,-2.294080438849588,-1.1647257658631067,-1.1055370166433034,-0.6342403010239319,-0.6646118519513496,-0.13720693251738014,-0.26852372741567837,-0.14193611353552668,-0.512258046266842,-0.5446680012355999,-0.5767561294153554,-0.3049833715458897,-0.12064659592098671,-0.09323319594724248,-0.029369647572412106,-0.28509260852998836,-0.030743868690823153,0.27257385034917647,0.30264788578410473,0.21654261390662427,-0.3205939626511731,-1.0321061163231702,-1.5244878034310028,-1.6533993452233122,-0.8435929722142301,-1.0940607858695843,-0.6185809819642877,-0.30896736893359394
1.8926079289378084,1.6336396237338313,1.6304103916355588,1.2486777180266238,1.175217335045942,0.6704047688338114,0.30634147068963796,0.4149431688300328,0.8439399321690243,1.4279326565370598,1.3667480282579125,1.176781120354928,2.319367256639393,1.815352435049285,1.6955322154739725,1.6949194006657986,1.1434768409769702,0.6895973299502662,0.4457930906893838,0.09054503173962863,0.005147708588362572,-0.08913830413528866,-0.17431591282846753,-0.5448961946630436,-0.8855795641411164,-0.27199450837369027,-0.06281790705086457,0.05016192721751295,-0.26466939282408863,0.5028591146720014,0.34209194355717965,0.14505026187960157,-0.509113864187757,-0.6733967692153368,-1.282573635314967,-1.2207789373573197,-0.7456626039134328,-0.9910509592085958,-0.987710421486939,-1.2107807479898003,-1.1318841122706833,-1.144848884784293,-1.55711421093053,-1.3278960182300392,-2.043239770960295,-2.0076161055572483,-2.2186395341755016,-1.790903401204134,-1.658335263338493,-1.209813220846585
0.5212715724938558,0.9754518036814801,0.3785046604320926,0.4765925194290849,0.274358009948007,-0.3992595239455418,-0.7198420805957075,-0.40223341505901444,-0.07884627954437999,0.0757790139697565,0.2946189831834064,0.7460295894683774,0.7782539346480504,0.8314582238350504,0.8440503219517551,0.6973313745927398,0.0028111860007959347,-0.09843801711861278,0.19776613319835412,-0.24163354386537508,-0.8177424325566043,-1.0628725430260222,-1.0112242489168146,-0.4542171287988209,-0.25485448076056016,-0.3313560779272449,-0.09753888223063009,0.2588076196170855,0.2594872923534167,0.511851304192329,-0.2695480023805031,-1.012090393053059,-0.8446000501537106,-0.7530021191890474,-0.38204208715084426,0.8268669421302345,0.9442128431225608,0.836092338075956,1.2239204456215953,0.6750049050302526,0.09362705931439967,0.024602008873948953,0.13443468313711768,0.2931795198985409,0.5550418519862024,0.7023978231785464,0.44146841907706014,1.0067437799402787,0.4764307909636966,0.8776659877952898
1.101791670592743,1.098031709073441,0.7586436793405875,0.9321488237553199,0.797555797628509,0.8170369798961133,1.4393709077498702,1.8681433399365668,1.5452532053103014,1.8399476673688124,2.648428035213095,2.662981017363944,2.7338749383818106,3.495203392064399,3.5152938298407124,3.9254556657196535,3.194455200648168,3.2503326085219046,3.014992106939273,2.9673339777623338,2.5004506921425844,2.4585923973018446,2.430559431680982,2.5985940231332956,2.4609502412181667,1.505420061972149,1.2014332050254741,1.0778254474063782,0.8614361580826826,1.3377134925690415,1.647256265622804,0.8884386426708375,0.7686760500992412,0.26180926326740744,0.5429043809250257,0.8258461485946282,0.8890440722350451,0.6592499099268273,0.3645087450017018,0.4055777394756155,-0.1529958717066892,0.37988559455462284,0.562748549518733,0.7334949900293646,1.0847227345901638,1.32899119693819,1.2403628147157701,0.8188626265610471,0.19376588206828751,0.3442600357839881
1.1881121528303373,0.8511647683450484,0.43125952886429875,-0.0896333176931674,-0.48952333814567256,-1.0656165979021037,-0.7300768098894128,0.04608000231342954,-0.2394547851684636,-0.6196405912748069,-0.7607491151938425,-1.2462646677846894,-1.457024208669737,-1.0117696158642135,-0.6034153585312069,-0.3283299789180539,-0.8281039362797634,-0.06432912956695015,-0.5194770401816996,-0.3557091190512036,0.20943611454667002,0.22208700877068865,0.6295402795263791,0.32767812268527813,0.6718644904526174,0.6368145097797206,0.2694995952401319,1.0963754867491189,0.8965234281118316,0.8840010651087927,1.444874590703632,1.5887394785707558,1.3721638112423553,1.4202681913632078,0.735988895413938,0.9166142084407208,0.5612338949907647,0.1385996884766267,-0.4675486544936703,0.20700454308244698,0.5345404375886441,-0.05326931656072847,-0.3896905023322247,-1.2038348742798122,-0.5581458073712388,-0.23139994087266133,-0.250535716277785,0.1709851404528105,-0.038284963177062835,-0.05663670527936804
-1.242751379770524,-1.3648504892295417,-1.5897075912331757,-1.7676383432132678,-1.8126158932985192,-1.8119690414924035,-1.9843794751780135,-1.9183549859412103,-2.3232400097036088,-1.7303826134591322,-1.1809846891054148,-0.8314945982684714,-1.0045444622668769,-1.0671177948097326,-1.4293154643410262,-0.8011316334150185,-1.403835181643176,-1.7077212474513654,-0.846546837889138,-0.7478581061396692,-0.9080760490911383,-1.0440025981672882,-0.7414465287152281,0.11567141196993663,-0.3239988030445061,-0.2653641164246875,-0.11889417313213706,-0.5867215696940546,-0.5852842426359683,-0.42735547331335255,0.0910150930480328,-0.2124741749022457,-0.4303282880453508,0.4181413709532356,0.10339021739384831,0.14788594302857125,-0.21688896994508422,-0.2730163338260934,0.23367727768845475,0.9375474755782,1.418375437722777,1.4993071307226142,1.4090028535450931,1.252220164372849,1.0040712856795275,0.9986432341353508,0.93331140326952,0.22783143518376578,-0.011268635837827673,0.13947049158559932
-0.30284888359409956,0.5636996567393415,0.5389422117250421,0.33179762616569586,-0.2106706050835535,-0.30176510688576885,0.23312086645048888,-0.012265577306021118,-0.03341657046923716,0.012858610836776885,-0.3477834019593593,0.10899751376989748,-0.26891400289699396,0.1338123679813014,0.18376717943195695,0.20698054911951036,0.4208940914281824,0.7703970551329711,0.7692879842967177,0.3759458490578622,0.39290360381699396,1.0472634496147841,0.6075473650661801,0.7109017261709064,0.7266454407525437,0.9577883458879382,0.39594617172151303,0.7570176780754673,-0.2848697883164499,0.08449612000642934,0.27277525667176816,-0.5697601091683432,-0.04569969921693939,0.2091260155957061,0.8969988660052322,0.8735153432913301,1.1964947696839667,1.1056493599151123,1.0690233211175648,1.288960111237709,1.593249291400104,1.1000081609991321,1.469711467895423,1.8527554381719766,2.005316275632039,2.196636089362287,1.2305192137922305,1.0211975964600915,1.2525064577991236,1.007922530200018
0.21752358505656183,1.4200174191623485,1.4137773507681546,0.4042635140982915,0.7765205972800532,0.5032779619971719,0.2179100132810927,0.17623157495406994,0.30030357239543626,0.5451766859017557,0.3018297183861971,-0.24223981251921883,0.34156613163622673,-0.30734213648153147,-0.9226299720626429,-0.29223309112292206,-0.843233462591228,-1.1591092834034202,-1.0360276806684818,-1.745481171714366,-1.2644988022984356,-1.769255992371056,-1.6580807436477887,-1.3000517852421027,-1.3779985123083107,-1.0837575971373707,-1.2519785706237445,-0.8382207467753634,-1.2000271764270072,-1.3611493506744725,-1.4935855759476382,-2.22212491816489,-2.2384401622638905,-2.247248134058284,-2.280528253073878,-1.942615779422683,-1.6237347174490362,-1.3268967446025293,-0.26651268237810033,0.4309468848738844,-0.2990001742041464,-0.9055865058235013,-0.5121701076776874,-0.5308657534040077,-0.06786481743943049,-0.6267644684316405,-0.41998501645301706,-0.5602199421768824,-0.7674683948742302,-0.7530874721022132
0.7442740322784596,0.9843726506466824,0.5991193116232486,0.2516091248727294,-0.09943324393540874,0.511321800535625,0.3113912533417911,0.22656775362396256,0.01229214851547019,-0.20410022477548523,-0.7636031440750859,-0.8718373237978355,-0.7050219639896866,-0.7434328133798613,-0.5528483481947093,-0.7554968070750743,-0.4808722929408657,-0.6273216689662242,-0.32777350108961534,0.19669435001910882,0.502062052709142,0.3888902304942753,-0.48420377891564137,-1.1834854209275456,-1.071909174163742,-0.02765623401538799,-0.13676199127493108,0.18389979369676732,0.0031612987217984976,-0.16318075278836658,-0.11434504838901036,-0.7509652375746065,-0.6662119793053342,-0.6566939225557213,-1.2532648736205336,-1.3666207002341948,-1.074475043709892,-0.5149134508472673,-0.49388152964133947,-0.9692896433209978,-0.8028668491521761,-0.4926289979033114,-0.7294282931733204,-0.5309052861066154,0.0015114447922380692,-0.5021012707217256,0.510478597288947,1.001258642129998,1.306300969314452,1.4891207341465402
-1.3079447688808674,-1.1031733530695733,-1.0039582916165974,-1.0278072873042232,-1.1908800881767223,-1.1717630863346866,-1.6594594566000467,-1.5263392960731397,-1.935607562972463,-1.9491899515542364,-1.9636263847160922,-1.9136276997585298,-1.918586358265314,-1.6393713059785318,-1.4943005726162917,-1.2652144736280224,-0.9505287213010438,-0.21329467198555624,-0.2794853266524064,-0.38175647715302263,-0.17346188704093818,-0.02404458703740378,-0.20089831244814915,0.046699626182030815,-0.5977117176460024,-0.46989361294306947,-0.5672149442966574,-0.8457028293987117,-0.9494617373796153,-0.8213563542261243,-1.2890300231011287,-1.038706691853533,-0.27775426923008606,-0.7574454591385301,-0.7024955756390572,-0.6848561719675631,-1.094990314127546,-1.0614572184067408,-1.0245345480939887,-1.400801383166822,-0.7430648206153168,0.12725300193559452,0.5189225254260399,1.0863532029752934,1.1219437469371896,0.7429332322355894,0.9754250045532639,1.184991829171925,0.745237368326138,0.5871580333397579
-0.13427831330897275,-0.053733781241420774,-0.15400892718751946,-0.08475218063043803,-0.24959548411042487,-0.33712229851866754,-0.31971582669669546,0.17192181675910528,-0.06456329385555304,0.17319784297732616,0.015980644333653014,0.05411233968385156,-0.059787359378214985,0.4450852123959116,0.12006743171819599,-0.3840138713474073,-0.49986503125270576,-0.6054803354145204,-0.6205605659052007,-0.9052140711431214,-0.7661328742562197,-1.3425121853306075,-0.7728975838957713,-0.3187494813729394,-0.21396922859931697,-0.7360995273326995,-0.7456769440163146,-1.2667940657402403,-1.249964995412337,-1.2609807915247826,-1.7967113001894024,-1.1944570691173322,-1.2657188224679101,-1.3243839922314133,-1.7431361174660693,-2.011306304764362,-1.5496764766713866,-1.4350624473939242,-1.6625188129902173,-1.9299383805978807,-2.162683096066295,-1.781853682389137,-1.9725956471023562,-2.1384194892706447,-2.0029806138589517,-2.158423627064579,-2.6258730639112904,-2.5066656633242714,-2.986377045237412,-2.9350875290525837
-1.6327296823430937,-1.780889392357674,-1.866758402278925,-1.09035941576734,-0.9883282695021013,-1.3263659461025756,-1.6547448023726696,-1.679411767781548,-1.0401308835347365,-1.5673154957867919,-1.9608053725425731,-2.2212460417914675,-1.470860446392442,-1.6157166262612415,-2.0014596451553865,-2.2338688077160676,-2.581399937529459,-2.3966236175774585,-2.4330798792441697,-2.498658232420711,-2.7069665674134047,-1.5994710771204228,-1.3838065509853572,-1.3062275676990822,-0.998694480048705,-1.7473561960561153,-1.5086235350977129,-1.4272901783735437,-1.2694736722777884,-1.6156234942126266,-1.5739784933318508,-1.6729335354564903,-1.5700125924637416,-1.699405902069326,-1.3491512786769353,-1.667239159873789,-1.4945961799884058,-1.1765105105569607,-0.8760935944866272,-0.9662972160448672,-0.40999319711323806,-0.3388636969721696,-0.1390986130766007,-0.24693598752367416,-0.29177201577144884,0.3169550236403749,0.5860150274489866,0.6653708607420927,0.6834601330237032,0.5388524277547697
-2.1815168791485124,-1.7767503044581032,-1.4846765846275232,-1.419949622430721,-0.9509640613643318,-0.8825326361259968,-1.2440143326882787,-0.4478570148587756,0.14224356514812048,-0.26036630108768877,-1.5258018246542986,-1.5111228866045607,-1.124190069253234,-1.0929954449329908,-1.3127573686701566,-1.8736876960539957,-2.0800597870865007,-1.84966331372507,-2.0799780629102194,-1.8549999379092608,-1.7508317800368416,-1.3310302819385376,-1.149344971145539,-0.8614451368010848,-0.6774640344079788,-0.6865443752435064,-1.1999257915120205,-1.1695290773877223,-1.4049149259988083,-2.0333756387355697,-1.9231006794268546,-1.760236927818329,-1.7789639685561753,-2.2444629177440696,-2.3312779704078666,-2.1752099997471257,-1.9476170138614466,-1.0324445602657364,-1.2032389997215598,-1.216276034887865,-0.8460598116991032,-1.0218147556987727,-1.2916465188388857,-1.7317593886816824,-1.2471846766263668,-0.9611830141203705,-0.8054644497049145,0.12208700430354025,-0.3099579078665271,0.09112324644961586
-0.6460080039431202,-0.6218794025878209,-1.1636850312124989,-1.2482909852832595,-1.4989020897657412,-0.74758306813968,-1.1059864420399697,-1.3316834970422105,-1.7162310704854202,-1.1179699307499655,-1.2756602906338903,-1.2495452043463804,-1.3609782789450575,-1.1806522232116572,-1.261844726105658,-1.4425943552143796,-1.3703107751556336,-0.7780577196678772,-0.5066920832211783,-0.654624971496176,-0.8792313283535872,-1.0676131092169656,-0.44265296113981994,-0.16653744131207426,-1.477638875748486,-1.4300609122222305,-1.5738683049533257,-1.8975861249173402,-1.8684938511967315,-1.7061750599331231,-1.301711416739477,-0.8681877300564543,-0.9634288126794786,-1.6205065708662374,-2.08027405817381,-1.6851326001960363,-1.1216316346624355,-0.6519882032423876,-1.3232446299034477,-0.9253352073686127,-0.7534682527159828,-0.8310391007472883,-0.7723600474683651,-0.3932621098384627,-0.47836150713325715,-0.41548667236425535,-0.5798341267957423,-0.5126241117878695,0.26108196513595966,-0.22756799924453144
0.28599004269758066,0.5011325105396269,0.4414733511726615,-0.12378358495774895,-0.2770867975013535,-0.4181609143625429,-0.521620790020751,-0.43443902211494984,-0.3537430563201508,-0.40672743278852663,0.14712071776954802,0.08895830313450422,0.08870494355714345,-0.07174487472541514,0.06237685503920206,-0.20482008464340604,-0.49297581657145984,-0.6321561192776932,-0.23924970977823276,0.1728695449107931,0.30275272636036826,0.8403968278251611,-0.063593060282548,0.037033168107093256,0.14339048661920267,-0.5584064560763778,-0.7588787491360164,-1.0328905315618246,-1.1535338856764794,-0.8072941868838293,-0.8936659180934701,-1.177192325268172,-0.290039209269058,-0.11278413631744717,-0.012898984955203177,0.45778805803337563,0.18500153388267895,-0.03924762258285293,-0.33959478000164095,-0.21071875542401916,-0.19523598226217106,-0.32487554944409525,-0.11471478196608594,0.15748487132702713,0.16404104827176105,0.46611777937053167,-0.27237806959344657,-0.9971271875425052,-1.2385340812464858,-1.6047409827920953
-0.7498920607307916,0.03514138686847324,0.05136043333131622,0.7227841754581606,0.7284581006816916,0.539810147615535,0.2174066329465116,0.5610700712049888,-0.21554037700108777,-0.9004244977951213,-1.2963252811814607,-1.1164705083210658,-1.9778747019935103,-1.2743710857295854,-1.780259361861405,-2.2668071820936344,-2.048246669422706,-2.2469882536783556,-1.6125348638754897,-1.2691654999814792,-0.9517282585974882,-0.7800441600389445,-0.5093657826631167,-0.49864055661964835,-0.7530981972754173,-0.8495626609469364,-0.3100376840970886,-0.7406563218014097,-0.7392126786418514,-0.7488947255142832,-0.6031129490461806,-0.4550457158236889,-0.6066064934622089,-0.6718349709286549,-0.8611479375114883,-0.7093712070640432,-1.030751012482455,-1.0080619536566993,-0.6512525054803245,-0.6340678321578411,-0.9531905410898533,-0.9755541610171643,-0.3677382339427609,-0.29433250511652836,-0.494119084650296,-0.43717423705026104,-1.0523029457234072,-1.1661300567058523,-1.9001412817254117,-2.3651771292726194
-1.5780267310588396,-1.2268009292035627,-1.1139954020554426,-1.1155888381883945,-0.7422359958790992,-0.8265925652981854,-0.4453972389969854,-0.0717857834523687,0.2140839229378721,0.5713403631158733,0.6904216174801879,0.5446048489512003,0.09846879408817903,0.23791810480365727,0.506415542337424,0.5497951535177323,0.29925634111402477,0.12870469906333246,-0.13307824981499228,0.24574560901456188,0.38401423519209743,0.3750526983295463,0.7779944401777577,0.6473483617956346,0.5913586434973523,0.7302654607437626,0.43649988640130166,0.7575358228702265,1.0614927004347519,1.0876275612759505,0.9891624866016148,1.0418330959334245,0.9046800591719881,0.9338347805660769,0.6663291201264434,0.6999982844851087,0.16061736757455664,-0.12140430934249577,-0.24489600820027377,-0.4731055483507172,-0.20579376940298355,-0.46342952862627557,-0.3147769666634514,-0.004775168769987553,0.05562930763370114,-0.28161219093776435,-0.22517741024145124,-0.5164921235521334,-0.6069597445850947,-0.4610962654329926
-0.09616849048118956,0.03921438971026312,0.03791880471386697,0.08638407267889339,0.29730029701454164,-0.11205201449679228,-0.19362617395084777,-0.4355610323591865,-0.10313347663203928,0.08618434670488191,-0.04056632572286099,0.38291944792809585,0.11429841485662433,0.18241714235930687,0.7990396912093054,1.5079909561473066,1.4411506028558743,1.69716947713749,1.778806501773321,2.1221238906978033,2.3890845783571586,2.133213033427203,2.227752274578109,1.9246131223675156,2.273377137224835,1.7417262228674166,1.323414735490974,0.9142615034272954,0.6913399302583945,0.7605780379536677,0.6715397929663534,0.46231268423963834,-0.43107000358263886,-0.9773921103546772,-0.9216781984400044,-0.7294973628263892,-0.5915829283750629,-0.1773547648112329,-0.403195944803588,0.2847706180264687,-0.7252176115609714,-0.9011271174066969,-0.4110535145649221,-1.7236812246724822,-1.228383365949117,-1.5847167585702961,-1.5648156975213794,-1.313295790595879,-1.6578528362350664,-1.6786869586746231
1.4662053056428033,1.610053568369379,1.5754728587847002,1.6660064919796889,1.1616351465112764,1.3041920317022884,1.2188939154418519,1.0541667073447527,0.6331036082308873,0.0742557759060404,0.17629750536723715,-0.6142146277672682,-1.2467607620518122,-0.7130252960261524,-0.8440269095076169,-1.096501749636204,-1.5058778418575758,-1.4673976328177187,-1.7152513749753204,-2.1345907420771537,-1.970345183643913,-2.288627705638873,-2.105071010982207,-1.2287326925454822,-1.2444787946650209,-0.7054176959231455,-0.09717915608623312,0.7607824785722135,0.382025288384423,-0.3456121553360317,-0.1468502414362518,-0.14363890875224447,-0.7692550113195796,-0.00474475516850125,-0.1325735881185379,0.11617669330849904,0.08883596463157589,0.16234696962791972,0.3847226762406176,-0.2332041182310766,-0.11434167341931868,-0.8394391047519731,-0.7652324091458508,-0.24068367149352,0.013328887161378143,0.2968911146153407,0.35209726354259924,0.9155055831320693,0.6297303183124702,0.5697790223178367
1.442849585702952,0.9240118704333923,0.8034743143095012,1.2880183718939047,0.7698041207904119,0.5259506485476342,0.388805808712933,0.052118944463432536,-0.5224152456608462,-0.31569626282651136,-0.8924468842547951,-0.3861062008652716,-0.7595464771016818,-1.0691565600490311,-1.3433421577775468,-1.1107386599347093,-1.0484797604966196,-1.0343305383116068,-1.200700333994823,-1.5433691523068787,-0.9195600915504638,-0.6810718300171127,0.31853812058188297,0.06143907824668422,-0.5125412334543507,-0.35997544927071806,0.3661466271078101,0.767762360916646,0.8275733104849746,1.3642651528198533,1.7092296544124788,1.5469164652697798,1.8898564642852806,1.7553468985709804,1.1223510015305362,1.1524337419364588,1.1713482779354751,1.1690504365875318,1.6254783117267702,2.0175326775299784,2.458261735384121,1.8460357940866028,0.9138914058993683,1.5119872895054047,1.5449990543691805,1.030097626910719,1.2791310216319831,1.6123032735292888,1.641722674827445,1.2930089448093005
-0.7324741456665443,-0.39021423119251625,-0.6327781089813095,-0.5015597647271643,0.40319825387633407,0.6715404392840614,0.6129153604614819,1.0091825262124363,1.2186366295592528,0.6619641326111673,0.535947825762741,0.07481683070892582,0.03450823161802986,-0.261889941576484,-0.0446193306909219,0.12910969510905698,-0.44746025866823574,-0.4178741971688172,-1.0551192517692753,-0.8699654605042099,-0.30186065204165624,-0.3768622424003516,-1.004691219780805,-0.8298662516454937,-0.7568752025492268,-0.6841284854647692,-0.75518883918734,-1.0617922141784604,-0.7678370102419859,-0.6728692211289207,-0.957959572483923,-0.6609759435549247,-0.49199741476571274,-0.2806861272776688,-0.24627202932654296,0.7773529711966318,0.47518579658728594,0.24185290428779693,-0.0833109903116475,-0.11760442067098173,0.6599631118943153,0.8397163651333961,0.6853980966153971,1.078229536371245,0.29625722055825393,-0.0025220942960060473,-0.5329831059628194,-0.6433076031134377,-0.21687357162997517,0.1550160853590044
0.4948771024733811,1.0896743129112774,0.5697767185435952,0.9554833674281188,0.5764592893354827,0.6502215056288629,0.8386238685257711,0.4777560147732459,0.45664414007151183,0.30763244657655403,0.6403787832242873,1.4279052676340873,1.3799363337650223,1.5613638215357402,1.699122120397219,1.5424613651021164,1.6444431001987547,1.3044912735899663,1.5481411835927628,1.2711190181473448,1.3938163931240117,1.5682787497593436,1.793551871570833,1.852764455430673,1.006225533439166,1.358538155360004,1.1679426327249884,1.247004369896805,1.0394542814715455,1.4524749461135749,1.1919950133530748,1.6689020384591462,1.386122343123072,1.892783739488271,1.8045715204399166,1.6029928037778156,1.5018276380047686,1.8473876967363811,1.0345102560126802,0.48167043655542485,0.7330895370811455,0.9092317373264187,0.7317207488412858,0.7514102237373462,0.49517002856333225,-0.22867755698810818,-0.3750997238849215,-0.11978827280505526,0.1595871877116599,0.5713012893305716
1.042280066445452,1.3840454709581484,1.3204854083099018,1.0722649757358618,1.4846298059014857,1.804549443263541,1.300592115274984,1.0646785517106445,1.0527987718499758,1.0635651136538253,1.0846304754435343,1.5136293999389587,1.828169204949811,1.741549744570928,1.6402365057137973,2.654087506132445,2.2490654098032046,1.6257172131156483,1.445478783207621,1.9195753455784235,2.369916836410057,2.517218753970874,2.8351564847813795,2.154388365561659,1.474072758168005,1.6056427319662376,1.0456391458844765,0.49137449665197785,0.39560634702638514,-0.3015050835083191,0.14383278827957832,-0.08967329834386713,0.23121540547164257,0.5921887637349859,-0.055190175190055146,0.15845225216394937,0.7459907737873378,0.3638721312546339,0.007848601901740918,0.10215403173740593,0.6100769646265926,0.8397440958247587,0.5668142733721842,0.034779559106335116,0.40209778252477546,0.6647049429604878,0.5163765244819275,1.2997791866823742,1.5218361949462043,2.0844896126451977
0.4751150727104225,0.5725851510028946,1.04724983607451,0.46926189521078926,0.4712802846972498,0.37069672357716,0.1976000219492531,0.06389082548501387,-0.2890018508941597,-0.5808235329412764,0.08204960991834473,-0.07536346557699185,0.38568792834916815,0.7536089044241678,1.0575083052640815,1.9136406081758273,0.9390097937497864,0.24505560081907138,1.0162113862126245,0.7513955092580278,0.5504675616051468,0.9220944628108613,1.0878145406426711,0.7620427102966831,1.0813702565614973,2.04699823620602,1.859632818871134,2.0433233350956828,1.7399494160066313,1.4118549706211443,1.7011775048630668,2.0717106679956188,1.428899539483599,0.9030189123368743,0.9065943166000143,0.9895789386910955,0.32501708636205034,0.27300818328230153,-0.24057628693152872,-0.3669442813238374,-0.06305589158324335,0.45294626569431373,0.3865957394819197,0.15356359122782742,0.7590458723045757,0.9439958387104324,1.1490219617437754,2.074123495438598,2.43353058933077,1.7412851900569413
-1.5080747785007,-0.9605753254543783,-0.8175537470056229,-1.0356672650405914,-0.5618747878024691,-0.2071483166578981,-0.4456235252604533,-0.6700665838459648,-0.47636417722957514,-0.6477218534595481,-1.482567144693218,-1.1286360877397277,-0.7788739215663543,-0.4691302094820943,-0.006800998094466093,-0.26886150163573563,0.38507358802409236,0.25946726691391814,0.6555199861149207,0.9619301504237684,0.24219528801345905,0.2752298911226795,-0.1349091704246793,-0.3010270027209082,0.08970726163420002,0.15110902263113268,-0.5810515985219805,-0.14223567027237982,-0.30437393990037165,-0.30026300318375004,0.39477567943832237,-0.12372299442365041,-0.4701532594153312,-0.25711927331602025,-0.23420117587565784,-0.7390505237450087,-0.2579934442027676,-0.44489537941631435,-0.9277514574142404,-1.0160853888663637,-1.4146542426882056,-0.6808333746089963,-0.8503309045860904,-0.6002009551311122,-0.18260136219346726,-0.4131070300695212,-0.23049409942619994,-1.0678790808923238,-2.1608427889910162,-1.8666160084352181
-0.027558562589733777,-0.5960157034775282,-0.7205717890642678,-1.146163924220123,-1.2715216212165075,-1.6890630742740569,-1.889770985322516,-1.4321335668235684,-1.4878796858281056,-1.3918657635497784,-1.766928256377446,-0.9185912014451596,0.2059294430441164,0.6018447270645261,0.5505189256255447,0.5124741038447002,0.628513662683621,0.8282724720001431,0.5157745323228314,0.5716789194082038,0.5034877351134088,0.30224267820941786,0.26589681949830063,0.1901787208557417,0.42044704767581764,0.1961439729991132,0.08271347722187038,0.6021024500927796,0.5856707558798163,0.6385030450792909,0.2332216659511897,0.27963084953712497,0.6895024169996471,-0.17289670192493456,0.2739637457561464,0.6613570748777768,0.3513070324001348,0.17658181168855475,-0.14818820938972413,0.05590569688317544,0.448909531868914,0.4223493448999383,-0.25830267553453784,0.3052646499057961,0.5552463958862901,0.4153863241450813,0.15632348918657415,0.2177693666348979,-0.1874176354242291,-0.9451387989371162
-0.8948768539200597,-0.5899043459064064,-0.5997175888659725,-1.1305722539791658,-1.275372878507908,-1.3112329034404957,-1.6120722588196275,-1.8313963541048013,-1.637814995328018,-1.62830982956366,-1.2879037764067103,-0.9242365841976713,-1.4488208731942676,-1.0203250785029219,-1.3165988460974822,-0.8217061998729961,-1.1594870857682864,-1.1627264625175295,-0.7539337165482046,-0.575802212462277,-0.5138402585586846,-0.48065606829342633,-0.04466058280569936,-0.06750110577662137,0.19862657395206162,-0.6805820317991393,-0.42299822693934097,-0.23748479204117928,-0.8047885709968736,-0.9630544544581648,-0.36713581007231794,0.29168310478380055,0.37123870365135997,-0.14477992639534665,-0.21439533790469031,-0.6231021155942188,-0.2532203808563002,-0.9886559072069657,-0.4550316138643712,-0.040639405919308536,-0.0819002200489994,-0.5590794578243597,-0.8321715322267957,-1.1846981575460986,-1.308686362675651,-1.793698907910442,-1.9593398769489607,-2.2179243888820066,-1.5808099288140782,-1.5447230503335563
0.9999237193636109,0.7165487108997375,1.049762175531399,1.1610959330254014,1.9374378287422043,1.4435737600764709,1.0147356464762134,0.27317003219967,0.8208103475279764,0.7662703792197646,0.9904787773962547,1.0066081726608622,0.5518129826418323,0.6443652116395766,0.1358531853821139,-0.16810666729692308,-0.594760173203116,-0.12086851615688222,-0.05621596662685427,-0.23443502973283387,0.0033799811260748366,-0.5246732184598552,-0.9522356921669376,-1.02010958339513,-0.35533506922446506,0.056975132148496,-0.5081174844769131,-0.72794837222438,-0.35315332307795944,0.0202543195293452,0.0012881976801977734,0.4489547073927065,-0.45283637751047784,-0.16316338964900065,-0.019992360080497217,0.124364454881534,0.184250797115716,0.21696024525326785,0.2420022748149262,0.2703224321714455,0.37438129401922077,0.23157396830998603,-0.24030813480596205,-0.9452473198357899,-2.0444265794729644,-1.8051660269282852,-1.8632366803428697,-1.5748895693000031,-0.7030736320333482,-0.6044927766390271
-1.1899928115402683,0.09222432704869879,0.08697229928722126,0.1894289249082572,-0.11273121006935749,0.5248621278573661,1.0833756536685668,1.0657108558789532,0.9925461604573792,0.8372555737696833,0.8091225049356646,1.1270925711118167,0.7980188450214981,0.7880763297480804,0.5516971495117622,0.35536423187681293,0.37929285287915804,0.3902046067259168,0.059867213717716646,0.38700135415895026,-0.5911864359482094,-1.4020481727789884,-1.5564976468863654,-1.258739024044033,-1.2480805504331185,-1.7862598609075222,-1.1232882599668477,-0.591319753408421,-0.9437630020566425,-1.3050408816971792,-0.8405370851911138,-0.20595251076631862,-0.11598486477454245,0.8159851251713777,1.2708533174034107,0.4990983444804039,0.2514353943424507,0.16443392066234527,0.5614149971405561,0.5791735896010765,0.45801062237842777,0.29717910107921697,0.7776775618061176,0.9947083336579725,0.5697593718422586,-0.010998020302522706,-0.05481833515181796,-0.5811486117118967,-0.8609830524408728,-0.09243821684692481
-1.3477511842913537,-0.8990346954127432,-0.8446077429565335,-0.5600009469746322,-0.9650468276013637,-1.4641989677153204,-0.769822103482286,-1.1894577860316575,-0.651613288901674,-0.7576526361127582,-0.6982545393847002,-0.45186967150179586,-0.5402503135821195,-0.9385669648961578,-0.7238744890827206,-0.6036126300383241,0.27666382025263164,0.8643543288704021,0.9334936154553768,1.2531106196246042,1.5734729126944016,1.5280548863825294,1.6340723828536952,1.2468150325630138,1.56828708382489,1.591386300623775,1.1456596030918642,0.7106703553153395,0.998728087368769,0.4820169503997814,0.43102160688120383,0.5158370668842968,0.5833222678022356,0.02911361401683891,0.2745667576648847,0.22388422144022616,0.3599116816421089,0.7857605613616504,0.2936992432665169,-0.3605475359461979,-0.31522664271761414,0.2786386525829593,0.5070958552748709,1.2161564923691583,1.3803796640096557,1.2282567685406591,1.3533724354598398,0.5408927185051823,0.6890598922064158,0.9981267093627508
1.1494558059320101,0.3393045008704563,0.33598783655088604,0.31499408680774793,-0.6506967203393267,-0.767559305585361,-0.40986601915824383,-0.5967254691061745,-0.2362887295441714,-0.5762380558297425,-1.0761806543254597,-0.49562376157086974,-0.3331487725898087,-0.325242098178012,-0.9269301102740739,-0.7422935000555012,0.2918453320139304,-0.02339767265742664,0.025121489917229217,0.2708437274930925,0.07388908953612232,0.7881289006535321,0.8765920156340904,1.425032507346109,0.9092512798640756,1.163812556111331,1.0891726433647693,0.9758540446630939,0.7421305627028671,0.9409529176976805,1.2739794898865424,1.2659903298858342,0.5729838981747105,0.10929571355968946,-0.4518148256791912,-0.07815172809850329,-0.22804821551303725,-0.5720867352835881,0.11216382252086343,0.24010106505065834,0.22522576102921166,-0.2379550334701483,0.2136830682192241,-0.5373001502614141,-0.1498845128353934,-1.0445929818793571,-0.7116131340293053,-1.0526562567529176,-0.4540235365090755,-0.6216481185982644
-1.3542914967876587,-1.5242288797444994,-1.5506885624682074,-0.9517487203062986,-0.6337738370282034,-0.48143327870320113,-0.1692724857188101,-0.10761559732043599,0.06351941650698645,0.10951295495460693,-0.1551761205559117,-0.04954407154190616,-0.16138147390714624,0.22939051735897026,0.4390630324351787,-0.06642271215527791,-0.22930124377916206,-0.04769033685681508,0.218134718640551,0.63066739757253,0.007539872752051798,-0.24600166597099127,-0.1401289498918424,-0.07781820461953842,0.5514023252098605,0.3289256142507038,1.1357560160069515,0.8681973205690025,1.0395019635774636,0.8238145077334165,1.3757384059167486,0.9146951405210368,1.0964028536171568,0.6777539098474588,0.5396001970216059,0.8432379852453843,-0.35734685305863195,-0.8772966481875222,-1.4580300883591362,-0.6886641976720052,-0.8737570979713583,-0.7876397548045156,-0.6836924541263987,-1.130746214152287,-0.9294807071752675,-1.087211425516674,-1.573317132201741,-1.53652806471276,-1.073144452475919,-1.1021106162819256
-0.023410642097499695,-0.762599904834971,-0.8945416077515002,-0.6994985335452018,-0.07372979106133046,-0.33358704348916157,-0.8826914811173603,-1.1174267748580675,-0.49464049408458727,-0.20762496824365725,-0.07494997479534854,-0.35481762887839435,-0.09262341870112321,-0.016012099858186534,-0.5646714721900161,-0.9198282329223049,-0.6948601852307582,-1.2062704027390865,-1.497228624961339,-1.3296418331183975,-1.2606683817997306,-1.4853704023179894,-1.207174908732961,-1.2522694472508897,-1.5012694265457487,-1.6675034446370396,-1.138657855703403,-0.8431394250909567,-0.47262067293697224,-0.35365095503632904,-0.6146281935136746,-0.41229757904227227,-0.4127269591285911,-0.6431254082410715,-0.717661475039259,-1.1633425339800412,-0.5704732161481038,-0.9134401062995815,-0.6170633483015202,-1.0067101861200205,-0.29442698700440123,-0.21726036785816774,-0.1763194715018398,-0.31977375733924046,-0.8781151035652842,-0.761974584947199,-0.5770513323938056,0.042472280541311525,-0.4435297477906033,-0.3527131602576812
1.3395824358323563,1.7246875476175503,2.549338938113126,1.576629908420906,0.8886534577414626,0.5646186553678328,0.6058690104965713,0.28491803961951967,-0.4529062980701783,0.1935773128223324,0.3265300818062976,0.29273950367040724,0.165218180817361,0.5239548916148096,1.2757133843253392,1.1655673512318165,1.0462394541932551,1.568752508107526,1.6139941388074053,1.496061020061303,1.7628205631671667,1.2147782614315354,1.733481197869934,0.9389939132519252,1.2021525959548978,0.46943932016419715,-0.06083311155981869,0.29921590389621777,-0.3912632350848137,-0.3579060814130615,-0.43558827972346364,-0.18899642348206522,-0.19098366013920937,-0.1830362840241406,-0.023282650607291327,0.3296535975652275,-0.06972831201148429,-0.2568766524652572,0.022087125887163227,-0.3841778457568749,-0.1869508046270097,-0.47055929504872773,-0.4659144328587573,0.011698061109893914,-0.2216232565391194,0.820808401928919,1.0087096631601624,1.1059291992454507,0.7016415487624705,0.2503721454285358
0.4740521056118383,0.5930249852289111,1.0695339960838957,0.8359102981316338,0.42826076986741946,0.8392395296961277,0.921766855817755,0.8459491675643883,0.8037045460718254,0.5628460138882081,0.9522837156344218,0.8706747449460992,1.266336470683804,0.9041024061477757,0.4318882044704558,0.4366754481727091,0.6366179288309644,0.59959010571069,0.5634225448249428,0.50886126727763,-0.1842693208856006,0.23751342349686044,0.5210256105773786,0.8037799429104141,0.7112543530757294,0.2734988465902713,0.5002215976983911,-0.2853741254735627,-0.7088832295747246,-0.6595635899967739,-0.46922676273900116,-0.47757809449163763,-0.714972113945061,0.06427766890308227,-0.3008402816581163,-0.0080499029995621,0.2227428869556282,0.5168541663241313,0.29479185069230646,-0.17494146346455658,-0.20022872998288765,0.16129290514203745,0.5287330968001566,1.3049083646276831,1.6147800820278744,0.7183550045788386,0.8883229878140748,1.0108343184085415,0.7490078765656202,0.4151749517111736
-0.2743485645435346,-0.2462194923174782,-0.3241616617472099,-0.44611972395867994,-0.5781939099653016,-0.6857198970880756,-0.9986370275713962,-1.0285131027515397,-0.5879837541289221,-1.0467332179621986,-0.822216031965905,-0.21836609607388044,-1.0100359138693757,-1.0152498770301936,-0.5638518361867793,-0.7912248948954973,-1.4383457081445596,-1.7771069782758708,-1.2587077793628298,-0.9603734106330096,-1.2786064992967625,-1.703149244358883,-1.535064603532683,-1.4051152024780265,-1.4525781399339337,-0.6944194364420461,-0.3011198475277165,0.11797879542853346,0.002467506425981633,-0.29934789984587473,-0.704694138194338,-1.1762540166251494,-1.5370311072782583,-1.181186006542485,-1.1529877151024335,-0.8366269499057277,-0.4243970751525388,0.159764151564631,0.24583377441764162,0.21744105924674276,0.6216342400948913,0.7815422771834416,-0.06872345718006544,-0.13396732607913414,-0.9019571324175157,-0.42141002858250304,-0.4800963082504781,-0.28768105392108634,-0.9790723093092045,-0.9493436383886374
0.9729059950900192,0.2959125999586327,0.2756697665559928,-0.24578413824277417,-0.20682283770451584,-0.6860901113422339,-0.24838408969922865,-0.4436509776544344,-0.6090211591557455,-0.4512620566114957,-0.06724222472823081,0.11840556614123288,0.43028835671300353,0.16127368265237407,0.21511949057557037,0.7012019165442119,0.8791590002355636,0.6842040387457764,0.19298656215435292,0.30119586004007565,0.15228990718987412,0.7197994952172737,0.4244244941091811,0.11247667136432242,0.10444355889900876,-0.34770116253738226,-0.04317153389651521,-0.8323613776319156,-0.22293356501571795,0.050616401501784605,-0.10495643575773217,0.7865387550383841,0.036901436369885375,-0.4705497960427458,-0.5515816598474287,-0.958416466057542,-1.6509618275944329,-1.871840439677738,-1.6811494155089615,-1.6158878882389218,-0.5364925304988107,-0.2920932867679717,-0.9109354904229087,-1.2170595187973476,-0.8479660646334712,-0.6020859699633582,-0.30950024436371726,-0.25799673730837597,-0.11739071236412103,-0.11778832849829382
0.6052502916740942,0.25240916768843147,0.15060916594999058,-0.17983062994074028,-0.5373540904084391,-0.7225889907653054,-1.0093992696323408,-1.415124109940989,-1.3039649380626823,-0.7682341440236118,-0.626744353846249,-0.6515617790725738,-0.3565388055844288,-0.10980924619985763,0.12490600236667829,-0.2337724084594551,0.13867421720452064,-0.0615864794506743,0.2642470264889726,0.35888350720341383,0.45357099152491387,0.5827473546216323,0.25009770407532117,0.46348494377864646,0.47437016003541455,0.9926651414948776,0.609366819190641,0.6623415293191586,0.6220371626922917,0.6214751207283995,0.02957735656080386,-0.021394203060120208,-0.27097161393863434,-0.39434307542329716,-0.15310348948596314,0.3144806041426641,0.1724663496433913,-0.37234606487605704,0.10486694916431669,-0.2721715528152822,-0.8115474503695698,-0.5731087656367742,-0.42242054873419993,-0.34411086345914016,-0.6183844024286481,-1.0132084230887277,-1.2510122634148322,-1.2010253853149457,-0.8671588875469511,-0.7597610163318024
0.8675703459843337,0.43052402471275014,0.04406578001816032,1.0093909586330554,0.40328939620697474,0.627956139084503,-0.18277012028503736,-0.4970142587975216,-0.3880161626675265,0.32724109311999305,0.086865865489452,0.10931840279402463,0.34289791281740567,0.07757391489176832,0.8197138312838849,2.2122276098667335,1.8207463162038169,1.6875304426482154,1.6289959887194463,1.6560746821590497,1.911577305165912,2.172731531203829,1.4721565912919787,0.9915536955291093,1.0695256996362876,1.2603948959632685,1.5810775329721327,1.561316768407046,1.4409827072550239,0.6320588911885183,0.30596330584970743,-0.016900883415243567,0.35410296399362207,0.18870181556761598,-0.2571991031929132,-0.12780154049903952,-0.04175048101780693,-0.1370270590328648,-0.5629064538140258,-0.5163351110641563,0.04829510973711341,0.3916860110838245,-0.3915780843723864,-0.12412685612907669,-0.4370525787686163,-0.8558687511904688,-0.08732476973283407,-0.7344386073787902,-0.1653217532903269,-0.07830927850683092
-0.5240295445419519,-0.3751566365887882,-0.5366334025207748,-0.6166720543602636,-0.1294677525601,0.020512692858636508,-0.1046201255589583,0.31290395304080176,0.7295734861714982,0.8956883243785181,1.3979273404227268,0.9596427247162272,0.41348834480540064,-0.324919504574734,-0.08922662732252655,-0.11961293839690505,-0.2639163844683591,-0.9197191385384264,-0.8500118955470853,-0.6796501867020642,-0.5975381513742364,-0.6518706277852777,-0.11189482131371585,-0.5748359201514913,-0.9191824327416458,-1.1433693692897022,-0.4141981031229683,-0.06711477514685875,-0.08615328174477424,0.2548213652150886,0.7881966799474194,0.5756957929710835,0.3747613583893701,0.31742834851603846,0.039865369323328896,0.46205543785824343,0.9526657465129756,1.2333113228135681,1.3023609807513628,0.7505468712291359,0.31675356648223485,-0.2593661273149788,-0.39324817130759004,-0.22636791116810476,0.32575987708361825,0.8865096618327959,1.3555903392930633,0.7162379580701659,0.6300755370344588,1.123932332330417
-1.5171415682157205,-0.797154263159345,0.05603810017551309,-0.21900288265860893,0.10426874077975208,-0.13894022359508754,-0.4380272821336583,-0.9031934645422267,-0.32070497111994545,-0.2238018563784001,-0.006373387136935345,-0.12327850601776458,-0.4281517817656498,-0.8736678968125999,-0.8200326489775976,-1.0076368979029573,-0.6209541269652532,-1.0187194556087085,-1.5002771428683201,-1.8528246095608711,-1.6445577322191243,-1.4256206027888498,-1.1154518070834536,-0.2903164562643622,-0.05449949709658063,-0.2534208792617408,-0.5401935745796412,-1.0371103140293192,-1.1768515531914892,-0.3438631957797523,-0.14221880328459224,0.10097784066104575,0.521801296129415,0.5717747815347749,0.4977487630812262,-0.29801585914631423,-0.641564697787857,-0.9198450784853137,-1.2703689713549942,-0.8702275254446171,-0.8300294519523979,-1.070947585358258,-0.8716114669866313,-0.6659104134207405,-0.9279236915565828,-0.060920319433817774,-0.4323145417603403,-1.0184819053018053,-0.7849503436377911,-1.1659263126830117
1.053623683749038,0.7780641654533819,1.1175938357561441,0.7913855219606083,-0.2587692216824563,-0.5953344505098134,-0.38484191532272,-0.16418193786352941,0.2165406017279618,-0.0003477897101630698,-0.5633128419601825,-0.8415813189468064,-0.8259887603190222,-0.3290391988598285,-0.5170448090272425,-0.5595670973372652,-0.674076559909419,-0.15560228321331765,-0.762771844103046,-0.7817377645609973,-0.46847470504886074,-0.675796342326284,-0.703646231399181,-1.0503988994645272,-1.2265194990364119,-1.1482767597690497,-1.258956276310429,-2.0079964195739954,-2.6804166775642795,-2.462860691969182,-1.9281162549110749,-1.790572869509431,-1.3888237995596178,-1.0422192338846643,-1.3793882452326227,-0.3266391127105504,-0.5568054341823803,-1.2477743543122592,-0.9452016067939244,-0.32852708700180205,-0.11221754613507365,-0.1874120323344207,-1.0070388783376025,-1.0586733191787185,-1.3357984018736269,-1.2355330458173377,-0.7669494806710339,-1.2263613420981683,-1.2880010954660566,-1.012066193314844
1.1119564138320779,1.3017277688742812,1.0104579944702803,0.5706570945159115,0.6666270435596003,0.6395936454398607,0.18624315539526176,0.6783591445354579,0.7921434182221461,0.33216825704009584,0.45102543592919103,0.2898203689644474,0.5477879351015452,1.1411854134259747,0.523221778849549,0.8187487457685035,0.32553806885266023,-0.23260482725474488,-0.4188952677971268,-0.5528422853062105,-0.3499238176205909,-0.8465579790852148,-1.1926491407194595,-1.2923723856016849,-0.7422190095711523,-0.8462988176388266,-0.2522045975504805,-1.2174930801160175,-1.781029890782574,-1.545652233139866,-1.2897946446324275,-0.7322499890826288,-0.5764193262937787,-0.9344846885128572,-0.3709839645430219,-0.6692860926531723,-0.23604592820007095,-0.38901820901187456,-0.45015506887761497,-0.40972166940968335,-0.35554369159235805,-0.24950308183967848,-0.2554884403070334,0.22128414804248903,-0.29156400781660324,-0.2225246803654352,-0.6270427218943312,-0.01139457024014313,0.0035169472429544637,0.2112215722457684
0.3623995363672444,0.8090372988145677,0.5263844144139505,0.18475125817801383,0.002718564274996388,-0.18480527742201525,-0.3034649845659153,-0.12739786281669788,0.15558905442760937,0.7118232339006074,0.3789299541026293,0.5372403497403763,0.6616439974470535,0.4014352174053705,-0.3571106823330761,-0.8012692648757564,-0.2891499870361517,0.06563159460808549,0.6826085356873145,0.43118849876062965,0.5120417797079652,0.7028757861330323,0.3341416836700944,-0.06039752395634389,0.08802947137341045,0.8656693932186018,0.45252778017550266,0.1260933258948476,0.05746211702327183,0.13750152689735634,-0.24905270145279146,-0.3200322557589063,0.27335691682226826,0.9103762812461738,0.4700640520168767,0.5425447304045425,0.15982476107115548,0.48042227865214954,0.6045633299620332,0.43744193486204247,0.8980663648154393,1.004686616146118,0.819024781720202,0.4543795404374107,-0.7295553462274713,-1.382748419823678,-1.7411443309290013,-1.4460454345969,-1.9405258202556863,-1.7113923253817436
1.4368588500081405,1.1528481024625374,1.0918356634639272,1.2468560968681175,1.9026316907109584,2.7963060864273594,3.131585870767211,3.743077747564984,2.923395755916444,3.083357481893494,3.019105542127552,2.673818120852572,2.4063649815960573,1.5233608150246154,1.2746815114913117,1.377411666282539,1.1286184999759106,0.94151560631624,0.7282164829875755,0.345457545299174,0.6638236647129595,0.6116734898796217,0.8637897809840618,0.42814453849192935,0.7427131483222505,0.9643407792428161,0.6960396418662976,1.0758524514447287,0.9484178821866733,0.8382855241584675,1.1761904559524872,1.0579672112243892,0.9535923044542237,0.35794158602815757,-0.42268772031375185,-1.3922627793989761,-1.2467793828512166,-0.5775226023906647,-0.1294472503477089,-0.3439560799044021,-0.07523295751187802,-0.3822117616282116,0.1818834574490905,0.7375034943977042,0.7693217506813712,0.48191281566367444,0.4847877838033224,1.0348286168782053,0.6234609866941846,1.106237423498948
1.1472410193420062,0.5277264465458323,0.24770272696983248,0.17809620397312462,0.5941204928772071,0.46533255672780444,0.13877439232179206,0.676551869261694,0.820179087281737,0.7117895033438254,-0.1186832210359878,0.4698562846829369,0.23639845269311194,-0.22641838632929,-0.5572284790153647,-0.9229161197812974,-1.2506349268828745,-0.8723505079502435,-0.6539519802040406,-0.9171802267649273,-0.14934974625969863,-0.012970900765640251,0.19937577679921745,0.38385179168161326,0.06937099460909986,-0.15515923882348703,0.3711995240711732,1.1002765603507134,0.7257390772890058,0.8080500181166066,0.4975946778566089,0.5626706560768647,0.8427193039288583,0.40201711201411017,0.887898212142057,0.8519897329603905,1.2489369196739888,1.4586511725329752,1.2698599335668197,1.499445244868014,1.767921512943021,1.322132597110175,1.7604335359623864,1.395315630049313,0.7522324971681206,0.6141304774339911,0.2449814167149488,-0.23470415829216407,-0.34305313901794976,-0.3957299977065043
1.513531102633366,1.72032460648275,1.868798077915016,2.145128924956076,1.8913956839347519,1.9066211252775298,1.8275451191358187,1.749798437550515,1.2694976789636292,1.3595766473139361,0.850664090290694,0.4307954180335749,0.15285307633019232,0.17936215460479218,-0.26294081638998545,-1.03948889911701,-0.5083630453896272,-0.7487714705442072,-0.7905447798187443,-1.563262968391228,-1.295375223003702,-0.5727171580034113,-0.8632427412875339,-0.6945283968129969,-0.3801425525308927,-0.08358671896056794,-0.3070232466141051,-0.14549720852369402,0.33718655580726953,0.3195665472441316,0.30138122769957076,0.5340055963871608,0.37144847179388507,-0.5534953568055335,-0.123224930721736,-0.5006542111038828,-0.6769706368619398,-0.17993053585439395,-0.79213872966193,-0.47193863402890374,-0.3868991361871948,-0.1870321860346329,-0.45605447071115385,-0.17352630567577607,-0.36309052981256423,-0.0005628697706187427,-0.29163542062988734,0.055734256534702785,0.18756858561499112,0.6455563630561879
1.1553881650670952,1.2167224833422565,0.9204387245231807,0.5395178824793958,0.2684994820126143,-0.21514121538452638,-0.40190519653919704,-0.7919032884646869,-0.8009113931771396,-1.330606227789475,-1.0668452398561192,-0.4029243277424397,-0.4072377702073398,-0.8679668009601001,-0.8837923127101887,-1.517524504149782,-1.1641463367293483,-1.1446306934088404,-1.2197273664725894,-0.9628552719177538,-0.9225061334999051,-0.3696471901602288,-0.23301989628482297,-0.278363938749916,-0.1412041971799666,-0.1295705285116832,0.33528741245261334,0.0988083668668179,-0.1031305281530752,-0.3769117164670236,-0.6793907368553708,-1.276904840152724,-1.2506770755769097,-0.7452166308550371,-0.6467145088723911,-0.2649711304926395,0.25244225671932213,-0.534517778386806,-0.4073839816338307,-1.1490140123967831,-0.874336416352727,-0.5006525819806704,-1.5289495228516918,-0.8116859998303722,-0.00542077861791944,0.010304015119437713,0.281617645091665,0.15774620489574623,0.20028168593910442,0.20942654343532405
-0.21227604256525676,-0.1093660927569384,-0.14387049693367676,-0.09181169104051942,0.06357409509184644,0.3444025971614458,0.23799363043614874,0.3500970325856843,0.757423122942242,1.5365787053991267,1.5700117179609983,0.7442047308465196,1.0020011297289193,1.4827316079076212,0.5902183103773438,-0.17146022733458163,-0.41253218869769187,-0.24280339062695652,-0.07343640554986935,-0.5972341483053425,-0.7868308836861134,-0.9762669348141424,-0.9563142070723345,-0.5542767219193951,0.02147750707625733,0.6127726132517815,0.2113372473353692,0.08856607060985693,-0.16711556128978292,-0.7527323044826175,-0.49190251978554067,-0.5797958107332811,-0.6719971106916064,-0.4743909216911537,-0.22751471841230933,0.511477679981165,0.7734571025355321,0.3765030087874741,0.4973387013821825,0.3234697190899061,0.7101194457091513,0.7916922725882312,0.2977887143088379,0.14173832425775665,-0.07913975775064208,0.011900805092626596,-0.7504137713087923,-1.2869206081512856,-1.160297276416545,-0.8895449698532992
-0.06322662612985577,-0.14770275610140987,-0.2881375217279501,-0.8087097209784715,-0.8970013941310993,-0.744096306766411,-0.7399618165960785,-0.9234012170236072,-1.16111603855587,-0.937093022655918,-0.7653846669219959,-0.9818183849698551,-1.56146926767028,-1.921487077169017,-1.541470722914888,-1.964168146660901,-1.8915124550541451,-1.8849200083231703,-1.9608331275838604,-2.1855185529663395,-2.0536393936076096,-2.6378301457966824,-2.967235925346594,-3.4413272596483315,-3.0884562707134315,-2.6542815955799766,-2.365963239051672,-2.268813887438944,-2.5052130705696793,-2.5227691390396076,-2.3270596956584733,-2.2865894362278754,-1.8799656196421777,-1.973794903244737,-1.5696579162000428,-1.9076892637662308,-1.7179137983577817,-1.6899369741968064,-1.6619887985806296,-1.3664040313736725,-2.158617155675738,-2.696706829254523,-2.863473048667742,-2.0888010066837857,-1.788128393541427,-1.494430618567178,-1.3850699594308507,-1.1260493175646855,-1.082327420593518,-1.5519672388646184
0.7810967503460562,0.3424731689503761,-0.0376075419033482,0.6826514639878519,1.1772741461699174,0.9832478534672889,0.3464833336078389,0.5723054131932344,0.13217762575474523,0.5209028872489497,0.8115726935842733,0.7746698808845575,1.0117352408074018,0.47538838913203946,-0.08990160464342035,-0.06981798132715067,-0.294851615512399,0.3677710813882551,-0.036835313151109716,0.31792761855248436,0.4859483317972527,0.613366645712746,0.46995647402780805,0.1770239603479005,0.2985469821033299,0.6179691283723072,0.9053027953685397,1.1023590968183972,1.2450580207644197,1.058353281649532,0.954173533932192,1.1541934999008512,1.1586472835442867,1.6803500367958775,1.6699309197295606,1.5265631115453047,1.6952319973567984,1.8114350625461852,2.243919024043892,3.1893006356451927,3.112317522880228,3.627550360864932,3.0980758734488556,2.329399140029627,2.710583504076448,1.3311990758781727,0.49951804281228157,0.7365633566989294,0.44395645039775944,-0.4051249928530984
0.42886959843872574,0.40065900719287073,0.5077260114838255,0.6921678547356752,0.10401311748682614,0.603209587906526,0.7964774544648864,0.6361562070099404,1.4822438655629182,0.8457636542029787,1.2027848407979793,0.6269201826411236,0.852483376642741,1.3983949154204913,0.6122924237895178,0.1623786926161506,-0.2554931477785407,-0.5971390183099315,-0.5067447505274129,-0.045178391746456374,0.12553420739150076,0.5054479304053817,0.30635018083295246,0.4225239022524206,0.3560947874687233,0.42843030578909513,0.562658037968921,0.9457771182308126,0.9780890101840642,0.8969806917621853,0.7977214843278163,1.0498268992451947,0.18475967078001496,-0.1710750445355512,-0.12040932638085058,-0.12139754457941351,-0.4652753107195115,-0.06438628428086596,-0.3509697853690052,0.31216876941178345,0.2553512547541013,0.4096523266283014,0.6301409550026902,1.0809894081505715,1.072551951789244,1.1286179173451538,0.9240694933901837,0.8637224603704838,0.5611271354304511,0.20465173248017202
-0.6338106813315942,-0.39229153898549496,-0.37401650118430224,0.08232615430432873,-0.15510747760946916,0.07302401121651839,0.9159856842407599,0.8426925371599058,0.45642087151520544,0.3128622923490251,0.7703881963888752,0.09462028182767417,-0.3104287442120562,-0.8437682203742105,-0.7678183006962074,-1.0983667445185785,-1.3568294295002645,-1.7873234972303025,-1.6137232606687335,-1.3496986547191112,-0.9240916884245796,-0.7453939864779588,-0.449134050790433,-0.43149571186601754,-0.07978488202405246,-0.30984965484668575,-0.3410666119817945,-0.13501195059383345,0.39830918726618486,1.2156289677430379,0.5691173811511738,0.5859176583930362,0.7736690775571267,0.3600969933613063,0.7067088004895893,1.2809415465376932,1.5122938908234498,2.1527651787610744,1.3625862806760791,0.8795381194014952,0.5404925982115246,1.1484405635658486,1.782745696688615,1.6991763613506299,0.6852513609052789,0.8300355363160193,0.8502759451970114,0.5351256295993865,1.0616323291868408,1.3481631758112367
-1.2528423286452433,-1.6850703595729066,-2.0625428393021337,-1.4472761144433794,-1.2368070643971585,-1.7945163214414421,-2.2873727815201317,-2.616897083407809,-3.7068502338229194,-3.5549777725595244,-3.1124742648732,-3.4714279492588473,-2.927724918840369,-2.9203840004147454,-3.2249077424173267,-2.696493726021962,-2.048061614453053,-1.9741496860878063,-1.9523725329937331,-1.5079106771718602,-1.4225307214758645,-1.8832462317170822,-1.671700411295472,-2.0845723847854356,-2.101432161591748,-2.0134090964336964,-2.0667373552079087,-1.741842027198127,-1.0457477907728487,-0.5468646425377336,0.11015086819610628,0.4300458549880128,0.38381372670157815,1.3855270377960287,1.1164234670413957,1.780347719581358,2.0986349308756305,1.833355516537873,2.2580697821578175,1.98774888067061,2.6209326147512297,2.2939753138421177,2.0927618641998698,2.10921187979077,2.2648172418882497,1.8597165771048876,1.3490206104228983,1.6617450074846567,1.581025973199088,1.3601693275028184
0.5209081136003417,-0.193830443344087,-0.3801098220689991,-1.1879285823408163,-1.3306867218051919,-1.3004303177822543,-1.283936727703347,-0.7249284597816513,-0.23545183479151927,0.11787383326495447,0.34265187870668123,-0.08939329971015968,0.3342815896008198,1.1108887758005592,0.8167723650285726,0.27429659671121454,0.6990565839497391,0.886082418581442,0.8025764042550443,0.304735441154403,0.19389922589540845,0.1744864129061835,-0.4428471879775284,-0.4471031972341656,-0.32046740489254844,0.2974285513434266,0.40144634860384676,0.2744113185530651,0.38316414650324515,0.7476790913042961,1.0075018078939104,0.701266078447335,0.3981105618363593,0.20552652007734695,0.1612557717921275,0.41371908908115873,0.7142373665105687,0.3438580553281449,-0.0952875798706422,-0.10140416070480354,-0.22310406250339873,0.12618877635081283,-0.015508389899738823,0.25423725993757124,0.3781498008663989,0.6488926079129235,0.5904251545988621,0.47441039966214166,0.09130927731824191,-0.3855848541189054
1.1523954760179487,1.3764831144044136,0.7174769518098145,0.7371902618343438,0.9301727408109768,0.9555663275150816,1.0713794695276941,1.1537068260053172,1.4280736466501316,1.051421339119806,0.911236338434656,0.9102404329034668,0.5600546506178531,1.0374459491025396,0.6247743961581919,0.8264231793483348,0.85497071396859,0.07143914321544716,0.04037268895484431,-0.39178522432429025,-0.016095064205895748,0.03342752152619555,-0.4252092016359274,-0.05807229088291147,0.314308837778587,0.6087155838503073,0.4622185674273821,0.1061728141662258,0.23534463196678235,0.6302418696729485,0.3970483128718111,-0.06746424237005746,-0.36185779131978546,-0.7745719990810667,-0.14515458346746396,0.5510899422116652,0.5816045152727254,0.5062327913345961,0.4625992892392943,0.1457201759222767,-0.30808750011440694,-0.18194948677947226,-0.11415630223891876,-0.3542619999306439,0.05691637049570513,0.20600272497324776,0.26384470903218177,-0.10116448389981525,-0.3174246109843487,0.3006385901340047
0.20387737633069017,0.9683922722280669,0.9888709332912059,0.4887554556447556,0.7688997751934876,0.7579423257156193,-0.0712480587893752,0.5483625267257235,-0.04861019363222789,-0.5664365905444294,-0.645081797430435,-0.12319293429035269,-0.8714487321729973,-0.5342330501384069,-0.45967707418635184,-0.5951386732203366,-0.33763340320864194,0.26123868021834906,0.2596706048704529,0.20636905865895508,0.01399347691978597,0.46670990241466903,0.8950839285828942,1.2726454569677077,1.067616336552872,0.34766423071870917,-0.20413200019513822,-0.7336004395409862,-0.7440130729858058,-1.3365830073123037,-1.2223400642141664,-1.017058117306725,-1.3858293509352344,-1.1942918172879078,-0.8632955659436379,-0.6186964192155662,-0.4811038658141668,-0.4622307417347657,-0.2038258777059292,-0.6774544792870595,-0.4455168597025269,-0.4316689546573911,-0.7781972951449034,-0.09661986273070743,0.2056004535401398,0.24889753311433493,0.824752468984929,0.4307437278387115,0.12415286548832208,-0.04244737766617057
1.5246623695021295,1.6380386773416282,1.526399344012379,1.1999398091605273,0.27416354307282736,0.015361560109641305,0.4127715298073934,0.4402805536587554,0.12942257692760484,0.2325217049804796,-0.17206706230840985,0.03146473978850581,0.04398879195084781,0.2888647474738556,0.7438805978598791,0.3421211194067454,0.9339044355781165,0.5580811842574743,0.3826852568612804,0.8373051933099266,0.6779063348689707,1.0159979808967958,1.232286948384945,1.0049575790842942,0.7994606716859104,0.6976627662603406,0.5553307073464298,1.0903870716821544,0.23955685342665284,-0.03979507301526013,-0.07419843975921243,-0.22065898596726213,-0.023078915807297734,-0.01145484812387944,1.0979959333209934,1.1222198644091441,0.9518570485307253,1.5899647934412533,1.2676727199022686,1.2536282522720272,0.4311503195915691,-0.03839074652005435,0.3774027245341712,-0.1995540662822319,-0.007935428399320746,-0.3191410556751867,0.17029838123713525,-0.07586241077267138,0.37963770580505074,0.17487739243785078
0.21921504404496847,0.10812179300991742,-0.03933314702002646,0.232732684278398,-0.0011060397863071163,-0.31243686083733924,-0.6489181526302318,-0.6899864864430398,-1.2239654310912003,-0.7172703676950136,-0.24890900952167153,-1.4017265056569048,-0.32419903294252156,-0.007862344121232628,-0.004142850993895085,-0.23334538380617523,-0.4875676728233158,-0.7428398033306126,-0.42376737928188807,-0.3926587762403539,-1.07923595434341,-0.8938823385731827,-0.7477655123674288,-0.7959323839803919,-0.7218593119817507,-0.43069352503434893,-0.3012354279625066,-1.0159011642794873,-0.59041286503865,-0.4129855024545555,-0.3226743789305847,-0.021337328324469777,-0.2967455348122333,0.29169842422366654,0.00974266675910492,0.619378821330899,0.2279017545987371,-0.08552886945692831,0.033848618053700465,-0.5825986888621802,-0.6035150375025043,-1.1021777136019748,-2.029157281302297,-1.7505323065871263,-2.102998465292927,-1.4571424359793754,-1.0310530740943218,-0.791759908084078,-0.512533476380078,-0.07203742088008733
1.273685187869358,1.5813653700999244,1.9977279365344247,2.0859563985555445,1.4281066603848298,1.8855673481788784,0.8083179651249626,0.14199184211171842,-0.12409850554079353,0.10957707970737986,-0.5769259309925764,-0.5149445327075317,-0.5524946407987734,-0.33160587592652935,-0.4760996341252223,0.7464505969097697,0.9911739722428597,0.7334772790331675,1.0139296413402272,0.05253635930360465,-0.5674845980311072,-0.8619613504106814,-0.19754572309404875,-0.2532077746988103,-0.7470770947269548,-0.8550655324064566,-0.899063929485628,-0.7116403570770079,-0.5554278778876455,-0.45995438668154204,0.24759840239991823,0.30115663870160364,0.1158746124504535,0.1492407291407084,-0.13324020972265269,0.16493369020484597,-0.033513575512171524,0.06368675886442877,0.08971865125783039,-0.09282304291154374,0.039483978207726575,-0.3521390193985874,-0.5784376020455112,-0.5575113573277617,-1.1406482046731912,-0.278608771666721,-0.8891902906516855,-1.2192836126444115,-1.1385269061174348,-1.3234105857032414
0.5310682343481321,-0.11607618740075251,0.098822885729613,-0.10984414661593543,-0.127305586265595,0.5333163940194535,0.4734876943008528,0.02310600989028416,-0.4924087720174045,-0.4925246808446532,0.3335175195956667,0.6544839541409303,0.5139220921859824,0.4188645579120606,-0.3694392639607853,-0.38456101420593863,-0.49228585625172444,-0.249613999377135,0.0973295742755758,0.22970944492299467,0.06593418718003723,0.07983555057519104,-0.13692046790081555,0.7276820381273565,-0.0326810906452315,-0.13118873459464947,0.23974424892980906,-0.05270070539774544,0.5887308718381368,0.9547263925725563,0.6888867597404681,0.6642541179432171,0.22480012089390733,0.7382107848444869,0.39293143887646564,0.5581814864787312,0.5206347074001558,0.5511047590072417,0.036272225033452524,0.6456751256751203,0.5350579151447559,0.5855736607696252,0.7497261163198657,1.027386336392555,0.999759303328868,1.194217675964032,0.3590479921556626,0.6596100379015813,0.5738306135655105,0.34786206185854024
0.8140145699410021,1.1239515940360068,1.8970253395407233,1.2095483052505793,1.130807723142383,0.9974527160707827,0.9361441265172633,1.1038718797130425,0.3663760056744533,-0.008187252002030356,0.4941876932675994,0.5649716767457329,0.21310957562726496,-0.05367433847545831,0.14282741514825242,0.5168848854450445,0.08565581824109383,0.3154681347146691,0.07841507777989118,-0.5496135963688406,-0.45633347335265034,-0.012530249348244928,0.5730588707938236,0.23203782321080346,0.6780618405386112,0.5952666294354936,0.31612878973649833,0.2281551550912038,0.054558503689025796,-0.02840936340756668,-0.2817378795205236,-0.7646176693665071,-1.2333825544720611,-1.4039275429192946,-1.1927516200077026,-1.4499156908468485,-1.4940704933776325,-1.109731973407182,-1.5405609863434941,-1.8505542728139681,-1.2294806292279454,-1.0751359336645006,-0.48196706710581877,-0.8410819022017371,-0.25931900806170444,0.4030957713729801,0.715422190747186,0.4634087728339585,0.23318000074162534,0.5726239061178876
-1.2108512836486232,-1.2202220629945388,-1.0967107075392022,-0.8181249214515828,-1.0831734212483255,-1.1595404073355617,-1.381476475045454,-1.4247709522261742,-1.6482610272676754,-1.7048462733792145,-1.8824495488360924,-2.032648751342852,-1.4684115422359718,-1.9168749482251688,-1.4221894123993517,-1.2776501362338435,-1.4380157211646543,-1.6481688550732365,-1.650263721311553,-1.0221008022053522,-0.7496028734189557,-0.5267812072788064,-0.9315067570035243,-0.8075037794710951,-0.41772928547838606,-0.2741629273680973,-0.24443549795083774,-0.6819139448418249,-0.7927819287220058,-0.3533538547325233,-1.39864228289175,-1.6397234955045454,-1.5402626731581037,-0.8603096343292757,-0.35006311641448035,-0.32373493055673924,-0.47794029751749273,0.35346664427366126,0.3212160223391817,-0.7466072397998201,-0.6358965022178613,-0.798893240726892,-0.90136797531271,-0.5104474507088762,-0.07438331967454202,-0.06120292583652846,0.2206066214382333,0.07442046132276474,0.29794217261877826,0.34236291220687426
0.46453350307196956,0.5134471211328627,-0.41888032019845606,-0.3013667432541232,0.2243199571976057,0.44375802764436445,0.6180006743108738,0.21832422713012004,0.9607373973049423,0.48417461725869676,0.48998560861716933,0.6043206623698474,0.5648588615843444,0.08736831496309831,-0.016523552100274525,0.839512720184868,0.6947020504330572,0.6558382289715432,0.6619959493003309,0.1212984517686966,0.49866829792788514,0.63087127867977,0.26158050839988256,-0.4034469848219502,0.1519619929974982,-0.11018835264668658,-0.3334008330237879,-0.7851032007431197,-0.8920050862207111,-0.5469428620639365,-1.0569277585902195,-1.040550744085823,-0.9738981968412811,-0.9202222945715565,-2.1346593001026224,-1.1703450479765967,-0.989387910171463,-0.7850670339487842,0.27851478485058795,0.09638490752181639,0.3211500471868309,0.7996469779934642,0.862368770108086,1.4324365047057606,1.308711018085925,1.0419779647412037,1.3185021112573514,1.0117096873696727,1.0407682885224299,1.1955012105031182
-0.1857317536362996,-0.24756287422283524,-0.3042592197277676,0.2466448090262017,-0.19509800260734156,-0.2890180479999749,-0.06420240815223337,-0.24976547434485147,0.10801215321227976,-0.07714202929281974,0.5230219578202727,0.7483877518197006,-0.06150350575808566,0.06119886975550697,-0.12766074296238283,-0.35150036644353133,-0.1695656327648187,-0.4308478476404726,-0.9213929154656443,-1.278117221018256,-1.7802656503963323,-1.132949684879077,-1.6033301219497416,-1.7574525114481458,-0.9958822068667359,-0.828955247571078,-0.6242687612212651,0.22065409368122355,0.18882880344804115,-0.32708832739540616,-0.4010968112119973,-0.29982321434818676,-0.8186532422108642,-1.281354623372266,-1.0288281816708071,-1.16725701884903,-0.7728432109252155,-0.8676283071858448,-0.12767737728762,-0.7102657093289017,-0.5661081497427158,-0.10007902987025848,-0.4469111563176836,-0.641882241204178,-0.3377114686303679,-0.09111116228362709,0.44834839389294867,0.7114461718967618,0.5085980634639049,0.5277228941741736
-1.2139115634614521,-1.0958652079228692,-1.4782563915196223,-0.928244770695002,-1.3261178113857204,-1.862006727217336,-1.5451127548141084,-1.5344619231223793,-0.92245887714058,-0.6274010214455956,-0.147067625682268,0.41412161976990014,-0.279944395922342,0.4758410920316401,-0.06102973870300325,-0.008715357560820787,0.20234941375922882,0.3962676767075944,0.11494373855254392,-0.05604654679804091,-0.15427025888613252,-0.2356718070386593,0.23432831828821887,0.7493989223499851,-0.46175278890723276,-0.414462701876353,-0.2458811697593939,-0.721630113451025,-1.0742067414944263,-0.8314126639868548,-0.8051751327167017,-0.3037712276230258,-0.036751417063466144,0.05990881279353913,-0.5649320662761538,-0.11989328108310017,-0.08604301827435833,-0.28562041391741744,-0.20933850758331612,-0.7665186472537162,-0.6643227175705628,-0.6355815330364849,-0.188339924346885,0.10973493806614125,0.04186215745977759,0.17580407830115075,0.03572916272926498,-0.19061273311695237,0.5169817615196891,0.8838415321492031
0.11327212052564695,-0.0032728548435693484,-0.1482927899652205,0.4632088139518254,0.3528979989695457,0.75502718332751,1.2387898904632408,1.4467434931660137,1.053701510529149,0.7431171961695623,0.46581204356730305,-0.18204766140329268,0.25731220340352456,-0.4145886636779917,-0.6878669139936858,-0.22890639089893489,-0.6921860711318062,-1.2730035989210011,-0.9531820382875987,-1.0395414678681758,-1.0689198876700994,-1.7685015441434575,-1.1812303893611327,-0.9873694561416604,-1.0351334570355322,-1.1361602086668015,-1.682985039391071,-0.9465540542151595,-0.5016572612050583,-0.7894476191312529,-0.6246946822779552,-0.23851884166200857,-0.4998895512903939,-0.46267197400821275,-0.2214757951665053,0.9723917412072857,0.7763202345427784,0.875472352397911,0.46719337649876486,0.44367772797875366,0.19855515573773166,0.24843398506859313,0.431880898742278,0.35440030752308777,0.24241226149273787,0.6633712574119417,0.6943169286057699,0.07590492834409877,-0.25778941828048413,-0.16356515142109146
-1.913216921658184,-1.8928672480076487,-0.7871998649757177,-0.25251173752910905,-0.34945660001082396,0.06890908901332266,-0.10630792603791123,-0.4583856458847426,-0.14645922734200517,0.08623701878423717,-0.06617473493695677,0.15260841500649752,0.046599980323146425,-0.1541113703875792,-0.08784689621676835,0.6386861931221135,0.13694807528990754,0.492457353663912,0.20919826041475567,-0.0051246609592946486,-0.2501651329368466,-1.2488781702385698,-1.2541281675967553,-1.083509899999986,-1.7554445622699335,-1.955049451513971,-1.097170489655715,-1.0664983964246226,-0.6514477201123751,0.05598013062276284,-0.29367486982796226,0.23539754377022098,-0.1675782898984517,-0.29955692938276635,-0.02524843025831411,-0.5266694469140055,-0.5360735274686653,-0.8305527059426729,-0.9605231812018623,-1.0993608225965983,-1.487908579446767,-1.244104428012874,-0.9438148694622086,-0.7090127066356601,-0.19173949864871706,-0.2238961828361524,0.08275512471685206,-0.1286576980713952,-0.4316691129029367,-0.4670396119309174
0.03430629545452531,0.043676545460271096,0.4111345352747827,0.16638187121096717,0.48079499128743614,0.830524812542009,0.6772906221019795,0.42555637349763203,0.19642352127149337,0.18774768028086308,0.46493040732322766,0.5327009750464039,0.39156454346910663,0.06596437092898313,0.9205709419331308,0.7652508158486944,1.1047929387733557,1.0287366677287362,0.362607240262187,0.6681245711778943,0.42029419632746723,0.7753923737451803,-0.2056418625093656,-0.1011871936016556,0.20625890306443387,-0.04729863014049045,-0.3578462274357148,-0.5524934635778928,0.007968262403773959,-0.06630738163157433,0.08610288956439459,-0.0657310496603365,-0.4526276129415387,-0.36367612237620944,0.09910946429165583,0.13829856124587991,0.514941228215,-0.23058084787253377,-0.7917771860923508,-0.4282015660613185,0.13562311824608242,-0.3989116801615248,-0.21518127150545802,-0.10600632948955849,-0.14078989031851882,-0.18039077074610219,0.06973218944584325,-0.060822373236639506,0.40126292847287587,0.7016178019169649
-0.4408251598576462,-0.11864867337554336,-0.5516853635288892,-1.2643594606605801,-0.8247896254727303,-0.3530902964255146,-0.2207971599832843,-0.7883944332598372,-0.7426139852624815,-1.0674463159317278,-1.1377424255094037,-1.1779264732547334,-0.8860822609487085,-0.782702790664374,-0.7126628450202146,-0.5195902237916332,-0.660370033708263,-0.24527295197409715,0.3172255095705627,0.008639647606210584,-0.44253412640202966,-0.3697300496119166,-0.3273016213906233,-0.5794781985643545,-0.902192117183654,-0.8429340462693153,-0.6799956011614734,-0.1406776287647888,0.16815341894780986,0.3875072404396471,0.7078890683376396,0.8691838833050509,0.29111177095858537,-0.5712129848710593,-1.0000054356835812,-0.6975398239514558,-0.4438475858490226,-1.1936566066480319,-0.7809232671673793,-0.10736914714892717,-0.38585734343063455,-0.26471744294852,0.4342496683558073,0.3893075396795264,-0.32596758643974155,-0.6385759503507524,-0.5785750524822934,0.1455296526046959,0.20400469663372886,-0.7657853566875048
-0.5217774957534947,-0.5152900099120851,-0.3875705618019836,-0.6010721317680817,-0.1538753033954471,0.26111341421759354,0.4373113807903674,-0.2314772306403047,-0.44413552778806087,-0.6429972887274561,-0.43994646209947774,-0.29743862556629336,-0.5980858438036738,-0.3729763817109092,-0.19253982107704287,-0.4847617431329453,-0.5922248915045414,-1.1724634655126625,-1.2779314240333828,-0.8375339383450605,-0.7285208168419,-0.08096327548635289,0.4556586210892507,0.12982806224621124,-0.07290974068583209,-0.6264830418467984,-0.5410747192579758,-0.22325574197124334,-0.16170099324793413,0.20382560296449348,0.44022289878482895,0.10878351955025167,0.5590665191552111,0.7806670985777383,0.25898282194805844,0.7538340344419356,0.052988442771344825,0.5745661160177509,0.8144866574695244,0.5213897009470487,0.3357939584399225,0.5843422908419394,0.08215256420201564,0.49605415594972635,0.5749956485616228,0.9055292132683439,0.8959118507630189,0.7744652376502124,0.47099658732589994,1.2734627172923763
-0.16858943504033994,-0.1355199935178171,-0.2994410466167792,0.18665515746073624,0.006506315188841115,-0.27313898855137875,-0.2546490142473667,-0.1085748495868396,0.4314352825176698,0.09311644122957838,-0.37994373741013654,-0.2282580659092141,-0.6121629662271563,-0.5956904810351261,-0.397823873632096,-0.8269378011384273,-0.6114213864701139,-0.5105096921078051,-1.1720644251178851,-0.9083425680745034,-1.2544093938044316,-1.2292066946565559,-0.6063826178061759,-0.9300200632279675,-0.9431400242450027,-0.41413505763828723,-0.6866680027428055,-0.3180171628948565,-0.42172791037115015,-0.9181356764928559,-0.38470539804393356,0.11195570082758312,0.17634274979575723,0.04613458187458733,-0.10156294531575555,-0.4427094822663502,0.1496968644771702,0.17014392005473686,0.26523670909142566,-0.40184402286636317,-0.8546657786653997,-0.87009841421313,-1.1299444926661941,-1.230832493110418,-1.7326155586856578,-1.64264532769675,-1.3945318739835668,-1.17984347235879,-0.014310682736118248,0.6653336162053568
-0.8566884326892865,-0.9475050191745165,-1.0110572450448196,-1.2331034791975615,-1.7102152640258959,-1.7954305420996846,-1.80479046899669,-2.409579040916942,-2.0387686860461507,-1.7788253857924623,-1.4405792569051021,-0.8604403455329172,-1.871557907304508,-1.5422628894402766,-1.9131736065786458,-1.6649333119451328,-1.5829354765223165,-2.0332630098920053,-1.705198728107152,-1.9445718720348133,-1.5612756621536867,-0.9009462006016427,-0.7630931734594505,-0.8731200657547415,-0.6140282889529957,-0.939262083793263,-0.9758316412035568,-0.8540855680138953,-0.6381038912118627,-0.9069872122523928,-0.8100646463470349,-0.4462317416137385,-0.5051182801992972,-1.4217090796268952,-1.5014008155174172,-2.1745643091527485,-1.851757858760774,-0.9021543815164619,-1.1911546920594025,-0.45304584574551787,-0.5413297046471175,-0.6025807374757047,-0.856948041328273,-0.6364171882422162,-1.0141924767133197,-1.3619676951548052,-1.1584333349844398,-0.3642570238819743,0.16531112825000005,0.09915220112791101
0.5564449329388085,0.24087133650507778,0.08399811209297217,0.1565014457748069,0.5504807035700703,0.8427560150516828,1.2623715440029815,0.9633487219978717,0.2917254187346525,0.5941396774093723,-0.042539406611120475,0.13825376449326854,-0.0337199644840922,-0.5906199028609285,-0.3815585037108437,-0.02098290196573482,-0.1275315181158297,-0.45854197828980975,-1.2230584298586105,-1.3126390735582096,-1.4741438765115602,-1.2877155629068304,-2.1816749981283796,-2.1747494515261514,-2.3135866247347616,-3.3369793945488233,-3.282690803301022,-2.5984775249566074,-1.7623235364411816,-1.4267076954194533,-0.8804584214888223,-0.7122711547080826,-0.9846115603258448,-0.5436870649540537,-0.40205964453976223,-0.2553882486395226,0.04067308517699498,0.1352387459254543,0.6434605180063614,1.3628918244507418,1.56089819873034,1.8243954054521139,1.8285837253531823,1.718230295897694,1.6114402688126395,0.8641204924656025,1.4001206593466233,1.3098015326395016,1.4967213393234702,1.0875815824219428
1.7280854292280323,1.198750524532769,0.6605150966525585,0.8026861513869238,0.7558291229898292,1.221822505517575,1.2446728954600554,1.5313931532027818,1.380365089596658,0.7687012233467805,0.48938435926159796,0.22257669045861161,0.4987002260113227,0.09667533531633414,-0.1960268793964263,0.35303433325282807,0.17426537616248647,0.16730697353120616,-0.38992146775983105,-1.1259506791765355,-1.5646942606716585,-1.2490742688925625,-1.2685899189246188,-1.1389942493066094,-1.090737554464631,-0.8197722376994803,-0.1217656733612675,-0.5406601033538018,-0.777334466189115,-0.34552199124643734,-0.5261753429163185,-0.5582006497971074,0.2695194935550154,-0.6052162407731831,-0.8352449529506945,-0.025148974461622974,0.09026620735518862,0.11997650473605825,-0.8430042321452854,-1.027124649115083,-0.5817301003631487,-0.48543906553371,-0.3241124904671505,-0.02526467687541371,0.2597054162895785,0.5908297676353429,1.0747807728943422,1.1212155995775563,1.4215163197691336,1.0212812756409222
1.0600880470805583,1.1573703512452105,0.23784243083318563,0.46486641165372217,0.3212734726746378,0.2539354562673348,-0.6498376393600085,-0.4564152303800622,-0.26046763773234793,0.3370039868274454,1.007225278368132,1.3550062101408893,1.7316366871909783,1.7813663889872877,1.7577655388519957,1.517699183196082,0.8348881465279321,0.556224717129915,0.6214818159185208,0.05549620911400402,0.3428881644545845,0.5206777650596409,0.4594707086261874,0.4677987472939688,0.4008310579973488,0.3354874038953591,1.274164448959401,1.0801993996778074,1.6139741302645125,1.598161747818632,1.2499383565871292,0.9748468509585577,0.45773138445266154,0.16929657793825184,0.5601591095078702,0.5726255157336697,1.288061047405472,0.858253986252176,0.9633491336521827,0.7123955106072588,0.45622669944601196,0.25753543166253473,0.6780757657895103,1.2203798881724512,2.1180086045332174,1.4019025027054606,1.254219979294001,1.211084859122638,1.227680933274673,0.8202497906427899
0.4299731988273607,-0.1465354634512811,0.10871660411056273,-0.19867011566783302,0.00701264191864617,-0.5135925062729502,-0.2719236757592249,0.2744286641139988,0.3086736969512353,0.13684652586307477,0.20301763183975222,0.5210779511657366,-0.1000268729849017,-0.12590962513942897,0.2173383157915272,-0.5568712129845744,-0.5853702247330033,-1.0341052431627145,-0.5634792307716394,-0.44083961550324197,-0.5889862429659342,-0.6639085932783879,-0.9920697632977061,-0.6563944380219878,-1.4643836260495087,-2.260271308496981,-1.9701234031690074,-1.7670319883606025,-1.0602919369215382,-0.19192840381577592,0.536954958246122,0.18161462097795317,0.5122986472701442,0.8266854909946328,1.556137553741569,1.1448119021237706,0.6841550473501977,-0.25226363280605973,0.01503186115423853,0.18434934364974465,0.14155920809606057,-0.5211404942624086,-0.44211002423533546,-0.5291454185743235,0.15039306464435087,0.35239234675600895,0.22933847849586816,0.6736084416763787,0.08498437358011236,0.30186962680324053
1.1180793788086523,0.9564411070264284,1.1175401999091508,1.6112552571938406,1.946458436039184,1.9083155761513033,1.6634361273592881,1.9135574397770785,1.5608811799219091,1.535989563421769,1.6687668092099173,1.8314565143106298,1.8024710917823323,1.191431059947565,1.6614761062029848,1.4310047698973916,1.4751839456879727,1.9060907682967525,1.887632078596667,1.9664474822984845,2.0468562368639116,1.4847906130299948,0.9736485901233451,1.3332171218845783,1.1905758479994544,1.3720539622831613,1.9369077014290272,0.793618534390005,0.14438720630349797,0.061852317524225625,-0.05625007328572799,-0.15355099851739923,-0.06472387674363679,-0.04748938455989415,-0.02033520109487115,1.0329412797982855,0.9081776936904365,1.381534674152383,2.1634580663859855,2.3038474200079766,1.490358105875232,1.5624424301895508,0.9240777248482308,1.2547411915018885,1.1351623145791847,2.0211434673283826,1.6843334042259854,2.1981664583635356,2.179669823267512,1.7834085016843237
0.47549845220016057,0.3546983328865212,0.34105356017397603,0.2922598379182817,1.115686449098407,1.0618375170381125,1.043887088465674,1.4387557656692227,1.3395720014148642,0.4547362214982752,1.0981058504360532,1.9630648787380225,1.8516553400798963,1.120996882687723,1.9789331417016078,2.062100099376388,2.140094652329912,0.9689258434052183,1.1592851027604758,1.509670902694768,1.350642853507859,1.7621293947604586,1.8669431536639813,2.5487212702523347,2.3600092293118062,2.027096417132062,2.2861396165742836,2.1039009034214855,1.8872455338429899,1.6276212996731594,2.008030420620226,1.4075686159823881,1.6746964550617234,1.4676826279656092,1.7654267378006054,1.371361722753754,1.3654327774132557,1.4187589272942134,1.140632293967285,-0.035630819354304274,-0.137340272450633,-0.40129590628031786,-0.35618742014133586,-0.5705309850507773,-0.9114227463990536,-0.5126313021196023,-0.2043637723252789,-0.3351782685752175,-0.7058500664256787,-0.7299471432326018
1.402054488828769,1.1189063453089436,1.2111218780846382,0.8244684958963197,0.23180594917161346,0.3406177170802759,0.5958930982210799,0.18793839817110816,0.08941347048862745,0.13487974504419276,0.29064883914580114,0.5344277343522121,0.5980843851283554,0.5565255445674098,1.0810469016906827,0.9844797124892863,2.0216796990879753,1.8004496939179513,1.9357217364287773,1.8566720268093688,1.82580661037553,1.569532538637189,1.3944575250180375,1.279378161749245,1.4730123542027198,1.1856996803360982,1.2097886230175372,1.033796330403502,0.49024381509909387,0.11442366392225885,0.1918306072786124,-0.505958135562237,-0.6485232319904615,-0.7640766218051296,-1.056230653086465,-1.1083417792192334,-1.568219978241523,-1.1695167233873305,-2.002067100402264,-1.0195569408186755,-0.9504959176753206,-0.8515980140007263,-1.2794756802153842,-1.1507074719472963,-0.9436889014223251,-0.7611661687493317,-0.6603330275355647,-1.0567580873027624,-0.9323302927062731,-0.7258866533866274
1.3471279126399476,1.119097456876797,1.352412153364319,0.5973771284723878,1.4258017138661288,1.2282530105889893,1.2172187850676326,1.2000337072750422,0.23293224313205077,-0.3994351665759576,-0.40491556632003006,-0.7945202034672155,-0.6732747489135437,0.18231495437837486,-0.11000458333025612,0.1504380976999876,0.1544007947460619,-0.003615984585665675,0.2115771361109375,0.6921087079847407,0.29094428208904016,-0.21194533373606553,-0.021296872434946965,-0.45417834030878146,-0.03671135822059602,0.20766979714075123,0.3892249052875271,0.3565793162398565,1.344412137871413,1.4280903179875624,0.7260799699821934,0.3724629662478569,0.4904821617944546,-0.16286666164072186,0.07184119760332,0.1972903528416686,-0.3244725280314068,0.11676782913043472,0.14130709010258252,0.4320534131933992,0.5422305486444361,0.32749550171459335,0.29653650202189974,0.46959766232502215,0.10848396050620081,-0.31444751479076033,-0.752374288610685,-0.8920075790969942,-0.8076759995934945,-0.5643956745132226
-0.8967752043391876,-0.9075724455463698,-0.9568756321601208,-0.4802351074532092,-1.134922185958201,-0.8075338704108147,-0.38760061950105607,-0.24103905621403535,-0.23397347737113275,0.20335008026488874,-0.2560792757434701,-0.12005767503242862,-0.7696596331209596,-0.6786775968048272,-0.3592425328948293,-0.5100841107422595,-0.9874937271453599,-0.7983033734979649,-1.2969375505038103,-1.2319905224072705,-0.6729501608719893,-0.41661237119524425,0.7015537862998894,0.36783982631583995,0.23843582315683817,-0.010849651372647111,-0.3389699834174192,-0.655425812285907,-0.44703879317043643,0.3371747271594806,0.4544296983273621,0.6611453447758754,0.894266990981698,1.1072282336243902,1.111574978826894,1.235406161682761,0.8264788641175692,1.1705673579120393,1.2163117021557486,1.1931270177336848,0.6213047695883964,0.6169576112931887,0.04349910993922238,-0.3640804848045643,-0.24276470603595204,0.019977451005342026,0.8696801320813995,1.118505943009031,0.29525435269703004,0.5365718260339944
0.7593817350561404,0.48704403115636613,0.9831725174016887,0.23843378799663406,-0.5423604615727768,-0.6149053511644489,-0.7866495410803901,-0.5332909526915584,-0.5850308572299838,-1.1133908413797762,-1.162734549963,-1.5271547455732066,-0.17078195949838204,0.13182414358525282,-0.3442991745451034,-0.08465534300019409,-0.25256971402229905,-0.11341037491962055,-0.5596204488197641,-0.35580469463921566,-0.5781585405113443,-0.8464075171932874,-1.1112124362914562,-0.6985540058355416,-1.0005471825072807,-0.8428279625607726,-0.36182381773699684,-0.256316893847524,-1.1288565459574535,-0.7579054810401865,-0.6977432417684711,-0.7209940670689873,-0.25704214446036894,-0.3800095793240468,0.06752936646364165,0.1106827094780934,-0.23603156585003598,-0.07175385486464221,-0.06838660458074874,0.47200683855978787,0.41045024370169275,0.837761997056591,1.3011329852640108,1.3867484778008865,1.7918171987015166,1.595092422971906,0.8504349908007344,0.8137259819267855,0.2691658924243032,-0.16234571036890152
-0.6926396989724046,-0.23871007218167492,0.19196524191883071,0.27484736693723283,-0.14965165644841383,0.360253250309843,0.6818519181293539,1.77645612010181,0.9870992153944442,1.1603494998012434,0.31193724980593884,0.02722933643412007,-0.319673658499852,-0.4221679070385513,-0.3952077439269568,-0.27419438733773965,-0.1204336638569482,-0.60675431701367,-0.5797501852724494,-0.22903543652535938,-0.37369007567939627,-0.42185355293358046,0.17269903650887594,0.6825439570335564,1.0419600710971693,1.5934080836808011,1.7380825528184143,0.9752912984615301,0.570331215683257,1.3119187302610238,0.9989472393613842,1.1024669432545282,1.4502181152348086,2.030054292610636,1.5896240503265244,1.4447864627208158,1.5496504950875307,0.6602116036229201,0.9259220152706632,0.5246626057077517,0.051584656140047744,-0.22766992626416954,-0.32647912271476653,-0.49067746513304245,0.11513418268566458,0.11854257505345821,-0.2042732256120943,0.38663835159127574,0.8207285784127941,0.42911658805100084
-0.9556844849226152,-1.018001424199933,-1.286760026811354,-1.1530774738856329,-1.1274370858963192,-2.266494467580722,-1.4108375339533625,-0.7655783590104899,-0.09886897201306817,-0.3031007488757326,0.246442843662762,0.9387765103682946,1.0734508583078664,1.309308170914827,0.7987117158808172,0.8781318708392379,0.9052459123307064,0.7357147087762558,0.3715458059204609,0.6764407236235375,0.9189258719999397,0.5473943246852455,0.6295145147939805,1.26041128291914,0.8259324644465159,1.439129294209539,1.0580477669019117,1.1983644308743704,1.1786654724861614,1.4280371098448537,1.4092139313102765,1.235822336291766,0.9465468419660803,0.04058916379449731,0.30351544417487447,0.2537697318344499,0.6453568733489087,0.6298502228293018,0.47619180781003395,0.17312879997529493,-0.2734372127262572,-0.7257345349815918,-0.6121634013058938,-0.6853274305092782,-0.5159929952251339,-0.6280816931630427,-0.3000253055746885,0.04641100750278994,-0.5290029834350232,-0.5672304208809988
0.6613511671475109,-0.23405146701304097,-0.3553265674907554,0.12043457498437647,-0.20339806228161753,-0.5751204821673993,-0.6579810675628628,-0.9072343116850163,-0.9536585016839813,-0.5727979952349833,-0.8206072029295989,-1.0419135644478559,-1.0177859971372316,-0.9668101386702426,-0.5006740004871627,-0.521843550269015,0.40884680165372445,0.8149817158129985,0.9167842562411174,0.366296685850934,0.23385762087612005,-0.3453247114882129,-1.0376657314061495,-0.5906464729524352,-0.4739833013608534,-0.24728217412871795,0.12723190742379514,-0.38829758383890606,-0.24917489929247907,-0.7919909310003087,-0.6409165880332015,-0.7500265157265776,-0.7125110883491584,-0.5750411594727272,-0.7911838981031692,-0.3064195962797799,-0.7041968920162441,-0.5651070871990163,0.17650147515374967,0.22372290255571536,0.25023184617877975,0.009414113250925357,0.4095701607858585,0.04384039736912956,0.5036621840060123,0.539991317809344,0.4825652026991943,-0.08817839622806048,-0.4125998537138566,-0.2944136241369497
-1.2081713260675069,-1.2601273920061078,-1.3596440612087068,-0.6990375433362,-0.32003334901914704,-0.018147972732205808,0.2425951365869995,0.6943547470659985,0.666777476990854,0.48022113314632486,0.6493337118725311,0.11747636956029808,0.26568254412000714,0.08377844195166728,-0.17625848447556025,0.15491035018194602,0.821883248285699,0.9213630908502596,1.0631200697127658,0.9904149607270772,1.1641155122466316,0.824432471169581,0.5116597422992749,0.988240608617083,1.232837899848745,1.1873641244846187,1.4762925062316874,0.8530321791201778,0.6522624085751247,0.8226430266751044,1.334005708692443,1.3047338233799393,0.8811207324847317,1.0616343340149184,1.3991746410301125,1.1562279014221308,1.4731038019893223,1.8606427016219236,2.0147896806281964,1.4095044959901881,0.653091407251062,1.3031791421508732,1.2843670994364598,-0.12023258825552295,-0.32775457092296884,-0.12347032597394218,0.11377095401362528,0.26257045329664286,0.21470777338734415,0.32330636522220957
0.40986141451433755,-0.1265602341939385,-0.41665602180990946,-0.822104417051558,-0.4581521523349633,-0.2774394769342042,-0.5892352327928383,0.20521989210890643,-0.11380598904725818,0.1848295542613611,-0.21209715065902265,-0.6683857077747064,-0.2582350267502277,0.09970570166128644,-0.034746469010353144,-0.03612990969136147,-0.21092683892248124,-0.20794434157676253,0.28335957390797956,0.6890527817801623,0.3433526031550901,-0.23456512563339518,0.23135345280365002,0.0071708469199426314,-0.2196396000265787,-0.45156184427362933,0.4809903387380894,0.1496086923025534,0.1843706429101438,0.3455212826639314,0.393090759666978,0.8794640907878475,0.03246680061384639,0.017353672299100047,0.5848836976143025,0.7092057266129536,0.35532956308440133,0.40163538419720685,-0.32310740924902015,-0.1847813432061061,0.028768783480910515,0.07256912930339186,0.21573251122354645,-0.17492948415701937,-0.3796163149466307,-0.006258748003381501,-0.36511081680226903,-0.36785874241386524,0.350691481079645,0.13470779710266653
0.11092883467554976,0.3067636440374323,0.9497547986904331,0.9968896468792151,0.5426579366521201,1.1480032515388652,0.6484871566512348,1.0835220303832647,1.1907688187792886,0.625956322453531,0.5930711062579579,0.7675402488752837,1.3846614838290034,1.601979804399536,1.727506184578064,1.2459018182191424,1.3555735753326226,1.7591529274441926,1.2329691710368431,1.0615397873369548,0.9826050999879709,0.9459569330036582,0.8339592643698286,0.6833447648159412,1.1998932149144623,1.4129203128811254,1.4638331812008776,1.4187477607722092,1.265842534324204,1.478932494249751,1.6468776649427048,1.2269906209237056,1.1866603742681918,0.5828087764745358,0.5870483105244221,1.421794746566496,1.056937789217947,1.0272233646695819,0.9197451756232226,0.7183960342208408,1.0301278893698749,0.4403448462584343,-0.3998187097093487,-0.45335411971053824,0.0009334101678831367,0.10507044371189912,-0.21350319619870928,0.30217953883071597,0.4680468158060791,-0.07013063840085415
-1.350992087395082,-1.643226906204932,-1.5376593363335795,-1.6597142155277111,-1.5292898446516356,-1.8776779420700749,-1.6981710425896483,-1.44282832821512,-0.8238678185259838,-0.42379320558463823,-0.999877508109159,-1.4900646358246148,-1.9469220003856078,-2.173713992264003,-2.241194699800219,-1.5341561991488297,-2.467172684754065,-2.2970886152397263,-2.1920196000322436,-1.6055776975846279,-1.078596633259201,-1.1507314256507275,-1.3750783769080308,-1.1305080166086152,-0.9554124732062692,-1.4740513636000285,-1.4803908648707,-1.673498792671927,-0.9669158164159304,-0.39599259779453005,0.2720726913671703,0.305609816428892,0.5516310388071236,0.29023603606068343,-0.27661892555688455,-0.07158800397617726,0.11505756258180301,-0.49973539598751415,-0.8359205482537615,-0.6439321465611421,-0.4588487233189394,0.017759323245548016,-0.3765342166756457,0.025577422253923118,0.24646965190613693,0.5111033428287186,0.5032800907428352,0.6173875927945286,0.5343835864970935,0.9162403624134166
0.08302468401138668,0.1908018959529182,0.7378851810981691,1.1304795643486256,1.6204239950539725,1.5699490054790228,1.1586350235525256,0.41606426334495866,1.1740288842294173,0.9425997005745957,0.486102615035882,0.32467528497625386,0.10307803285010576,-0.3984709030303467,-0.2847720278485891,0.193586626958257,-0.7734734925559325,-1.0810977568465376,-1.8568013013385019,-1.6099390480223452,-1.9674816332515321,-2.248159940860427,-1.807644333137338,-1.439849791692759,-1.7155604092139511,-1.7997154597534393,-1.3183005718202734,-0.7880679623616407,-1.2931504565361753,-1.118623077606504,-1.4442037613615653,-2.011184909083114,-1.722911402046809,-1.1279609802182773,-1.0847142739609603,-1.2121887805094567,-1.6865632683140335,-1.9668008711193095,-1.9471474012024874,-1.447316430296545,-1.7541435226686835,-1.3562978134561852,-0.6219867108671983,-0.610993143897223,-0.1655550972121455,-0.1823321832536345,0.0021635627911287254,0.2775855755301518,-0.6034631809209006,-0.8222009641138918
0.03397661817522585,0.16447940063810865,0.12578627828898162,-0.06942067313666563,-0.06378005623799897,-0.1521726774362877,0.5190569950321293,0.4093315384620959,0.544384365112785,0.5363259620668287,1.0112884064331367,1.2599227677980283,1.220327904327155,0.8711593548122483,1.6227395843624115,1.3101332674621957,0.32511683190161583,0.301493777227953,-0.24343748457402103,-0.5138038914871336,-0.9222566851502516,-0.7132718286574351,-0.9428682966327144,-1.9109641713453953,-1.5280778688270495,-1.2921843391252115,-1.414211901290527,-2.676892926417188,-2.6095606317304156,-2.008644955976672,-1.7716447845007186,-2.1630990956574805,-1.6829889127503335,-1.4333442312603581,-0.8585305622892554,-0.5136542649611721,-0.810364874140232,-1.0902531940762383,-0.8860401368285008,-0.5548916536331607,-0.8121929468903244,-0.7526627792335693,-1.3039945598820486,-1.1516974707701275,-1.4637181111014945,-1.761235157703116,-1.76440173518624,-1.4313693960231009,-1.0674479932423597,-1.1773486265345667
0.15322882766472415,-0.1059692092338941,-0.5037482556553452,0.23220054626353098,-0.4742816881107357,-0.4638004904146781,-0.34399358808198827,-0.541052494977848,-0.3868574160656581,-0.19415765732822265,0.5865539917510478,1.2282329273360006,2.151287246799841,1.9015551412123115,2.1892339915153545,1.5614157716489203,1.3143171891618437,1.3759897038904294,1.3803817160955962,1.2729199417580623,1.2917136605651145,1.6359654152824958,1.6945004792762302,1.6440458402328733,1.266034290810769,1.4293805798777222,1.4305519937468905,1.6919728102013507,1.3483003615343985,1.0040699521269454,0.7186473749200256,0.7823698252588546,0.6136979102561309,0.9169807525450442,0.7751953566115865,1.256040540530176,0.891588041161816,0.8813084592904453,0.7795542072830917,0.036682232474120106,-0.5241946636748828,-0.2179417139157898,0.5172273893661513,0.741688264596935,1.2362150856043026,0.8160927163166216,-0.46353720706629276,-1.3172002967995466,-1.5280764182565711,-1.5844210437299828
0.7239866091222056,0.5456834858755404,0.7737783434296556,0.6088779915632685,0.9149830263312222,0.5214671288219377,0.9983668866500399,1.004097317035655,0.7279188602027468,0.502377972272607,0.8433300619626686,0.9777434676667991,1.1744247776430612,1.1466810217834253,0.5313937847270048,1.034213058890679,0.49762854487283975,0.6604348276608135,0.3677882976315809,0.5247706280990458,0.756365765843973,0.8960912327851367,0.9894323398712233,0.27257813085817584,1.319520732270091,1.684514895957781,1.560435383950853,1.6852032997390487,2.1921513535792467,1.477908134481178,1.8644858467198842,1.7723702056295396,1.8565706701711169,1.4770091833321901,1.0489990551943416,0.3085075067549956,0.8444411189432778,0.9980830390104182,0.7009140432950072,0.8847296790860069,0.40600115614759497,-0.018738188225787204,0.08390914229246847,-0.10977017814525715,-0.004504745576563771,-0.12623742813297636,0.1692171640814743,-0.7207298950079604,-0.8505774367306711,-0.7904844705176368
-0.5981138894780321,-0.6428217899017871,-0.9844891087319787,-0.9981482827769834,-0.5201676851529462,-0.1742246769350154,-0.5909957048398422,-0.1498973614094894,-0.10752265808967787,-0.09607563452289741,0.1024545053741893,0.4367358345896541,0.28335903127202905,0.3817765901013937,0.4503407564307807,0.21650933324870028,0.4001339614901425,0.47413329460607445,0.6022856904989247,0.5395357115197998,0.8899696145930693,0.8554998063122468,0.5252499926378223,0.743764482556677,0.20165487047858638,0.550003732889238,0.46130001321540975,0.3628997008054468,-0.11004503224696906,0.3068461391704206,0.051051272212689965,-0.620592806448326,-0.31649725501977216,-0.20870368198309133,-1.0024343694839217,-0.4227011643586835,-0.7656035536094595,-1.024537671656125,-1.2749368165183612,-0.8063893267910218,-0.44899371239063435,-0.5102230276991463,-0.5982868854126623,-0.5929289016715298,-0.2961928366127673,0.2230908701624263,0.15109403527443968,-0.29421054946909336,0.30939148740504235,-0.3648828932597553
-0.6759432517191934,-0.17784263335096304,0.05964973422653903,-0.32982572424192674,-0.22974615235907386,-0.05256682502610498,-0.5346635003037973,-0.11956739490486658,-0.531315411510758,-1.151344110383836,-1.2173451333955703,-1.2455115520070545,-1.3896194195664526,-1.650517914358959,-1.8632319711967296,-2.0885728965295005,-1.6926957629423904,-1.4753992691651696,-1.4057859310030925,-1.7941730846810668,-1.3498343894428528,-1.5472816203170796,-1.163037414916431,-1.9927322218918344,-1.66519429000681,-2.6217902505395108,-2.276413787630703,-1.5597337524132615,-1.5631936063481346,-2.0887083454304793,-1.9542503450459752,-1.4008651905818557,-0.9129616384580093,-0.8532302638180429,-0.5217523055362115,-0.6225293249786821,-0.6507991236946051,-0.42916058086572795,-0.7649764813645642,-1.5661173191317546,-1.01572495583737,-0.9715810362216688,-0.8726025103940672,-0.7128566107923231,-0.5752058417526166,-0.9398312231015137,-1.1484863208755116,-0.8071228440109248,-0.4899892868374651,-0.8530376576306117
-0.5455442884637381,-0.855748856870084,-0.6113781726199634,-1.1946317897847485,-1.2768348737901454,-1.3147595768402625,-1.4522317399227205,-1.8152596105229186,-1.3899813412675213,-1.1804715745318717,-1.0967296262432513,-1.115577110463875,-1.3629852593850922,-1.5951110160968651,-1.3923090471898674,-2.1125271999521757,-2.019947896644968,-2.255001283049547,-1.764939384147669,-1.5936470949981942,-1.7162803163751759,-1.6899771449385188,-0.9702098856784068,-1.483482986118158,-2.0083635395885904,-2.17827639995181,-2.3452094457511525,-1.856525113041843,-1.4045850702184857,-1.8969964145610514,-2.6001371081880316,-2.3473209002115074,-1.9725591897227548,-2.0511751171091785,-2.0892548350051583,-2.215617481504431,-2.1313445867264704,-1.9632013021249624,-1.481150043511155,-1.693875183185135,-1.5677158522556225,-1.0822164853903349,-0.5531939969261485,0.1327698273692381,-0.31836393808611263,-0.8393363138139993,-0.9684126192166687,-0.9871528042593001,-1.3469882624056537,-1.0631007751653272
-0.8917431853282214,-0.8622987817394546,-1.0444049719840014,-1.2431248064252947,-1.6399606115137824,-1.2790320756841598,-1.073058729505713,-0.6466095077228667,-0.7851280125098934,-0.9023210535430846,-0.869517916962748,-0.220047279944062,0.061199411326805966,-1.0568531726322474,-1.0572295317832463,-0.44129711188948967,0.013497983171376316,-0.13352567143922991,-0.7233239691998973,-0.6315283155870679,-1.165150157277328,-1.0290616334912042,-1.9130734511214162,-1.9499198967097435,-1.7301308501929398,-2.1147682404211046,-2.0275789270027014,-1.9738387780196065,-1.6558261937873768,-1.3735901832174637,-1.5481040165440068,-1.2287387500670095,-2.1206270688552626,-2.076320849149557,-1.5606471064976317,-1.0784126156155553,-0.7267409189714898,0.42941715413731546,-0.29335204672113707,-0.23804472229187243,-0.7314201765044444,-0.6736171858010865,-1.3661921127628924,-1.657901696430317,-1.7896321710091834,-2.1847670481191437,-3.2145448611663237,-2.5239116324410302,-2.825145379864003,-2.3199631047777394
1.54284691126157,0.7949210166744175,0.6657603512561107,0.8785890292994593,0.6079186168308293,-0.09468794744710449,0.17324893915770148,0.4549051638203719,0.7692719771637494,0.7294275774271707,0.2711443447276744,-0.06784390404063974,0.31880791018290217,0.3349704103733923,0.5526422367014864,0.35631152597959537,0.12570141721340153,0.5218540412016106,0.7241090750251671,1.3131914217588774,1.1707250982805544,0.7231048732654021,0.4781891467089207,0.8065226018132466,1.3689592830757893,1.5878739025274908,1.337892592223098,0.7153909678420021,0.22974333860488197,-0.3945298458696639,-0.3229072074433637,-0.5017839193320864,-0.3233540216412787,-0.5701040544548034,-0.8549373592017857,-1.182240032532235,-0.7312740902299348,-0.4331903710457783,0.05328200727774643,0.36498758961703626,0.7763504390298129,0.35676415297714753,1.1553740794333076,0.8876219778343837,1.5684944298166017,0.9556862905989432,0.9617995338082528,0.8594795239306023,0.5248004802915118,0.47301712450512384
-0.017836169196268133,-0.4564231622001685,-0.46830094099483066,-0.6115993773436573,-0.8323493009228018,-0.3753652920640646,-0.3812869169258785,-0.6962387423026348,-0.6260749570486709,-1.5159869654529798,-0.904564616855451,-0.621018450080232,-1.0998049108979715,-0.4397034757216795,0.21055097283291244,0.8299693735967218,0.6137456128247076,0.7905291145826708,0.0009573593690901803,0.4014180664806868,0.19098334691013982,0.295817955351561,0.3156545608458079,0.10581744472698912,0.796387408865108,0.7813555599407879,0.8257073280726193,0.272020225332033,-0.14963671479061785,-0.509216765823575,0.023986226901727414,0.6517344902988891,0.8305149863176327,0.3666601603407737,0.7015743012902993,0.5225148976236764,0.1918469557322126,0.5583079500405511,0.8765675355168698,0.9418623942678694,0.9890023640798616,1.1529347069939508,1.3486989188081946,1.6585362556320118,1.8170440431193913,1.8816480162822107,1.7388528840952369,1.257641092350764,1.2306196217908771,1.304579696298212
0.4165800003894185,0.2511991261783739,0.4737298086892793,-0.27539765851237674,-0.2589608791718213,-0.1258759320377302,0.035133695300090396,-0.20390120511103688,-0.40754014093360524,-0.5552994028714435,-0.3644929712430789,-0.6858422463178654,-0.4210251075750423,0.21859656939994798,0.3181071829236679,0.022244065503424188,-0.261829711708572,-0.4211436661784202,-0.7080463294471782,-1.4522119243117328,-1.9387894728135338,-2.1557453516987337,-2.430568979168189,-2.527588784392138,-1.9902206247109258,-1.7940115071662395,-1.817915109993265,-1.9041233987516208,-2.015013903617965,-2.0422126801861946,-2.5823561677602536,-2.6360966093810285,-2.8551606522389767,-2.914109813781201,-2.234209125698227,-1.248943693401244,-1.0980358375862318,-1.2219216897865435,-1.4366401822145225,-1.377341358858263,-1.649542138942407,-0.907123763625568,-0.9471886405902311,-0.8050749550287376,-0.6767763852906975,-0.8821176820502739,-1.3257352987643667,-1.0978938703817536,-0.8093896695557061,-0.46680397058112055
-1.582301400519771,-1.506293785179449,-1.6268260740720923,-1.378805869940721,-0.7889308004806572,-0.5571719870682417,-0.7197917911669165,-0.2936279004943604,-0.4337905053983192,-0.4806639704104184,-0.2707360043824769,-0.13398640235332468,-0.13836493846734294,0.04844932446844469,0.34016201046217825,0.46710868935070204,0.315765009020204,0.8326979791866242,0.1684165415156569,0.22167984831404186,-0.0556413874130475,-0.3293171450332912,-0.18125419694533002,0.25727871402465813,0.027287994997888417,0.08438616848125965,-0.0028275455581369337,-0.15116660225576015,-0.13691282321682435,-0.030821320835848223,0.05751820859689294,-0.19931799189166877,0.02583785598633114,-0.5166150362035392,-0.13831758888774123,-0.3543094406496244,-0.2989001716653063,-0.3094399980695701,0.04669286684956364,-0.9334178768339761,-1.4489961538356988,-2.085731189607704,-1.7322530332183566,-1.4877481350536264,-1.17925133270032,-1.5340820316555157,-1.8121254036055394,-2.050454628660971,-1.9440858702977493,-1.5329228604852925
-1.9157629604725739,-2.1055578422974093,-2.085506118054582,-1.7486477942901835,-1.2975777448241237,-1.042111356148168,-0.6871509231143974,-0.1509294181841941,-0.5288336960038003,-0.7872740012379792,0.12880126091154173,-0.26260391308379666,-0.1844281214095425,1.0287466042280908,0.5389323074409372,0.8980193004524586,-0.08946809757339926,-0.09115601789335559,0.12354109647135608,-0.38575474425351236,-0.06289257723262477,0.36272085504084767,0.569278474364314,0.10212877930582358,0.9064204440720334,1.1710530410107487,1.0799373800623608,1.318536515378691,1.514417701573158,0.9550633908648647,0.8085718398465148,0.5111861869344565,0.4524297078389974,-0.4862950485862346,0.21139482422541073,0.5311923478652767,0.4813243711711303,0.5318743211107188,0.4553281112174867,-0.281731462518517,0.15247688148937122,0.04400153934898138,0.22405088021861058,0.4731986791296367,0.4600110343833351,-0.1788155632189906,-0.30657000265488654,-0.785191890907197,-0.4681118181361327,-0.5768140797846621
0.9456863128687865,0.6659431639288895,1.632690385327254,1.5471825291242831,1.6491695520923917,1.8817964906631648,2.0826727074267164,0.9677956028028766,0.940274704508143,0.973626892089521,0.5535432175494468,0.7225097814213192,0.5064098666414997,0.6880475685028441,0.30481247366862485,0.7794865289471755,0.5475162109932444,0.3274235276529899,0.5805035149648677,0.7849113644798177,-0.06475794922550018,0.099570214428523,-0.44900141406097466,0.4390889076063757,0.3076492992849621,0.3835003163157419,-0.2756242300872458,-0.21664066573792864,-0.20272577236944905,-0.9444181253606546,-1.1239114306622786,-1.6082725510218334,-1.136755863709285,-0.761222155233693,-0.4773154720579494,-0.5888023504789084,-0.707775635136078,-1.0707047521912298,-0.794119119007108,-1.227134215953157,-0.5157458592552708,-1.3397377983222811,-1.3718863196065332,-0.8917614289946774,-0.481097383182757,-0.4816548923578849,-1.3134815605928571,-1.206157174340849,-0.7215079628483071,-0.636748511847079
0.7391425960834614,0.5103803965748553,-0.4596845866725493,-0.44730576435883335,-0.39704624876789973,-0.08292209153531543,-0.8748725223861508,-0.34294100055424975,-0.3989493545698666,-0.16759458391120896,0.5187703491002437,-0.3841658549521733,-0.6362354179580791,-0.4870526972879508,0.09122988572346422,0.07970574073277815,-0.1943965898393959,-0.7885928153437616,-0.8144061337747511,-0.46579771705295203,-0.7896904296784346,-0.817576540561359,-0.5659610929565844,-0.33818643532387543,0.016597614823625966,0.23676470315126727,0.37992661161406627,0.174364649204426,0.3688170417226299,0.002281733474046268,-0.2022643531298798,0.6992704298466708,0.7342232909558696,0.6651245268604096,0.13651111831492316,-0.5291814274122364,0.1316289822307149,1.0504849152975633,1.0444331826428244,0.7943889306903892,0.4933136503378453,0.0865176061908163,0.3501833949247398,-0.46584947565683205,-0.5379363297631209,-0.6911739662615124,-0.7359004073805602,-0.24889544075847042,-0.17808806493205112,-0.6113501862336213
-0.6427918590989576,-0.46924745868974255,-0.8295555511662708,-0.2990819203643292,-0.4917886475771797,-0.12916901921218374,-0.06956688617860586,-0.48323399963231106,0.03985701064925181,0.613982553156913,0.20124914904061258,-0.03718940588902886,-0.07931206833208196,-0.010182923706310429,0.48334426263443064,1.0352211099580233,0.6944814356737068,0.28280408236381943,0.4339424278822105,0.5443136467186451,0.5795304753063987,0.6675837731883635,1.0101364301237779,0.6206510973489039,0.832051539931267,0.6197135802546018,1.2203297659401513,1.4446254884788174,1.7352674398123027,2.1296609746301116,2.0996838310969124,1.8725977299467562,1.8851864263472116,1.5386500508213874,1.4622107840819922,1.763551782549188,1.5038184485010828,1.116797915172339,0.9332225564187172,0.9325362933180394,1.0662180331838036,0.04242163863666326,0.5292114277152449,0.8462900650185765,1.4138258491866011,1.2312711680139319,1.6063870640444866,1.8253404325038312,1.0965914427524934,0.9042801744188222
-1.6448941747494579,-1.3716958491768276,-1.2205104046723139,-1.2192032759587186,-1.1961289623233655,-1.070867747272253,-1.494297852336639,-1.4855010095074412,-1.970737718146103,-1.5469069887691815,-1.2170025608099122,-1.0411902514037261,-1.0660189330747611,-1.182781532482159,-1.213033912822235,-0.9663243140137235,-0.37381432374404167,-1.1267122159070526,-0.525298029489986,-0.44492225376244365,-0.9275943988165571,-0.9715581961779688,-0.462982146728911,-0.31246408937180864,-0.14253577398533956,-0.41906526527414684,-0.09336388528650755,-0.9082935174584025,-1.169945577193665,-1.0864073103250294,-0.8994669023293859,-1.0440457316635459,-0.7807767313299497,-0.739957859525461,-0.442883318723864,-0.08132512031414456,0.08817241875706071,0.3283612508573249,0.42357931099110435,-0.17493268286964406,-0.23133896051585437,-0.21808008214203387,0.07677344172439948,0.2527157487637056,0.29782432284877436,-0.436448916062926,0.20805843199430057,0.5022827931199222,0.20375567696304347,0.2914829935517344
0.1576366942993077,-0.11455231550838434,0.31939535916255896,0.6758997905533861,0.7156164307349009,1.4500067300800392,1.1587145134521966,0.7603068743851574,0.7646773638368911,0.9649902302806646,0.44470737329892274,0.6495737537132095,0.8979447986578803,0.5471161393598662,0.9145252658534504,0.35498236441570247,0.8416763970865543,0.8474054298751857,0.7324058838732833,1.152680887790603,1.3967985398632896,1.7467298195781398,0.819408787999225,0.22039831212129524,-0.11978868820377028,-0.8582293091531666,-0.7245246283971044,-0.7846823946415288,-0.3576609390838014,-0.3424673605343617,-0.11463570689004973,-0.3690612857381776,-0.5439368902986378,-0.8753623611287812,-0.6509844079411391,-0.656694626480122,0.22771795811436904,-0.48880103406770814,-0.6846296394580331,-0.08025210201300492,0.3417596624085823,0.35713263577941734,0.058025497181520495,-0.5684075101797214,-0.5951112818069143,-0.2352921280756098,-0.21057796417227448,-0.3725833378697412,-0.4011354373342556,-0.720713073508824
0.14715569545708906,0.16828677181889415,-0.08511257044159304,0.7247536959763012,0.5040312935386515,0.7680164343949972,0.1905798307320082,0.2862300161787089,-0.43340461704351463,0.15222723859363357,0.4504769824632443,0.43147774324525295,0.3779115343582601,0.01954662611147331,0.4848463893944309,0.35396249585879025,-0.5954746348041515,-0.7889854966654944,-0.3266063274408356,-0.04701296113072839,0.4747036238907695,0.6432730098621408,0.19697504765447565,0.23428003875372375,0.4197993376287635,0.14762280950726625,0.002476603529979728,-1.3399605889908701,-1.5509757257816885,-0.9764522756369431,-1.0306409490512856,-0.7783180521274058,-0.9297485025385892,-0.576448788216081,-0.6613231126040294,-0.6137091075982382,-1.0474590641644943,-1.6226369914441825,-0.7303752143521555,-0.4828147639795068,-0.6293246812281326,-0.593382963315369,-0.35027507855495116,-0.23194464819887953,0.2014305029756814,-0.0970079871912188,-0.4373213374069259,-1.050884683232379,-0.5122670311148952,-0.4759415299285795
-0.15005571488884337,-0.20883058369429014,-0.6239884665395888,0.23611429880012147,0.4915557588350334,0.6898420387596031,1.0883774809924978,0.8864539125542464,1.4482018882199026,1.4418041036619111,1.2945936590482472,1.6787772659100402,1.44911906203414,1.7659759118844778,1.185128899090876,1.4224110849951754,1.676690284570749,0.9350153718211303,1.088932739411295,0.8917661256977176,0.3315775446097518,-0.1980509811803281,0.3568452809593249,0.13742930654700927,0.24276472544592567,0.7191549041229905,0.5707548697601269,-0.09627820245967314,-0.5562498811097429,0.25704726444176723,0.1911391100520032,0.4926658125165041,0.9307702386096299,1.123703862357592,0.8420512280227535,0.46929886728040177,0.08368069426522118,0.638918655016942,-0.32734853255623203,0.2192273206901018,-0.10680427644598052,-0.24713168298348023,-0.4996870588292619,-0.6123227638389821,-0.28884749060074155,-0.6765774343380968,0.14968769361184225,-0.4051874795122053,-0.20180534504529954,-0.4026909426204076
0.5736010694740129,0.7885739801978402,0.7445381676519321,0.6604508655827565,0.5922932117001655,0.7504697843358914,0.9202571642252982,0.7297505632851837,1.0306108381030974,0.23369249361705297,-0.15084264934009808,-0.25010946788917304,-1.1668352073517625,-0.9191988771005898,-1.6214947947531795,-1.2702763669946533,-0.9205949739023492,-0.22994768833507112,-0.16600136445406727,0.05319684187056957,0.0980747127005085,0.4019410461000124,0.22103490100906567,0.849897592968075,1.108854317943127,0.7604578398380027,0.8536758254218618,1.586967014752831,1.2616945660071635,1.9510970906484808,1.876048182925019,1.2742540992561433,0.7990332428418817,0.6807921532051583,0.5154465675544597,-0.22880098866212734,-0.13493418292785858,0.01466197815876967,0.3002106736590856,0.2930147667421942,0.5998494920516284,0.9844134912484789,0.32735168529461667,-0.40711660253873266,-0.139761868849889,-0.2662855450664007,0.2309623476915524,0.28412863693539353,0.07701851503122963,0.41322551491393966
1.7460215182477432,1.7964905169224064,1.7172871225437267,1.5589484141138612,2.025661089164758,1.2286705937595077,0.958471055969734,0.5869357910885301,0.9358815534026188,1.0272561518539718,0.6620465301478377,0.5344906686698634,0.11274396862146066,0.29641909400037153,-0.4462751698474229,-0.2299624765450435,-0.8354120678701533,-0.9491838898015953,-0.8742280890928503,-1.1545144719005804,-0.5280369479323106,-0.32377426554865724,-0.24316387789847313,0.09836759544062264,0.02002941518866677,0.11525593196800363,-0.3407065199352847,-0.792631227156474,-0.01380274609785377,0.2573432254560168,-0.1114010549783588,-0.4518309800278945,-0.406176489334518,-0.608352011842779,-0.6471693412086085,-0.047004912522113126,0.13102497603613578,0.12344562960099832,0.21341980257530618,-0.11630735908934065,-0.08122823904104254,-0.08585689278445569,-0.340238842320657,-0.36366588443011216,0.743851520216769,1.0841047457525053,1.2232309902176695,1.200944134059635,1.1928008234203085,1.1820214874440524
0.006142184361373099,0.15053673327478523,0.34351390030210377,0.5850876829276188,1.4182154362004271,1.0508823306448931,0.7938738849821938,1.9992722534177687,1.6506002516490872,1.2179899218070973,0.9672539947142561,0.6985687384731012,0.4936496821239386,0.19962869995852214,0.25137891095617837,-0.28885473304938974,-0.44452247166246334,-0.4022861501345236,-0.16917472852595897,-0.3493398955193961,-0.47559040467112157,-0.3137565203857496,-0.7171879494434534,-0.40844945608689126,-0.18108492716618863,-0.36119791013349445,-0.39059761556442435,-0.15562181966759087,0.6021151954023243,0.461234378103386,0.11157805713450208,0.5408040314229198,0.9641880149642672,1.057426983382123,0.9704431634370031,0.7635376576720294,0.5356441434304764,-0.027745497010439327,0.2948307272421249,0.1979758762310798,0.3169586724963344,0.620948794345277,0.48793443829716615,0.8220398697451604,0.8947997870071823,0.6578262671356465,0.08703167746994914,-0.21470665885811024,0.019287111616238257,-0.2451866264586369
-0.6114703756874614,-0.9979711280893387,-0.12186453451369894,-0.22998249584524058,0.02099320696823278,-0.4049320093613105,-0.6430916843657366,-0.6128581264063423,-0.6127992533700015,-1.128673516951453,-1.4730584740045938,-1.1457339238707926,-1.4701742365205654,-0.9486481612250454,-0.8606456182821726,-0.4506028738190944,-0.6369900162022352,-0.14134512232105745,0.3091497578878874,0.554813041709471,0.44137082111448983,0.095189026374223,0.015612442708018308,0.3483509533354343,-0.18090018937749294,-1.1325263116114794,-1.2296823346413481,-0.818059985210107,-0.4806583483167087,0.005353446032935241,0.9340483541716381,0.8829539257209581,0.1320575373631911,-0.25465970028017626,0.4467979188961816,0.8951779879168197,1.3797705794685955,1.1138263579216983,0.9536791425288801,0.44562835755093344,0.6926592752327996,0.3689488468309145,0.4509947116354875,0.6213374922566476,0.319251840180022,0.1991349010927158,0.5699014098267142,0.6448809436465868,0.6906835217202573,0.8149722814010656
-1.31753142535289,-1.4471927246015195,-1.4705386640026787,-1.5139459606541252,-1.240556816493725,-1.2056883263487999,-1.0637422927969016,-1.0195274869693813,-0.1365616843144096,-0.07668870409605176,-0.11030663739409582,0.22718210384373158,-0.4052198320418171,-0.7384583475013837,-0.721884192569833,-0.3011628817569762,-0.21640319349091344,0.06503846444588192,0.3688261668028834,-0.06020465929976313,0.5777749505270322,0.7491560033089868,1.0888893333348497,1.0729973434339617,1.017544903094159,0.6705022136345983,0.6719601518406931,0.004167442445144102,-0.14888835477361884,-0.1378380978226406,-0.06058216366964588,-0.10627419315663017,-0.0865826931848955,0.46746723064989887,0.2109113072560426,-0.1939470290027493,-0.0728886241527398,0.07287046222263059,-0.6219267046576247,-0.5815232700399124,0.05213615012260442,-0.5340503442964398,-0.3675998120008174,-0.601283560404588,-0.5423240016925445,-0.5377376505076756,-0.5162452213778435,-0.887243712436504,-0.7175165959740384,-0.07139930627975072
-0.5709171263502489,-1.2091550715156847,-0.4375858059986981,-0.7315355240225588,-0.7570903966913985,-0.35190527957618223,-0.2669478223556776,-0.1989473343992979,0.13230414617217162,-0.6166558511901109,-0.49204006420253565,-0.5577701946224486,-0.5113041720549062,-0.3939713890994884,-0.22087072489580406,-0.12267102132497576,-0.2521892371937246,-0.11419324141004751,-0.6034498345746907,-0.9253761151090545,-0.5532124792398622,-0.42907987179672796,-0.6853100803087575,0.0982891384155989,-0.08271071508019591,0.35976965010879036,0.3371458773505511,0.8676057533247968,1.2652411960780532,1.4437207417786486,0.9524594797976341,0.4467431293556348,0.6298430778127218,0.16127355144516953,0.1993193573235493,-0.08191051882431437,0.4390753271036435,0.6108268748507099,0.43042905179085744,0.27437520251765923,0.33572291249642056,1.1372390916194317,1.212591326834134,0.9839503024624527,0.7908056501278384,0.8731965426790885,0.7747659736966553,0.9272776551376544,0.6244052959788936,0.3435996920268973
-0.44273560979903354,-0.06718420622339591,0.5197049430288185,0.6745132577292148,0.6199432904108347,1.0452390834982026,0.8199833251611497,0.09981521769143507,-0.11795317424796917,-0.043440613340011876,0.15439110607785417,0.47293145411467463,0.7500822353115532,1.196421476672097,0.9238156036076126,0.44946971893123044,0.9144384679163666,1.4090924499009467,1.4891527164585243,0.9959422334150994,1.4915011334898192,1.2748924271198991,1.5733378959422486,1.9657603364643186,1.9109654863125762,1.4843308167719576,1.6519822144027387,1.7567097585069253,1.5217659315764764,1.4090220661736113,1.6426492297359412,1.4543457977799494,1.3176883614555186,0.5733177514616872,1.0353869341398534,1.0591942464800645,1.1052738669407858,0.1688182221455632,-0.15077518475896215,0.10352386199391443,0.2831752442624756,-0.04414854982745297,-0.3474556093669124,-0.2819019767475636,-0.66388074997855,0.02535016482070213,0.6046073413480475,0.9246055669467103,0.3154439424011922,1.0287585063883675
-1.415673582069645,-1.0227492411792782,-1.5972705811157832,-1.2053683740738355,-1.2440705188127337,-1.0423066879760408,-1.50598256587046,-1.4304628384119225,-1.8998598884448785,-1.3424192121849856,-1.2009673985061189,-0.9344577342215786,-0.04873623242724989,-0.737748240301467,-0.9593547137597286,-0.7069225920964787,-0.6241414284088183,-0.8722083622387161,-1.1403126152249037,-1.1838272141400967,-1.0041961021403825,-0.48301078973595507,-0.6139437745239755,-0.25099952600803405,-0.3403242968868677,-0.6257363619443046,-0.16371972869710572,0.15964885780595373,0.5917600012714489,0.5421998192885019,0.40446335059964567,-0.36490046838861584,-0.6371246228462991,-0.4625851217728541,-0.45562042462214025,-1.1424807955025078,-1.3311809254400901,-1.757538095008017,-1.7458252823850855,-2.123897430471927,-1.5055129999480477,-1.1872673076968006,-0.6564971039135115,-0.6539313171319233,-0.6415028387066228,-1.0611549018978919,-0.6911826182846965,-0.020816738767151295,-0.5218579486242555,-0.501564597044602
0.04827534237530781,-0.1880718218566111,-0.01703332527644363,-0.18060659980689542,-0.04685995972429983,0.03073853783029277,0.10136132078748844,0.4421238816508634,0.8755776285162461,1.5564705188448988,1.5973577739230693,1.4057211208743283,1.3730726275349374,1.1464686090263647,1.23772409197456,1.2477929870630389,1.4321751252228971,0.6148804908984992,0.4474305898879014,0.9543515363315668,0.9259520748360327,0.9906952116485513,0.6874308605056924,0.3762963227030554,0.9293972371561342,0.6374842514255366,0.8932788868893421,0.8086126470863108,1.0592711399448043,1.179125023742291,1.0134514214567574,1.312279969505465,0.5922837047438075,0.04854296593665211,-0.05198670184609058,-0.22844744274925216,-1.2167451721433769,-0.9886261980978007,-0.24907151427584368,-0.23811257011241443,0.38956605469685074,0.08287176516384037,0.3559227904170953,0.006520139738862105,0.49999962635222023,0.2715412874574934,0.36657989805523855,0.29053054899241043,-0.2726288399173349,-0.19682741055285205
1.8854227630768492,2.348697247129507,2.7638819044105714,2.597432264630414,2.2621484979897284,1.9672923796938317,1.9517738130700055,1.6719610550869497,1.8989937157506365,2.462576585363101,2.0122116874794584,1.2848664294078294,1.2602151773038537,1.4361226462991743,1.9112888034008801,1.742115893196989,1.9942741939292463,1.871810779693455,1.6603283782667704,1.4284336569088028,2.0012839056024854,1.4425383416935817,1.7319903043626652,1.3455525626378908,0.9460370959529242,0.7929337645635988,0.8844722460077513,0.8493030013210356,0.7814983579361849,0.9613315895524313,1.125334983085876,1.8873023511331166,1.9466406580905349,1.699397839131286,1.1457836957797385,0.6898096496277157,0.9089699430322352,0.8764584614740818,0.5342395109598631,0.6796477530097838,0.03435776175632208,-0.18170229147282618,0.10418973941507556,-0.45258982199732684,-0.39109632574784187,-0.5837042677207183,0.02913554120466485,0.8876083358713039,0.9260906829447442,0.9005896662720325
-0.2477473353336002,-0.30651030567620635,-0.5260996053022992,-0.6419523025115659,-0.7962183381804373,-0.8755191443227284,0.03976185438190584,0.4652561033843101,-0.27858999158331144,0.016691582618718438,0.20526045590114572,0.8447536387235637,0.4898532029278468,0.03998722050826427,0.21967598974317734,0.11926145636386237,0.4070706161681056,-0.11238480640311406,-0.04584447205387462,0.0044730886465882014,0.15637597112901158,-0.15827990989239762,0.20905263471526805,0.06039765174273013,0.2720076500984008,0.19145605248334502,0.31138786832131365,-0.033162753249809274,0.6036902561417938,0.9972072701319769,1.081153209264009,0.7377657680700578,0.5079366292697414,0.3705276512489192,-0.5205529005188984,-0.20649840501640798,0.36728701819595955,1.1927939896652882,0.4289129690962833,-0.04829848647141831,-0.026919774139842857,0.3822955359309579,0.770517671813483,0.42795633389800464,0.6159430812789003,-0.36696559633539433,-0.5377355029933887,-0.2908595221579808,-0.5510032639604123,-0.6249932762748549
0.5331835285463443,0.9180915763316222,1.70890680188089,1.3680935513659096,2.0580882067643897,1.5691288062807738,1.6068648525670681,2.0028033845581636,1.6408042731020953,1.3835774462814532,1.1395590308938215,0.6852717990332137,0.4778741147275109,0.6698949556568503,0.19643968424419395,0.1236489872712419,0.2650382037715067,1.0173327849117504,0.731516009634426,0.3881368542567662,0.03503902250844712,-0.48624607619791965,-1.1152618498060067,-1.2867369371106652,-1.421360657399864,-1.5719109762701489,-1.6348607366673977,-1.551596526214367,-0.8963023207118275,-1.3958176138860352,-1.2948513222771754,-0.8978677403868707,-1.3994859993584254,-1.2309168993731399,-1.2973604803134167,-0.3983108318630273,-0.621402793315312,-0.6008031315437052,-0.6258860024133424,-0.5337819402435877,-0.5627158084553237,-0.4761252626073903,-0.3985337410969495,-0.3645999126743423,-0.5216523582247524,0.31812972982330895,0.8732543660621888,0.5529733969502694,0.4727356674635474,-0.1870068766552045
-0.0016896209668301775,-0.004581894683337855,0.019291427003544647,0.40873351644991507,-0.11491038068671977,-0.3397368123686248,0.05567029980026727,0.3288036042418491,-0.09177665328881539,-0.37244270281753317,0.15925238908489336,0.9848062011001657,0.7978899371121827,0.978857980793194,1.1068185503609556,1.006961022414903,1.4142381576601466,1.0192768201182043,0.9867115845705855,1.1682452176116274,0.8250773895333103,0.6717544693097389,0.7179406804940477,0.6076989116984404,0.6007962824050379,0.7641626713161759,1.1147923165647755,1.9647961921177244,1.5741105188282263,2.233763850000653,2.194856431716451,2.374958313683604,2.5511598857378486,1.6237351515663516,1.1045918087858717,1.4961519229138316,2.304698751031073,1.9159002522600974,2.0080111489787384,1.7572927715066926,1.4080829773753725,1.2957465308018246,0.661980196618907,0.4817329498102523,0.47173670601366097,0.1439413304185991,-0.25388908612939454,-0.15257457164011404,-0.4724618810521423,-0.32425158999903503
-0.41812911307744144,-0.21675667601597745,-0.09252325242562787,0.14075201237765994,1.2849424255082011,1.2317602531092153,1.8512799947474001,1.9555173149462286,1.5830071992916892,1.9712462793142524,1.5203009622043442,0.7301252416720849,0.70312642604956,0.2079858790298809,0.19996172572881038,0.22205401321090598,0.2518956756755807,0.37520708063567937,1.0107942937390362,0.9725497217087962,0.8658935607937454,1.076602409216375,1.1779201892518445,0.4377578787435282,0.5805404045485305,0.04767300342897939,0.6052521373399876,0.4352517707760638,1.4330751767487744,1.0249250529027993,1.1420609460024653,1.625950274773184,1.5873066105240432,1.26410745084026,1.4117241277151,1.1064134526118663,0.9495951312277621,0.8789199503325685,0.5228280880087304,1.2564808434132966,1.5566095786612602,1.1540463641634453,0.8365739455143841,1.2593340288896029,1.6237148828713794,1.2563451933400414,1.2794968411550325,0.4944492534334853,-0.4046123285726779,-0.7987459087117268
-1.0750352802855678,-0.8085822889627006,-1.3828182084039546,-2.316215038656196,-2.3414961161294827,-1.8659354588932908,-1.6127478298969502,-1.5234723992432917,-1.8092398564355168,-2.1883153577528676,-1.4877540629699157,-1.5212789895915146,-1.0689124152487792,-0.43787244167562295,-0.580889531677525,-0.9282249120299075,-0.48072251620599643,-0.8643515834571615,-0.9748783522542928,-0.5181519276254247,-0.17882537272907395,-0.1815354392140532,-0.40051616430196385,0.042793356280127856,-0.48244304570759877,-0.41334657826190857,0.19037626024415535,-0.40967024663600626,0.07178577413466981,-0.478854728727574,-0.6099741414047071,-1.2838786037796708,-1.319543864928523,-1.02682415254196,-1.4054959502751887,-1.5784164835760246,-1.6601727357124576,-1.3349053304855458,-1.215827782620451,-0.7204662337842094,-0.976340784219099,-1.1543104565223634,-0.7457167032473816,-0.17528549099919521,0.2788967369461986,0.0070623289828066135,0.32277542392957337,0.771016333480786,0.8689838646148017,1.0326395194691333
-0.49007501868710923,-0.5551486284462854,-0.8702214105073991,-1.5485277169802616,-1.3714508400311265,-1.7846550351825108,-0.5851685007334323,-0.36465152773831194,-0.4491565564376419,-0.7083911673550102,-0.5715546744843263,-0.6510220653201666,-0.633176102037104,-0.10915353784016263,0.11223164921772928,0.6598754631511815,0.19525156305451438,1.1829609824098402,1.0595364453584348,0.561961047288889,1.0796253237770435,0.9586442886696069,0.795757911902273,0.08333871551148274,-0.5058385178602671,-1.0102004175484158,-0.7949118681205798,-0.21628858332626202,-0.6161511759924808,0.05200204992762162,-0.16106968101798727,0.1732394860011835,0.2913409670658868,0.39975804196961345,0.8305781348912266,0.9168259225257025,1.7141662728395863,1.8167552855408498,1.9374792513856174,1.2919473738870837,1.8479125649276538,2.2620302597605586,1.7118097449354794,1.6439362106720259,0.93129263006532,1.0687179970004914,0.6114876566419841,0.7967947325285657,0.9400363742628502,0.11522277645644907
-0.5491656631915343,-0.8329958867563426,-0.23823427898656324,-0.2590155438347242,-0.48280099048443553,-0.6403943757289747,-0.7196241552138374,-0.7762276285846679,-1.354836812351917,-2.0922741801810045,-2.0456160398542846,-1.2040994452996814,-0.8338803930772446,-0.88125988870471,-0.8004180022187555,-0.9232257619058475,-0.7907953481380778,-0.7522073389649002,-0.46676917688585157,-0.027137848263572267,0.5713920668226106,0.3556225933537941,0.03463462625278717,0.5388822470656871,-0.07736940915105146,-0.7104192118078058,-0.26036311464221334,-0.31747375363272806,-0.09962957811273469,0.3324678636130888,0.8205733957571609,0.9910522616312596,0.7453145822114747,1.2261732641486909,0.4450611494940546,0.053311831778724825,-0.032001769088719434,-0.03422589535159934,-0.030656605513340568,0.8668771221118229,0.8919655362544948,0.4254726404856669,0.8434138318350427,0.8959718709420469,0.037008212107202544,-0.02560710468552264,-0.4438155048644674,-0.4302498000391124,0.04517359782242935,-0.8392391835931727
-0.7463968552948111,-0.49746213992621136,-0.26825134175916715,0.026214768880186652,-0.6628435657572698,-0.0729977853370512,-0.14822707778488284,0.6625860975404687,1.1101166197235548,0.6211389605531221,0.8297179572033019,0.09396982511219898,0.61213934592606,0.7513144570621836,1.2493484248799842,1.1792585874321746,0.5360062577911128,0.24530012103188192,0.25447644365131283,0.7763941629582216,1.1106655324525552,1.0230969671248349,0.7781124754980792,0.683088833814455,0.7959140595292364,0.5176273767679006,0.6685953349999015,0.7014004683202161,0.2854861613783308,-0.31288094070156564,-0.4231668005864567,-0.460589406137312,-0.5798218376932947,-0.49464885159869193,-0.2651706772746804,-0.3021983331794582,-0.18102087927942803,-0.4256301321972726,-0.34251484329106685,0.12291845801503583,0.47687919607017976,-0.7306899195307685,-0.6855994005930036,-0.04557192132504385,-0.23248767217182464,-0.5913016956972452,-0.8135170397185695,-0.9782878059494722,-0.39247613112363494,-0.40519795300637446
0.7730741447512831,0.3444252899145511,0.8687054042621469,0.6483582193703781,0.8456587611120643,0.35984733876167313,0.356604652550779,-0.40625182237956337,-0.12550603762882115,-0.011248576932093714,0.42757791873484885,-0.051532848049599296,-0.01678765050264299,-0.37469521923968274,-0.5860710043796513,-1.004958524174983,-1.2821204272150697,-0.578536332778893,-0.6577669408932143,-0.7865885119635101,-1.688892069073333,-1.463571673631225,-1.3450703744613755,-0.7690614870038913,-1.0902787617602367,-0.4189268793161525,-1.305376218344932,-1.3580180966859434,-1.0721052127682722,-0.43482261705555336,-0.1147228117789006,-0.10571326449435008,-0.3058551007775484,-0.873894071757158,-0.7905966779078898,-0.24433525688790514,-0.5719896338326167,-0.13870580773156058,0.01658420299561742,0.39520389863804045,0.866122192650541,0.8673428686129965,0.9943675768640158,1.3158815779355841,1.5394961070084907,1.4601914150294064,1.1816042760654883,0.5735834661904783,0.6774719458928643,0.31620504210549266
-0.8159043458545564,-1.182940681640699,-1.2898022048793025,-0.2238955791375406,-0.2079891433642138,-0.42074296179912696,-0.464877304368325,-0.05452267654170464,0.7594214653987267,1.3840772381921493,1.0562992009105736,-0.12476354216835746,-0.48020870526138865,-0.3970595318007726,-0.302423637177444,-0.2960608996199086,-0.021806039200792562,0.03152270463730144,-0.6186332183355805,-0.9608516270876126,-1.6673629047874765,-1.5512482859046919,-1.3520125691878213,-1.276557794338105,-1.630823175794507,-1.0943346506666685,-1.0114479609712095,-0.5642794838499064,-1.1244263611535483,-1.7147438348700492,-1.591993167528142,-1.7063410842941362,-1.2595578224837891,-1.622857375569804,-1.3163477957325145,-0.9040360498391057,-0.42554452970938744,-1.0063619802722237,-0.5730958097001335,-0.8593462394337663,-1.0196851547810375,-0.9760070625981406,-1.1255153699679497,-0.9466658936536948,-1.170815205557334,-0.7605184505797439,-0.8163138563367853,-0.6123375360640382,-0.6632958682555176,-0.8135437203543774
-0.8034737757582584,-0.7210567651104115,-0.5668012299307789,-0.6209908266103391,-0.9360813897409783,-1.0840222370758035,-1.0311782966688121,-1.4761029512172887,-1.6298273675540806,-1.6977184171210349,-1.7104960696931273,-1.7127370300494484,-1.4240045392839253,-0.9454714346939832,-0.6469609918639315,-0.18683500568955236,0.3040807097334849,0.5566630627699481,0.9590970888881779,0.502056865928892,0.2514456520704909,0.44508416681672813,0.3441834214632605,0.24300131912646053,0.6656930248564908,0.7762608029798811,0.29276552019733515,-0.17067668751670453,-0.9204422992946127,-0.4988456239826432,-0.6551234072426562,-0.7867436287045005,-0.9934723563782087,-0.9160685693232917,0.12591235083847213,-0.3671071334509681,-0.8629720180611153,-0.7196894710518601,-0.8392134163396018,-1.5020334568906748,-1.385354559948955,-1.1330244864076957,-0.5893099310394618,-0.7216121272459861,-0.18057546070063105,-0.32845899013495317,-0.4251879277281951,-0.3395703251735082,0.13562604535147854,-0.08420464487754098
-0.9254106893368673,-0.3496294318255213,-0.6456269481641406,-0.3500292599786868,-0.14567848249186544,-0.03643057468039593,-0.9525414809744732,-1.0580375628641852,-0.8493811765765164,-1.027355418386716,-0.9874645522173338,-1.114523581209351,-1.1402983725555247,-1.7979174117751844,-1.3789604893485468,-1.1956980542167575,-0.6413224588623482,-0.6843269037299433,-0.016587569133534655,0.28444075426613363,-0.20151588995836808,-0.5466418784165612,-1.3746977072521405,-1.179528307844891,-0.5378339738022848,0.40618792855123825,0.7025353532100937,0.642912821216857,1.4006494765647124,1.4558177239709378,1.2089387938268372,1.7704714214466597,1.607603456568723,1.3284190911661562,1.6311636336973487,1.5323545095203386,1.1883392323870243,0.7697934070783419,1.2616232754007142,0.5063599595790433,1.3599563471773433,0.7437082338041121,0.2135999453998484,0.6899669764611228,0.9485115343994566,1.0873061309731744,1.8525102836618472,2.177591627303093,1.781193242946094,1.7337701608671243
1.2742484255732638,0.9570131833766721,0.7596121458286228,0.5297237047642711,0.5818990694757358,1.5253810930162612,1.1530956483728705,0.8078055555327328,0.2750210545581499,0.004058770134004007,0.799529229887209,-0.400195958544442,-0.81886159903383,-0.8916590933001938,-0.9950960722663809,-0.21885805932651584,-0.3583777043301308,-0.4003115523956227,-0.15020571354735351,0.44738687529724036,0.212930655497264,0.38524065537068924,0.4962195809176349,0.22472979845701638,-0.4104820252415068,-0.6763779929643998,-0.34665668335787764,-0.8385765058034398,-1.1274189911011756,-0.37633571713913044,-0.6354195903670437,-0.947868121916318,-0.5270359904491974,-0.8878919998778624,-1.1451892284984413,-0.9205364353667116,-0.5721830263001064,-0.26420870597353374,-0.30278053136211114,0.7525509032868496,-0.039131802006679504,-0.5399230906638816,-0.12687691624817124,0.3724151192327775,1.2179180351279886,1.4723232809720188,1.8004398143022917,2.0607228286858716,1.566687764180334,1.532764637099152
-0.8713431579823855,-1.1466368638124504,-1.6493740428786279,-1.201684583829778,-1.4383520960583482,-1.5732540529292849,-0.9799196225334532,-0.8293289774498683,-0.6471204411531214,-1.0364285290884236,-1.1547750966291874,-0.8190943953122889,-1.1225603965085844,-1.505386945425723,-1.4262590468131053,-1.3565034905553588,-1.5330188111258458,-1.6933057212940594,-1.0551981190710054,-1.3483716858528312,-1.0840852574744808,-1.0752669189609836,-1.3147733723196873,-0.8119219950818303,-0.2267422148244076,0.6619806798786971,-0.23338359553450366,0.4049426976846265,0.3718767529330315,0.018657199211120894,0.22285823284241202,0.4218240099423428,-0.08502095217303247,-0.0319333428171484,-0.19817173616478925,-0.1977355822332929,-0.7199460614012286,-0.6486151328834969,-0.6623605511022664,-0.910230308979646,-0.383013559133558,-0.40765660560089084,-0.4394807841496785,-0.20503129899029718,-0.17755265827862635,0.06512322189282782,0.08299917037396848,0.4415342474968779,0.5276473362361614,0.7662344163828576
-0.7813470978294169,-0.5183055380721137,-1.3971770428388532,-1.122858000953023,-1.3901721036036236,-1.2775203427848447,-0.5791039559671548,-0.4884426685206446,-0.2181506123835142,-0.023317455644340228,0.02174789065714152,-0.11939833533840821,0.2547911356976401,0.37518155933024755,0.5528765285975799,0.21255700097903785,-0.04621563423074358,-0.6655954996455656,-0.8894072306035018,-1.0939161698098265,-1.3045150784362196,-0.2793025438407005,0.30325515542474196,0.5200653097500831,0.20124997318543753,-0.2395332078064641,-0.7798953236379946,-1.0383008224270585,-1.5926513070964339,-1.4610981782553392,-1.7503856753804339,-1.265091887572181,-1.4442491557076036,-1.325230635296846,-0.6813974758548371,-0.3950501551926064,0.27535435093087746,1.0303749834163718,0.6441861281636635,1.0374342580509512,0.6630093888919797,1.1081519708301393,1.3837980696233203,1.4533443248946993,0.9065801983593298,1.0454478637972222,1.011694193798642,0.710506961558857,0.350096468315386,0.4436775668616389
-0.49160845445851614,-0.38041870300628206,-0.5845464210472215,-0.17116503244946468,-0.40553060622980375,-0.11908386598824626,0.07301764045443014,-0.09069867439487728,-0.11387093951123387,0.015195545032030494,0.1621907219598995,0.6948670249100549,0.8210054094826242,1.0400255925200004,1.1234127839480073,1.7144625501421527,2.28594538781246,2.2998386929021484,1.6165207278184255,1.6096581194805553,1.2616341495906325,0.9162885729216212,0.4237749463903779,0.5183523574607698,0.35042322095912415,-0.27816228989327557,-0.15849373414152781,-0.06797908159833932,0.003478963967305778,-0.12893287877784795,-0.4289560992011064,-1.1579066074644269,-1.3437831548777812,-1.1032623152290832,-1.6128117361143441,-0.855007155596746,-0.927326128695531,-0.41693735659966236,-0.5806176493813213,-0.3334848585174498,-0.0995646929099112,-0.0456051753876426,-0.5995002300853857,-0.8999148169695236,-0.24665416977671584,-0.29660210009752,-0.5657036759214752,-0.392543509679796,-0.07635906309269684,-0.05860653804526019
-0.7306179852055308,-0.6114602152365348,-0.9311237148657725,-1.1948720953005465,-0.9447445208016665,-0.5488014049880411,-0.8187685114539934,-1.3658357478509984,-1.0256060109996594,-1.072177881508733,-0.6247971557498958,-1.0013257722472195,-1.6686902084559887,-1.8806823113325934,-1.7788809825966034,-2.5303223902882643,-2.402832735926825,-2.3270909227710916,-2.444634382722902,-2.4872467232682225,-2.7055540819646247,-2.608778028202041,-2.5350845517898026,-2.4869173969384177,-1.5967599722501107,-0.6760937277647004,-0.9513870740453758,-0.3929833411756196,-0.34254907485083014,-1.0936257375944554,-1.1292353745384869,-1.1369474783632862,-0.44499886159569807,-0.7158981855876264,-0.9192290343774326,-1.6581475163938817,-1.772470952076722,-1.7770918287950639,-1.5834836684563578,-1.6304574262859963,-2.0577964983836736,-1.53733713802322,-0.9028564081879891,-1.2836423840344569,-1.111405831108206,-0.8284277482667746,-0.3957787433813511,-0.10579710501931881,0.27025039849511845,-0.39738455856901184
-0.3958040992655165,-0.2634852871213889,-0.45319756656531773,-0.6791433139692226,-0.17253102552202398,0.07581123328086875,0.22490977513242844,-0.054020755170719525,0.07172537105231194,-0.1255081988282803,0.13165061291969585,0.13970771302916438,-0.3330335963429603,0.4950399042153632,0.49784225780727,0.1388916235449066,-0.4687087926221992,-0.1932796503357404,-0.18580995334896003,-0.7483746402333,-0.2341874527793198,-0.4900892125902415,-0.4212800361099679,-0.765490390669306,-0.7087602332888127,-0.9462870314361103,-0.6588606832185813,0.08489870948768738,-0.38619028336249145,-0.25922660233848877,-0.7143710614119503,-1.075935806412049,-1.5002518878891413,-2.1235932612103454,-1.7658842042332792,-1.2255548371867728,-0.6235087193905446,-1.3672114770497974,-1.2161919551996478,-0.9287808294715785,-1.1523250026405785,-1.3827850499915935,-1.1294304044147747,-1.0601166854405533,-0.8775445893529537,-1.1993270601425068,-1.6695011562417443,-1.4010394421834247,-1.8609590888113576,-1.8497157810506348
-0.2096302210044214,0.11924105577237747,-0.2662451947478956,-0.05477085011494888,0.09069244775963062,-0.32385648780611154,-0.268212744310273,0.053933321781988744,0.4279057616303283,0.0845225512160612,-0.12478947511402927,0.43638421420957424,0.32917892211340505,0.440472767009599,0.3432698122816929,-0.4624735644347035,-0.9204955443526093,-0.43127325689411217,-0.678304539094955,-1.0859320184053443,-0.9310555421341076,-0.18981905644684677,-0.1204039603427073,-0.4537348312180382,-0.539615022937511,-0.27010062182243055,-0.13669270584432472,-0.6130438097379014,0.09149871842487672,0.4381086220520952,0.6784072024438697,0.6042520327442409,-0.08155575134022218,0.41383730662411444,-0.8919423052848343,-0.9150049791487992,-1.5089646737812223,-1.3112600319554275,-1.0825899461058104,-1.1604718769444367,-1.6559362436144722,-0.994596032009054,-1.0884559738734958,-2.008899101840912,-2.2249117198372943,-2.1600047736665595,-2.521150746372285,-2.033720359958713,-2.2483226104375933,-2.4054998890965247
1.6677266710831105,1.3602672601344565,1.3812563271266907,1.1728544522907216,1.7827593875165673,1.983632058991357,1.957322484614503,2.3400806226388973,2.2910576949296733,2.002249471667132,2.378606540871432,1.8505077889697106,1.4029639611395144,1.2064307668375036,0.7115743908330827,0.7118605426841795,0.818192580334643,0.7141660945358793,0.47050549692803173,-0.0115590184731558,0.23841714496797872,0.05034142563432354,0.4380828402587181,0.37438583476703746,0.6737669634571956,1.0072002604263226,1.1512313973425468,0.8096624072719161,0.7997861606273026,1.2734100151295649,1.1330424539678854,0.6895938903027823,0.7312238185189123,1.3821526226951741,1.394569806047229,1.7749744427259766,1.1837717490528414,0.3319384473963881,0.9801178324165231,0.43699870564187326,0.5720389236903513,0.6382467092210219,0.29707698295112456,0.5191703548062162,0.1472611914581092,-0.43031320919246274,0.09155896694309552,-0.14832681987995214,0.6832320029179446,0.805841594217833
-1.5822902217060661,-1.9064976621472005,-1.6201753929932745,-1.3378223415185244,-0.3587379713113174,0.4130752300404507,0.9511795950217118,0.9205684074357022,0.9381072914714765,1.2842218339171274,1.0983038289319547,0.4752656544863878,0.4981576339454553,0.48156769281693423,0.6874266061865226,1.0317377270224208,0.8713212081193498,1.6601871792815945,1.7161783775447332,1.1779572518788584,2.167893729051747,1.5369175096021854,0.8345651388634406,1.0111340225173624,1.2122896501404008,1.2052961940102758,0.9027468109691701,0.43459700726304723,-0.06686034561702336,-0.7440286412590152,-0.7460338169446689,-0.5410949476657053,-0.3065871258071826,-0.5758304556417486,-0.17737961761574317,0.3715083311584744,-0.10710084962061758,-0.4062278678956941,0.24432875685910385,-0.10257581059781673,0.3185015271075652,0.5014897857131508,0.506748786705578,0.18794912500032332,0.4722026682419524,0.29943237156390806,0.16378694151335293,1.4486883754078672,1.7963781312681613,1.8374951799404775
-0.4775157925672408,-0.34436336893652675,-0.011100297008994061,0.21382731555056594,-0.3555783960860766,-0.6155505127198938,-0.5782111296964465,-0.8902688420849599,0.05521742684493755,0.3597909067529492,-0.13803858194583318,-0.5466912957815963,-0.17748731656848798,0.16966965244952423,-0.2504754707571966,0.2434044875558881,0.3582349976788651,1.0606673322932207,1.4420220451822212,1.2762520204382828,1.1931868629531066,0.7391238599517898,1.1670468947171735,1.8314593880062544,1.2469431769849892,1.2417252199715703,1.6326866204126083,1.17415970721108,1.2856921568415374,1.661764032423975,1.5650296293040151,1.522131031101982,0.4745112576450987,0.4206395028738346,-0.11004261256708445,0.15159538532430716,0.1350415512814116,0.7724640380712675,0.6473365089478872,0.8717549390692448,1.118370744510859,0.8665397698554408,0.5958892429820775,0.9233018952419291,-0.046284322314294024,-0.5598631552431321,-0.3286434070549737,-0.21692294844203677,-0.015973101490096227,-0.16204574432490698
-1.0887501444987862,-0.6654219857913292,-1.072954660663535,-0.9308145013204897,0.06449361188519719,0.5514547780381955,0.7487974780584493,-0.13421611510045814,-0.16374270781824513,-0.5121442439343378,-0.6436297142301639,-0.40905522785599874,-0.3895555992148417,-0.48194712683399227,0.29067155132600897,0.7462022137980479,0.34236766637432914,0.09282006531793126,0.6683113090241017,0.8653978095338456,0.7020055587676296,0.650782506371453,0.2202857871991911,-0.22915157615549805,-0.34978021409809745,-0.5567402900571384,-0.9127046243274392,-0.9641123756241186,-1.1551475178708819,-0.8589212406276946,-1.1232931635754824,-1.1151480597113466,-0.8718141677597273,-1.3021834997215087,-1.170361621364158,-1.1321106723080958,-0.851936168725399,-0.8276524516322358,-0.9812063025287312,-1.0694126778767632,-1.275752206028995,-1.7905691288477255,-2.5753952584597797,-2.3178363090356675,-2.0220396161644354,-2.0296820941671627,-2.1320589370408753,-1.5822256537320603,-1.3473209973977143,-2.0563694632240015
0.6822857519223248,0.48842062166009115,0.11114772989455807,-0.09362792195127322,-0.13481115229725094,-0.1256775262325719,0.19192224233428143,0.2549829943600781,-0.26913398806548,-0.7622183696643123,-2.1726742371284073,-2.4568565342812314,-2.344681199491085,-2.004622949936755,-1.7512374166525009,-1.1998415972525733,-0.6657299155016885,-0.5454903166862696,0.002168786750188659,0.47142676675532424,0.5475804708209204,-0.03613512392036159,0.03501652019709607,0.3920981828715145,0.1724056326011988,-0.42279916873602863,-0.581673087755117,-1.3487599075133128,-0.8354638708498264,-1.126360264311919,-1.6168865416413996,-1.9828042144910931,-2.6808957413183503,-2.6518954228338436,-1.800173533497376,-1.8785822028331944,-1.6031876353298702,-1.8450062361132757,-1.2610595655416232,-1.5829412614818659,-1.504739639524184,-1.7373415216977643,-2.087095220047616,-2.007520411886913,-2.1335757942436087,-2.4759169530248006,-2.158802624817702,-2.5600760849030495,-2.942247160206808,-2.7165177508170104
-0.12601496966598258,-0.17061387387614135,-0.654102927398249,-0.4387874741606604,-0.33573487899373833,0.06991568492844032,-0.17289773020354773,0.564030299186431,0.9101473823271593,0.3620151319866384,0.6720565038522741,0.6706245322052188,0.29308965083157695,0.3856352926752274,0.2582460211558099,0.22981022228186845,-0.30436341683397344,-0.7415419193648485,-0.45373623457884177,0.18694549735129504,-0.16983943040899288,0.13286531748604694,-0.5458468087860111,-0.569305313236833,-0.574238371522732,-0.22022387693459305,0.03302152056011822,-0.3239154861781307,-0.1346008031015784,-0.10805401169347922,0.22942546342595077,0.5162643431781941,-0.20832487596220278,-0.505466416349872,-0.050870848754198686,-0.41505593528378437,-0.4966849539117028,-0.2194339568112444,-0.6024348649125747,-0.2022523343295253,-0.6797654730792504,-0.795871754932735,-1.2521630163711774,-1.0967614700202175,-0.5869517045345664,-0.49526209489961215,-0.5296005215606439,-1.2862633617144679,-1.3687963975862993,-0.9427020568327505
-1.6090604225659384,-1.967509698717841,-1.4192787153029711,-1.6746972322125457,-1.667042007934284,-1.4161762496348784,-1.676296945260865,-1.6607232411888022,-1.2659359992178119,-1.5359439087783173,-1.8126094679914952,-1.6359445490980629,-1.5101992242234292,-1.6226072367050555,-1.2313859641522382,-1.135821061357661,-1.2648486138248574,-0.9762793977937053,-1.2870460895029805,-0.7605869462197674,-1.2276013001409727,-0.8487263926004707,-1.006314567954845,-1.2234038591588923,-0.4525334662939999,-0.14557399444488556,0.31965725809740725,0.23506406624023327,-0.21955565507732713,-0.6880089717049445,-0.09575928438864137,0.2987939066270466,0.7316364833849202,0.9828286703364612,1.1416344896745159,1.2422729378021355,1.2330181987134754,0.8488348912422645,1.1823935214949033,1.7655962541285906,1.4102738577473737,1.2415520745745294,1.0022220955020662,1.575764977277399,1.3881402111261316,1.0683192884281287,1.0569828819662028,0.3756479419862499,0.9233914764428485,1.4322764752977155
0.7192092866868643,0.11608474118540768,0.6300618860504247,1.0852169481456362,1.4545803998087226,0.4465006317439196,1.0019054672935621,0.919023443522122,0.4017863686263422,0.5411219031377368,0.12891551895643594,0.02961664050340919,0.29770478403127676,0.48762060679579816,0.059943564202867616,0.14088057756204111,-0.1886428848914213,0.1726982582572861,0.7479916381434085,0.7282107658003408,0.7517089874792565,0.7478902747659637,0.7526163670854209,1.0413772417145557,0.35438061549565125,0.014210046442323218,-0.5013523009004358,-0.6457094355200953,-0.9515750590081045,-0.7455612586561537,-0.38331948189496057,-0.4424926254826419,-0.3830003733254329,-0.3315779250731657,-0.5869888294179002,-0.7993202484678475,-0.8770433307913048,-0.9282390034124829,-0.7593676335196864,-0.8887439801796253,-0.7374967196742552,-0.9992469772396778,-0.8906716189450311,-0.4536099483575104,-0.4467116114938179,-0.22736351115670617,-0.41849691103564035,-0.5855475849471176,0.4080052485536045,0.5735004406361691
-0.2433332066953185,-0.1299029056284194,-0.017888780516028067,0.08390759461488825,-0.2700133892794445,-0.12434553213122625,-0.36057741086928774,0.0021999285071721097,0.04798331204432393,-0.2213972195516548,-0.859021149398162,-0.6819211874450525,-0.4418306237262618,-0.6027168101826318,-0.1865473782450664,-0.7651867256171548,-0.5615900192432005,-0.35515256349037694,-0.41234991841137064,-0.9011709746871271,-1.4270038589573133,-1.119126691305465,-0.9274378478540796,-1.087484962878951,-0.5942664400616382,-0.4157508579810562,-0.31784972685019464,-0.04983028639032069,0.3646913685151828,0.4240590607511082,0.014050819859416924,0.660663168623463,0.7424723695162397,0.9843284301493015,1.4970160198339617,1.710735592292353,1.6440102420194855,1.4653027144602038,1.7233971020398842,1.3501750081025525,1.459235935208416,1.499623785073734,1.7479122859745448,1.9041181575747081,2.382182545531477,2.543292568466385,2.382145455978773,2.2523236354465532,1.9055740686026894,1.4052176043362492
1.0534376178808125,1.4826260141884129,1.4434853985626348,1.4272821883038016,0.6464283782907475,0.5715829851003208,0.6541663533964619,0.5316505426461134,0.7218533635589998,0.31734093865918506,0.00019890520939217597,-0.00461432742524074,0.004682095065006797,0.4560182325272891,0.519950738463451,0.3102842170622405,0.29306409677094913,0.8439782835128367,1.753509653786635,1.9039237857560805,1.5265803735761192,1.6846710640231333,1.732269019257393,1.665784189123039,1.4573697655019393,1.2756205686665802,1.1264395686309128,0.9413278277681291,0.4342016055687003,0.1754310252511066,0.4830282418788622,0.7521954387320753,0.7559413098949088,-0.16611897720751032,0.02206009857154056,0.07638315828385651,-0.011335702516363694,-0.37680446518889377,-0.42077392676499614,-0.760339834348333,-0.8442981237093755,-1.288115975088785,-0.8633880141832129,-0.37605200563200664,0.11432861712156099,0.20161098936409552,0.023420714994836035,-0.18963715987346932,-0.5604960396991381,-0.3790508504205652
-1.048035705108874,-1.4554873691071273,-1.730376804312322,-2.0947713890358406,-1.8969571302904733,-1.272095730260951,-1.684521750624063,-1.615524954181276,-1.532500216818362,-1.733655334186522,-0.8672894273667002,-0.9578109639759157,-1.3427257237713282,-0.7096845423960745,-0.594527855893553,-0.6399635928834432,-0.5116209562885607,0.05414667283765212,-0.5111125915495948,-0.44404047118559137,-0.6084184013242735,-0.7130005121884859,-0.48320223744263774,-0.6232544916551905,-0.17571228207090372,0.2065748289871434,-0.4846678714998672,-0.4833252227481027,-0.3443661983139025,-1.0553168056907865,-0.8062014447149016,-0.6276467591949756,0.025542080586080665,-0.1992934192751192,-0.4984719563618526,-0.42055583785488065,-0.6236319866084599,-0.04984593526642641,-0.0729397515432561,0.06983292550487664,-0.33604239335767827,0.0504782431228326,0.03341950863563103,-0.3157649971105289,-0.34170907239961124,0.4456801436896611,0.6791383929194951,0.7907674807613025,0.8458095205716462,0.373355850657296
0.549472712907673,0.363230442239129,0.1870619507700488,0.49361024157250777,0.5010696284002013,0.32070321661476264,-0.17902784181692655,-0.533434908317382,-1.3004192614551033,-0.5278512976950241,-0.9193322458520721,-0.6383810465277416,-0.7130061874057685,-1.5137410816897228,-1.7455224261376,-1.473611108470368,-1.5869263617001026,-1.03680155146547,-1.6774892987122323,-1.599321059437753,-1.58613417238569,-2.0140852895563817,-1.8293025324759118,-1.771104227444635,-1.180974957381604,-1.3071088485204665,-1.401974931401671,-1.4360218680159642,-1.05400502460107,-0.29257243833525975,-0.5977302624792895,-0.4163992698241001,-0.5099002226946266,-1.0018518442919988,-1.413662814738262,-1.3894641098864735,-1.6893377363262774,-1.6172955606797463,-1.64251817934729,-1.9170226183442363,-1.6427645931414532,-1.9356326648076199,-1.9627076867193598,-1.5757661475073805,-1.6255773852733824,-1.004142874204936,-1.1674164956143138,-1.160544108624976,-1.3522858393813255,-1.313020223029093
-0.4534783439657758,-0.15042416671543501,0.20961646830791808,0.23008218156309287,0.6863020544325825,0.4576729324927373,0.36398456205606416,0.34135195842991467,-0.09337006315689401,0.2730625783964716,0.29496654419710394,0.17134278237432923,0.33824678278220177,-0.04688896175471954,0.017742430731477143,0.10140971483998264,0.1416626185528898,-0.3697402109056926,-0.061990889266322305,-0.6337292512991214,-0.6613072879955142,-0.8253921992329506,-1.0364446063007773,-0.7717961130781917,-0.494869274907519,-0.8496653842602085,-0.8831218719012272,-0.663417346586937,-1.011242386476307,-0.668228897989235,-0.4696191507248382,-0.43053148733228896,-0.27708699408974513,-0.4391115287678374,-0.4881954693937562,0.053733230540562234,-0.42134393880246657,-0.7986740825525926,-1.4657999948927454,-1.3692875629448156,-1.5121608592760472,-1.7483118923835326,-1.800003445626523,-1.790190347355452,-2.0066962607445302,-1.4778146459137373,-1.2027553055622116,-0.9431001424932557,-1.3559227150845734,-1.74484559726396
0.07219413355393148,0.31378063826075103,1.0797597990715253,1.358835910384228,1.4969993876960446,1.2458770198434277,0.9202578108761659,1.0168188159471099,1.8251440682345448,1.2719001140222026,0.47967783130726616,0.3521411372266925,-0.2412739115541969,0.10277673199006918,0.3724840289248171,1.447490151674014,1.6524254829398592,1.3607184737430755,0.8377798067965917,0.7621516634881599,0.6197318273536953,0.6583161327603826,0.5342363873449817,0.5854561169633555,0.011334961194460627,0.16412992355099504,-0.2389133256185448,-0.11079252220891672,-0.9260169563081069,-0.390109133506696,0.0810598756916764,-0.06676857410499765,-0.18872111970203623,-0.5781320783903208,-0.3744403406490821,-0.7323363286844418,-0.7319931158856926,-0.8220991093517128,-1.4153781800760121,-1.2412727704781268,-1.4823183621737925,-1.0967307821052268,-0.9079803986838515,-0.7044155147113145,0.04279404935614108,0.10676602635877523,-0.297039428045403,-0.7298020191737917,-0.8036233111655441,-0.6870914154002764
0.5363856906043745,1.1846137769447953,1.2487699471264484,1.5651294377656955,1.7896886439951827,1.3171416055500178,1.6153543331027398,1.3433351585548488,0.7045892765339733,0.09050913490064989,0.8243241046064905,0.7712273970909981,0.44854286265211596,0.6186359543432626,0.8934325418761383,0.9609979155406104,1.563063020730365,1.3293515636637812,1.731177898013137,1.969048078388111,2.187252706552686,1.9129318389850227,2.086958832958097,2.286004126976539,2.427727318202241,1.4072694609508465,1.4448621884514483,1.384782231876105,0.7796448873613512,1.1105315459360294,1.624409575637644,1.5792643742097947,1.5644532043787203,1.2638420831389303,1.9092553555203509,2.072973599956089,1.930691126590779,1.3013534495518642,0.9751084344056212,1.256522272650086,1.4449226314751853,0.9552048802279216,0.6535058839998011,0.7424412142269777,0.6489150153563196,0.17757719546436018,0.24124413364603514,0.025062951059470474,-0.016695971230290547,-0.07599660882985532
0.20312835196660722,0.6260709342229569,-0.053857557402224365,-0.052302501771044674,-0.5077886967971456,-1.1030419501459785,-1.2014783596148277,-1.2238926392773586,-1.1427241008612938,-0.6276647340295324,-0.7927237000243605,-0.7205692502970343,-0.23421240378011707,0.07792588625498745,0.5172950833344612,0.7357560697859196,0.42253712065815185,0.6287879577249292,0.5969515098540104,0.7035873258307911,0.5506906254577174,0.41598833569306076,0.1159402773407517,0.1806867660615023,1.0408407436019962,1.791932684562948,1.9613554430133044,1.4146874817097872,1.099511982714484,0.8930050825744587,0.77853097060277,0.3244923083612472,0.35537930436990495,0.3980805036974834,0.557358903167397,0.626974349164332,0.27077737872107766,0.6381578314808365,-0.2159076011136544,0.04661279760428496,0.11177710456670763,-0.23343199651349195,0.19823268918337947,0.06153269963879469,1.2388927901271682,0.9022933415922901,1.1732816457508783,1.0226843577671825,0.7015144034387949,0.28710161200668266
0.24382930709460696,0.963151064656741,0.4397912356462716,0.6022431714798626,0.2143150835579151,0.10941676141974216,-0.3879352626506746,-0.05406252447047631,0.42842964994760524,0.7318047711491568,1.073888554946444,1.0287078041687132,1.2107235569176114,1.4608341938143523,1.2792081863992477,1.7371460731604436,1.713701316222681,1.1418469425580873,1.6761524344113088,2.250456599819137,2.4323929143714773,2.2693140810762507,2.287218115661751,2.713487983968878,2.3986625650190145,2.111587837632754,1.7663557273698205,1.7600298013961404,1.4567740964097264,1.099906408695643,0.8705772429312404,0.5926967780713243,0.016510981890671784,-0.005788468039983139,-0.16012811603226706,-0.12484926801573305,0.1734642938197464,0.04106302481302517,0.6114195821219325,0.7370798651915308,0.7258930082480991,1.4166529256956257,1.4000803835648412,1.610804166827842,1.9779580032308741,1.9658696320149167,1.821280725644896,1.8564994037668676,1.7320582654400316,1.0724546897160352
0.024711824014394576,0.20117232792105325,0.006952189947640181,0.267737159275872,0.3806759477765554,0.17349698629280874,0.8234557129329938,0.6911307796941754,0.9840394797708181,1.0260919379501487,1.2885707138291538,0.91121208798482,0.5443301706692542,0.4439576405536017,0.35860825535018925,0.5630364462153629,0.4155157364440736,-0.4755710522317832,-0.3880844981026822,0.36683957174927007,0.3073715605150483,0.47394458947261203,1.046488691386943,1.619475742977715,1.2100046857523339,1.0472338402696542,1.2385255641284982,0.7364221839392913,1.3260965164238525,1.3097424763951067,1.2625069326024714,1.145999033681514,1.299059598235284,0.99647996450526,1.1256680574267932,0.9294009465135741,0.6684829791964831,0.746282176542673,-0.027842636719754465,-0.02155613970780306,-0.3140912557036845,-0.8103428639137393,-1.0492866091940474,-0.6002152099745436,-1.22031852789714,-1.6726973912017022,-1.7369824494683879,-1.4145440702444667,-1.625845365470788,-1.6217662058889217
0.4755148791421479,-0.07801724808873346,-0.21868460978525317,-1.2458718223877776,-0.9195829229111652,-0.7878076582444107,-0.8218515500924691,-0.14068308668085003,-0.4561893441830015,-0.3016146410149386,-0.7204578169853253,-0.45224743320228994,-0.26949255133851086,-1.1620691048162055,-1.8858090990395033,-2.1283641179536397,-1.5719268657543497,-1.0315310512801565,-0.5672984997831753,-1.038945503942211,-1.0225034747593527,-1.8893560084015568,-0.9925791832983736,-1.210687837955527,-1.5231116109991454,-0.9161823847724504,-0.4803312235851468,-0.8749823218507169,-0.6580843075002589,-0.3978284733421503,-0.32101995404980976,-1.0014835878676338,-0.7660871655437973,-1.2573216470120598,-1.1428114926196555,-0.707402790497881,-0.9453000314775213,-1.6556901298113451,-1.4928941545603267,-0.9956943373649695,-0.8699442683958092,-0.8350191242215897,-1.041529925453205,-1.3232842561627796,-1.0525978881154412,-0.920796205663623,-1.1667569042622414,-0.4595944232034373,-0.09603163125467161,-0.0004003385782150781
1.996952633641789,1.792769496286799,1.4592569935428314,1.5350382344385485,1.4994948128085381,1.8583919425535336,1.2932282318529922,1.4352762809370532,1.9466648164256497,1.06479675264116,0.9782256382186565,0.8354754300265512,0.7378541564687625,0.5509871406198706,0.4499495877402503,0.2954300536499209,0.029756849527062815,0.35564825338303135,0.3617044993469162,0.2520852104310591,0.22548679225325455,0.44331391963681344,0.284259966492379,-0.016597190719067085,-0.5523550991293685,-0.869887027771578,-0.7830721526233758,-0.7963303131444663,-0.5441843205901475,-0.3528697146682582,-0.6524558718107023,-0.8855874553054729,-0.17278719750579538,0.01633230347043455,-0.021524916907813083,-0.41882170706823385,-0.15924536360143435,-0.18915275198331494,-0.5103896790256042,-0.9085034406023605,-0.31793518235422297,-0.2590106415723353,-0.3256667778434792,-0.1841309448302218,0.04296934848897967,-0.3681328741601448,-0.601017064254598,-0.3230286831017157,-0.267231010228412,-0.10908292710591581
-1.328704358204671,-1.3060744696675963,-1.2049214089293971,-1.338980126060214,-1.3893221645397578,-1.5603566704087897,-1.1259846092314791,-1.468921832441878,-0.5955613922284079,-0.8310184549473145,-0.6645685988796541,-0.4942157820795422,-0.6366581411357187,-1.0864152541574466,-1.237524746907382,-1.0063748137968376,-0.5372112835705027,-0.4725675086906961,-0.033037302751670224,-0.29993799214038436,0.05989886824574128,0.35848073392054935,0.24984565198865807,0.36290678129090254,0.6178655741737096,0.3780007997411642,0.9260727049855368,1.2220930951356261,0.6608247702777222,0.10244425129536812,0.7531242844665579,1.3073547296602437,1.0955608722370858,1.119370141554851,0.5744127769621581,1.0820126791585616,0.5055956382660493,0.3144282568402575,0.6266325245906323,0.586283332879883,0.5039216179580477,0.4874825751148335,1.0325081408515346,0.5312791229153805,0.11416512816770878,0.320848130888258,0.3997113024862568,-0.29614077035841674,-0.9076906304478034,-0.06926631010007588
1.088381791444774,0.9046993451041858,0.7504187595625579,0.8095701953534274,1.0832099406904818,1.161913882223766,1.936626245386557,2.04053898308272,1.6357821830884476,1.343942120728629,1.2957876476344201,1.1811546016763343,1.1066458750700918,1.360766653617485,1.0450892994508811,1.2336917179659834,0.8928613026036486,1.670781319688039,0.6563475326110911,0.4562091817536164,0.2657041326696191,-0.165915619654662,0.6954961793623766,0.41555083241789964,0.40223296259275143,0.09388468629132801,-0.4334883385140235,-0.09991691887759915,-0.009624140508902184,-0.49192579481091175,-0.07007301607690956,-0.4207380685829204,0.1568922880935457,0.28933688439582045,0.0999113355287021,0.11869001268352959,0.8453831276357201,1.0251101842016763,0.7282961338584532,0.5484547637342884,0.9678927361649023,0.796694001338904,0.644010661491785,0.9566058567956768,0.8395613227294699,0.6940417323410406,0.8711119001170573,0.7587908660488413,0.4913561328348623,-0.2627346838162655
0.0669702401002652,0.045343590562636434,-0.0063535787780631785,0.21836554894150267,0.1482695117375957,0.04536634962750206,0.64654638281835,0.7251828319828336,0.34140618547717944,0.37024954283605543,0.1714207073248974,-0.10674974718358941,-0.16770986174126226,0.15795102568612324,-0.1584883214593704,-0.08777794041680924,0.05137457863724482,-0.7421890588837848,-0.9115234956326871,-0.6435813802023567,0.10784607189533263,0.549712450719185,0.8092178617584234,0.23264722382189582,0.4790413293313337,0.5538951488323302,-0.5811484588449874,-0.27479789394998355,0.03543214349142619,0.10323532386360265,0.16723623344051808,0.3831706865786276,0.918105666928023,1.383057812779686,1.4602754260074053,0.9265831679148185,0.8685690300288255,0.49241042664135976,1.1088929887298353,0.9559976184107483,0.33537319526866927,0.5471920687602013,0.6688022285842098,0.48125432106777505,0.9261309427711352,0.6678776031031851,1.0234392790704598,1.621794602472239,0.9278694393478231,0.871636495199297
-0.7184304882821172,-0.03942287327577494,0.1612143646913949,0.016966458509128726,0.44424174337674444,0.7541991648084416,0.7736727380129824,0.4520760910633546,0.833489384614249,0.3871304347015269,0.3015595747289157,0.5720122719642613,0.55996998388394,0.23262871850784078,0.2619893531228806,-0.1554517783503184,0.45751627663804456,0.6699721650966463,0.3702923333631474,-0.13615141085474292,0.1351653899192558,0.8910191932259878,0.8794315381247285,0.4878152000418482,1.3881112329123309,1.5219519583770824,1.4493037426935131,1.551449955492718,1.7421691492503284,1.1329861049909091,0.683829006494813,0.3051009683983516,0.4791072483008321,0.3916905354963217,0.652600193164704,0.14820558429658925,-0.011117196275578311,0.15905385180802437,0.20555218401124614,0.4092921756894088,0.6626545864644656,0.6917037324893648,0.6017570952069575,0.29995939981493,0.11776361366343815,-0.03246228707579774,-0.6504897649738365,0.1333090134047634,0.40708473324510885,0.23510379189653874
0.23098799259189387,0.8998767208904743,1.1792857642672299,0.8513079021029515,0.51664218199082,-0.11982167287480294,-0.8576139492305344,-0.5898190319464965,-0.9564117618474215,-1.4696354073527798,-1.0857094920718688,-1.1491357044037414,-1.5939225684703582,-1.0080261681921916,-0.5469225074709458,-0.6935126971668011,-0.9498627699932045,-0.8924805401722917,-0.1773792997931898,-0.1045991045756648,0.18321385091582107,0.04519695523999937,0.014609258516662322,-0.6026608018963007,-0.8898657208630434,-0.695926967585693,-0.5943367658023353,-0.6511207601103637,-0.15464786259421168,0.023274949647574057,-0.42292558029192145,0.03508725828179889,0.010860851523788665,-0.020098344231357243,0.784060720550988,1.5373724014252765,1.0113795846913392,1.031867777049762,0.7846174924772221,1.2797216086309955,1.5250786635715916,1.7311264273201215,2.1102026137457246,2.480019177743436,2.2508060055928487,1.5555010700239436,1.8050016228421988,1.1945993324150637,0.7256304448898445,0.32860227496064337
-0.522568535469112,-0.7093734145026535,-0.3952932408837512,-1.0389385934863868,-1.206695691307888,-0.5801300623219582,-0.11828642082452706,-0.48347676431551595,-1.0707524258140781,-0.725804725194064,-1.109346256471779,-1.2637894080663652,-1.3416256830781323,-0.9739497973165989,-0.7040195306979652,-0.8470231388338785,-1.097796043053916,-0.39168711293267816,0.008473544189937628,0.7346465436818846,1.0747448847911334,1.8270858405602413,1.7473931567817171,1.8782582816273443,1.9437457595720007,1.8777099027242226,1.383633909734161,1.6929772092078232,2.033498572244641,1.9393920381247074,1.6673970020697872,1.8522860546827515,1.635165700852148,0.9017214114848953,1.3175907030353848,1.1620822974624057,0.9435881611659075,0.5563178871860606,1.1695230289937306,1.618631646185145,1.1908414622647865,0.37927610216752405,-0.0887290786441727,0.13554608624307984,0.25406451447616824,0.791769599048893,0.8826380173006346,0.9468935800878092,0.5733512797508112,0.07999126202570313
-0.905121205186262,-1.1650605665635982,-0.6418652973860941,-0.9249278087887228,-0.9896368309374002,-1.2352838878221133,-0.7634612718575406,-0.4976604344541184,-0.9139124409980666,-0.5327559621814792,-0.5586348643441857,-0.042528530330944045,-0.8992269884975015,-0.42314673196516017,0.2281605599048175,0.1564185805476524,0.36170482853382535,-0.21251068683623414,0.4149967457411643,0.04354657145040194,-0.15339137081239176,-0.47715397023481376,-0.7069149548771362,-0.6933299829606417,-1.1576524362199718,-1.0517817796849527,-0.6275876704279842,-0.5265165342293031,-0.6575351610221475,-0.8692397627185766,-1.215068122144891,-0.7527241594200759,-1.1621508567722838,-1.2368589793187432,-1.527509955039613,-1.6578932573296457,-1.534573028449599,-1.306615158254103,-1.1018432581832769,-1.2158173153909826,-1.3739466762793524,-1.017506096974812,-1.5125763234512712,-0.978186708983075,-1.0746994330390967,-1.0617979274905185,-1.262871668755565,-0.7783774458999647,-0.4912659962700385,-0.4296725128802858
1.5745802825493205,1.239858254080734,-0.19340047785096068,-0.6198956411150238,-0.31766051870668954,-0.40969182718989483,-0.4680908089179478,-0.9917383443261125,-1.0989964761017932,-1.1655994816792463,-1.2656253789291478,-0.7577250329989857,-1.0180485758877271,-1.0789105765788916,-0.5288462933154535,-0.45539595300523533,0.30210456289511667,0.5315466498688934,0.8493551033148427,0.8570064720891766,0.40354779520748574,0.9095861034905086,1.1968536999940729,0.9383775238515917,0.7707097801541198,0.5535778831029363,0.7293212563755022,0.6257945684169829,0.3378073582123437,0.41513853088471386,0.018606607295716615,-0.10863031280744467,-0.4664324874289806,-1.0404358373905516,-1.2698975296971438,-0.9937332244343965,-0.857233590566653,-0.4721821051152407,-0.2651377874589608,-0.5043579147703678,-0.549362822292646,-0.31909213663788727,0.18978234345124856,0.8560340718065671,0.12082687346469036,0.07249989018947561,0.6708921655006477,0.8597134465706768,0.3367695218062817,0.12383287300638751
0.08952106377753016,-0.02065592071163646,-0.281576984944107,-0.6368118775969435,-0.9460719928261084,-0.8125689530889052,-0.811049182599983,-0.5548927541367111,-0.6578112480512603,-0.2738600729425798,-1.0275245497471446,-0.4107987220618978,-0.4126034257354367,-0.8354709893777206,-0.786083114538555,-0.6213917049577208,-0.5490541803467228,-0.7604357663492598,-0.02898129570367893,-0.22369375798118085,-0.3190952296870746,-0.3775576406515607,-0.2311062804166909,-0.3359797372748788,0.4793487096717557,0.2651255061547763,0.04150008950672337,-0.7582352063100659,-0.822078706099441,-0.9286224099224258,-0.5186285165317994,-0.9493030952468523,-1.1948692655026205,-1.1336922770235152,-0.8677596997928723,-0.7117762013698804,-1.1068680172495746,-1.289356876716327,-1.4924681099417374,-1.6035202210199586,-0.9538941245571303,-1.1086789645931039,-1.4281692791096376,-1.5736235343383342,-1.5055060285998323,-1.2860309503676017,-1.2422079643177169,-0.9419073293778042,-0.7589905059631247,-0.20522236739243083
-0.2915370679620851,-0.2596885704608785,-0.29540239326677914,-0.6551189505036116,-0.40807434150023514,-0.887044148518556,0.5447581591687913,0.6182351351093478,0.6473047438775542,0.36173025040861856,-0.1296986095660705,-0.16240333761307252,-0.06829007336514721,-0.7197257123244725,-1.1004690315796621,-0.8483393100256248,-0.5587459493707964,-0.33556905543547444,-0.15153042574965733,0.0193413065990454,0.12494265124513396,-0.33103248370518495,-0.09516288926790765,0.20991583691108523,0.9088870908507662,1.0281647196613788,1.026689892482207,1.469556079179098,0.8800358246169537,0.4882923473711891,0.46535051781971787,0.030641390833471796,0.6230985764353277,1.3367833714200477,1.358563168999014,0.9629180240135496,0.8389377235806212,0.40839161507059824,0.179243629106459,-0.13899478464886406,0.25747522363192443,0.3616684918733971,0.695203651178792,0.9306806909387177,0.8878094366259809,0.538924804080594,0.29806454098965496,-0.3355401727204448,-1.2496943687729987,-1.1956567920999952
0.46126346757960424,-0.14293448737195577,-0.34387522717016183,-0.4265410056477973,-0.11074252700837682,0.22743041092950336,0.5623703411696145,0.48487520505407744,0.36139381274286414,0.6645040068394502,0.4810984318812,1.317771313794463,1.04781556351773,0.6012720956165138,0.31134159181843574,-0.4868199021721424,-0.2826990786345629,-0.5131714457820964,-1.008138669139656,-0.6699188902191108,-0.6532178425836263,-0.682699943775626,-0.09750400538124776,-0.45635615901503046,-0.6021778524775608,-0.6276026638533201,-0.7301610926997202,-0.4778438820334968,-0.39231642225046337,-0.30510804320438123,0.19197808620861537,0.6249946743320918,0.7502360416529905,0.47745281880623835,0.5295691313825068,1.1776304543369194,1.1377456248565712,0.6241740392526542,0.7222449020484979,-0.03365544927461225,0.5935316443628704,-0.3119363408999263,-0.03184438297897928,0.4841371357410976,0.38205328253796017,0.4825224993194843,0.6424029149636099,0.6489632875306419,0.24836874341642373,-0.1765638919181571
0.5976674517170969,0.9060708894787809,1.0808394481665118,0.16596069049793122,-0.048197532023771195,-0.12451145594085662,0.20909637548080012,0.030842831674291873,-0.19566958172655508,-0.4695807897592284,-0.28508464563552127,-0.04272823573877023,0.5233997617328421,0.04939837224028135,0.17164331005342495,-0.019249785116445293,0.19352231184280688,0.6397918808938904,0.17763808666633912,-0.13903461330211694,-0.6277362539873348,-0.8419054108811097,-0.32920396610132985,0.24105417216179784,0.3959664208753812,0.33771219741397857,0.43277113790480215,0.01920357235518427,0.15350530541760068,-0.07694586452315728,-0.84802342905022,-0.786828012565196,0.007812057892625855,0.33598999105159816,-0.0227924411033179,-0.5396253021709772,-1.0255835159129476,-1.5864745906220201,-1.5893337146316924,-1.6592128214162172,-1.6547750030044661,-2.1030626257521003,-2.184816253642863,-1.9633682530202765,-1.9267972250435783,-1.4362198993359074,-0.956899993294522,-1.1480900097060553,-1.0567242259599037,-1.6257987285423012
0.005289448723748763,0.03733873992044073,-0.010626608443467227,0.4177983688641206,0.7989488690683159,0.8226578660858637,0.5549099934367677,0.14961371570146856,-0.28260243542401153,-0.4411841234639699,-1.0093773779216477,-0.8972078567831769,-0.9252815987502776,-0.5252433092227669,-0.5346158601650902,-0.3650836156669277,-0.5005495967984456,-0.3852944821067191,-0.1592850541127847,-0.12743656504027653,0.1200632253027155,0.13431829691869476,-0.41749905066051773,-0.3260533385132151,-0.46849996249838544,-0.1540700978011384,-0.29635828301768913,-0.8101806183176067,-0.839533989911197,-0.9481995184372464,-1.1948410080141545,-1.3060973070398836,-1.5906091019590352,-1.2833356382942709,-1.1696055507251442,-1.128065774783924,-1.4794403531590996,-1.3578534547286514,-1.2270128423386553,-1.0528206868900862,-0.8791442638993815,-0.6642831474671935,-0.6034228751029069,-0.8005303746867646,-1.2028049697061594,-0.9328835932943892,-1.0756956844744714,-1.1474969753294342,-1.0427139531804377,-0.7184964642147896
-0.2767516292620463,-0.08652704298936467,0.11906729388283478,0.6057971040125361,0.2840492260716489,0.32722115632363585,0.35375860626423744,0.8386281023886215,1.0193150182360033,1.336351712895758,0.9505026067052419,1.4716016649166266,1.491631862309027,1.0317852814004207,-0.07581541700043293,-0.1368221929635305,-0.280946549153108,-0.03581596073591208,-0.5065948545024449,-0.8564572587384334,-0.3594470245075075,-1.0745174857191937,-0.5364031220102004,-0.6429164086193998,-0.8258303250515401,-0.9890571841990398,-0.9030448125421857,-0.6221383600678665,-0.4304969239672375,-0.009006968660927159,-0.049064729539288594,-0.3237450607286659,-0.32111277199799904,0.005324577294037352,-0.5093527102581898,0.10763881016388287,0.7424836615112382,0.18074055602751904,0.18155469486103476,-0.5980262798776452,-0.501378863265914,-0.8740738698816544,-0.9574831633428957,-1.1756573605756755,-1.365904733549156,-1.1291790830267052,-0.6317331944304759,0.10943435938859658,-0.15116191048035965,-0.7033416573613115
1.411926296167262,1.695387597961286,1.5125659487867247,1.6610933316546044,1.8130853408336278,1.8699860880483026,1.2363044671338312,1.437228114039039,1.2943491571724677,0.7402210129969906,1.1064475312806836,1.133315768798816,1.2269758673798845,1.0978964055784055,0.8302634616570851,0.10954394691487448,-0.44124816507395387,-0.48715224876661073,0.1200312898753626,-0.43768409457134677,-0.09726083574145655,0.6719150683357692,0.5515524939414238,0.12952070488246073,0.02839077685518275,0.11881295442644697,0.32603738695720663,0.21200213028434026,0.23890034744856792,-0.5020246676974054,-0.4479897165970666,-0.12634075883294574,-0.12874690070199876,-0.03313862908489158,0.11360693750541243,-0.008503409526653795,0.15594434165170046,0.47232293555469806,-0.5382802511542225,-0.12990960516177957,0.046880690976540296,-0.3111772139512073,-0.2241570336479722,-0.022798114618841268,0.26755428354169586,0.1664706567408395,0.20962984178094438,0.5010975424260595,-0.5564808017235752,-0.2125196626609313
0.5791676220169469,0.1318189960419084,0.004233556058783359,0.13625759971716223,0.06717775911251696,0.8695865534744974,0.43875913217298107,0.20215916152337388,0.5464268534382529,0.33141007690328106,0.3002468620071244,0.8615150544525161,0.9088449744164171,1.136664837076115,0.7006962750524603,0.7398098754166453,0.7099972075243208,0.9688392734179297,0.7229613615377366,0.4594689204837611,-0.1293243220466129,-0.35127283550285116,-0.4779183502516563,-0.02756007757497463,0.0030196865867777424,0.2275625790510261,0.15771718326366468,0.4759148855821812,0.9334780524565136,0.42582271191554166,0.15147200956255008,-0.37580124354261585,-1.041661684561324,-0.968541820064144,-0.8812659953511844,-1.4261497175509743,-1.438105889558173,-1.8148575450275382,-1.7245147700632346,-2.0891936492518877,-2.3985405399044044,-2.651275576942205,-2.552080981384054,-2.7197936703302625,-2.914614490887581,-2.717385910029138,-1.5181432759261544,-0.9223322644159777,-1.0756987724021605,-0.9887059740980463
-0.6371561823989608,-0.9157514379636682,-0.24963017543327767,-0.7419037883376293,-0.8530423201806283,-0.3664417649973369,-0.6618104159278867,-0.4535595366136085,-0.11507236195120576,0.3240004497833443,0.5219226488476294,1.389023506182703,1.6643075872476232,1.6012803512374747,1.3339781760002685,1.1394673534327946,1.161888195509757,1.4659258064596583,1.2909317742510846,1.262550089856989,0.7346682419531542,0.14232637153543048,0.02505063874427293,-0.27741472560825475,0.13533147913432758,0.4288470857709181,-0.06846452286875829,0.06824770470821981,0.852897167313004,0.8032535283106692,1.4463672869224407,1.4573809326550347,1.3666796306718045,0.906208976331952,0.4119402538604331,0.13800289178267652,-0.30507865224564545,-0.07974947120722303,0.05430731691815116,-0.47351751401313275,-0.9238279595759018,-0.830814509088553,-0.5384928856257483,0.5118632551219872,0.35734256668358594,-0.15596153410186556,0.25840041233657146,-0.12660288618553128,-0.44550077705964375,-0.8267764812142405
0.3619866104411148,0.08655898035262445,-0.3488163941452193,0.18991450424490228,0.35999967485816053,0.4855598678714604,0.6542009726691418,0.3438626796963114,-0.6620313353645031,0.07935393008594231,-0.32419368475482474,-0.4401848585007647,-0.3341624179440598,-0.05234031047023351,-0.24063453350145048,0.3677813587598983,0.2328921805824071,-0.4544985764298766,-0.457122552841308,-0.90408687090468,-0.4240650190273956,-0.48392582348908114,0.011362688179833408,-0.0878385956184316,-0.06699634652260816,-0.371663890619411,-0.022194227675079083,-0.1562009242492566,-0.07097376482824427,0.20574558357517467,-0.22671627155219587,-0.07050399696552961,-0.323611155782577,-0.28978232160888234,-0.34039720057893846,-0.7704581526019176,-0.6539840706593923,-0.48326206273860317,-0.22237975261315543,0.14156975635669358,0.21190761621946844,0.46660283127696256,0.46971168676550024,0.24223295506480289,-0.0016454792273475724,-0.06826532411141271,0.3709869714875188,0.4313505889765288,0.13183940407364417,-0.13018791053442894
0.2928548593098599,0.34705749021181626,0.27931706972008413,-0.17592159537269375,-0.3100293156080824,-0.15317636250213865,-0.7175990459407968,-0.6027550038261218,-0.6367886757258573,-0.8078742147399992,-0.5955291316617077,-0.28127086629176123,-0.017562334960280583,0.018458527090753473,-0.31376445729174607,-0.5926587725958097,-0.6601539634105171,-0.5398741339510958,-0.11464747202773254,-0.21895429168635647,-0.32853718614744615,-1.1405184963930302,-0.6484654234137778,-0.5126844309826216,-0.11011475051191329,-0.3318184182337057,-0.1488807256026663,-0.12872207753689235,-0.15869978930898512,0.4018297921290727,0.44418697848871663,-0.06331959399522086,0.26736906712350905,0.11543608622149801,0.007121614728993355,0.22453010774283041,-0.10774384315234688,0.1185507536787239,0.03548635851464502,0.18375319693325584,-0.1349242594316426,-0.7540345760953312,-0.7811261512826327,-0.10765319368224016,-0.2537465269066018,0.3329898713387256,0.1884030658075348,0.2328158412710332,0.38665289666027486,0.00027210857162413287
0.8439890028513424,0.6980874550708956,0.29822648221115794,-0.7837903649755421,-1.0653622194139227,-0.7228719600665416,-0.7906634092962044,-0.25113161797376027,0.6013366263612302,0.045800621293339255,0.3401787506220645,0.9452780487335259,1.022513240059231,1.2744928060389735,1.0833666626110112,0.7609373949735698,0.3896753330075457,-0.21468067398167678,-0.915174014298119,-1.4938774025067703,-0.9277009649399164,-1.1728544340325808,-1.0458509186558411,-1.4445811887750226,-1.410109773033036,-0.8300370289740309,-1.1979386756656583,-0.5787127554897924,-0.27769376094346426,-0.0013231320847455915,-0.09722357395888291,0.4216712624508967,0.8202045192233023,0.6099469420719945,0.9812559082593028,0.6701023122087119,0.6065576818774141,0.7669341649760258,0.9416300115283796,0.2951314316603526,-0.39186635297814487,-0.5082706527875401,-0.5270532582340396,-1.3697350645066309,-1.2274468101999836,-1.3093494394291822,-0.8157498666428478,-0.8377272903839507,-0.986001848673038,-0.6409327825060906
-0.32288357154710673,-0.24615457698889118,0.022480100680905078,-0.5016865460112944,-0.1843903598736109,-0.4448837729502353,-0.4263704817854715,-0.46929738651580066,-0.4380751473068417,-0.46679681841436177,-0.26136407097713205,-0.6052332895040744,-0.4678741912623554,0.01184741281066295,0.8229169442831121,1.2763799582737372,1.2504418181655566,1.3486913694568223,0.6931778426296215,-0.4719202965302214,-0.7998391044559133,-1.0335356403663307,-0.8913414416787281,-0.9834785366538691,-0.5648674838022553,-0.19075261576410948,0.2759470843329913,-0.343513842088213,-0.9690082987151667,-0.4539036441312259,-0.7586487321253672,-0.8404391594611529,-0.8047812084131913,-0.25403449187797067,0.009229138970545343,-0.09665347119167557,-0.21334157558596958,-0.38946457394191747,-1.0115205464324073,-1.482393519789098,-1.5817301211772121,-1.5626757180443505,-1.51595181231528,-1.3474985568175533,-1.1827658708584754,-0.7228546292711718,-1.1263783144947057,-1.0077103553083981,-1.0708969215316573,-0.9640895313854235
0.622737312736964,0.6088216660978865,0.7857191615680543,0.24750632741205172,-0.022188335304064916,0.43237420412156546,1.2439242587026886,1.3824182506279827,0.844397296594238,0.2044743901386911,1.1408404588148102,1.146024137519273,0.8167948641468675,0.7676470253875202,0.8360999953533725,1.0335532713440982,0.6909312754611971,0.6956165812735409,0.5008929098014855,0.2824495905164402,0.3239506214530426,0.3364679818561896,0.4123671093317395,0.5516969644907193,0.3575792483225226,-0.28310861258344355,0.013861392997573023,0.2743972563839247,0.5440703026255472,0.32246710425172737,0.402157296010089,0.09968595236641,-0.5608593612394723,-0.8566364801147495,-0.9673921561842789,-0.5134547126907991,-0.8497606412874459,-0.6326999125072469,-0.7860916365471937,-1.2732242040261528,-0.8518425843076975,-0.15229735324527707,-0.09361581010530959,0.0037318162441886196,-0.25630577370083096,0.24901599466249721,0.0717212209548541,0.04172550169301442,0.19812474101348346,-0.4107106409221349
1.3255504176557555,1.4513432089803224,1.1086770271588953,0.299775477824813,-0.3433291878070962,0.07366552284472797,-0.4082068683019951,-0.7164898121445386,-1.2643983955368863,-1.3208132791956797,-1.4460907628081616,-1.4967210325957472,-1.3566167914017733,-1.2794675453883029,-1.0519991415922552,-0.6560611738449365,-0.5528591150737026,-1.29691234875217,-1.995121925434821,-1.6607288237499451,-1.5671316436844254,-0.8441653679424682,-0.6663782390062304,-0.7362177400261996,-0.7406984919454346,-1.0809565088832394,-1.662752311152917,-1.8861038191473447,-1.4939099781886847,-0.8547941779636583,-0.858461226223153,0.11863174595024874,0.21760098798839397,0.47774423172120256,0.5143382801227674,0.15118360758604565,-0.018281485958965518,-0.2021451979924741,-0.6661198911232058,-0.5114517356427923,-0.6242082099773086,-0.9763580521156582,-0.25940747669656866,-0.4227070134334738,-0.7311913459859829,-0.062606841155415,-0.36079191321062365,-0.03558876492388072,-0.19681338320093253,-0.0967551581599264
-0.10718674326860925,-0.45463469862857314,-0.2305811721486825,-0.43344672123028827,0.006023982913006096,0.7316300249470713,0.4195715597885946,0.32324484497041983,0.023451129540848357,-0.31067732688548444,-0.15008751505224308,-0.6121303974566902,0.03271327698077555,0.07464086532236666,0.6862850211042396,-0.06410363000590241,-0.2738376531347177,-0.3546970188979596,-0.6882340053330173,-1.2419522975778903,-0.7940746720891472,-0.6305526191964372,-1.1706838430347377,-0.6355009154777554,-0.3147954067357723,-0.31379860991422703,-0.17483668832765858,0.4454575946866945,1.1965726255661566,0.5865540526684148,0.8817143138784721,0.863318589796401,1.3139243617397836,1.7037443197674182,1.7612123304346714,1.9935791117712207,1.687108569841004,2.0454892509101477,2.495114007743958,2.291889207589978,1.8709811494967268,2.085277701323671,2.057507115705689,1.8012294634995967,1.26995812467167,1.4349264197284084,1.4116588804156611,1.2948016062682715,1.2120690068453377,0.7970302759300489
0.43913613148931635,0.6947515344180201,0.48022555646224396,1.0369983870473345,1.0685289121689834,0.811413891310982,0.9767771096173594,0.37218507315096216,0.6675388367414085,0.49547925260696246,0.30605725740862283,0.42542251133347214,-0.11471059182453341,0.23165653176519171,-0.09286213824690717,0.42682530187231377,0.5317563779364796,0.39285404308157673,0.11531525507392937,-0.27777644734937534,-0.7584505554783986,-1.4744196033000743,-1.4728077158280126,-1.6133645033634387,-1.357644803514071,-1.4912208010285626,-0.6501202999739604,-0.2225448517659816,0.05947420131929648,0.2716345088778889,0.9762086099988355,0.6266968841399877,0.24997626491658317,-0.23261575595030443,-0.3764451598489638,-0.4924530742134934,-0.5768263924683156,-0.3384140446128536,-0.510811044239402,-0.6542557472563322,-0.5471046963241094,-0.16198965019083222,-0.6704937923819975,-0.5742486927308957,-0.23309786518253398,-0.44200420902316717,0.9533305161405735,0.4680785037045239,0.7809872167323983,0.4937892217112678
-0.6151542622980872,-0.1352189428072355,-0.34630377508069154,-0.008585923134448708,-0.2481407466488842,-0.11412849578791848,-0.22456115338418525,-0.7222838707630597,-0.8913457940179907,-0.2595490198848847,0.09315021632799914,0.41499159315082507,-0.29536499200447236,-0.7360167357384978,-0.2939287337126889,-0.39761516375341815,0.012933760606693167,-0.07218320639161663,-0.015305954875797214,-0.18057289181291258,-0.28725704445908,-0.36731319056730144,-0.049279028527063375,-1.040851186304649,-1.2505335122012113,-1.0591231884553358,-1.4258149718426496,-1.6586303765863393,-1.7384994568865564,-1.6943221348934367,-1.0781027254604332,-1.5938007568119497,-1.627527436318347,-1.2063709924057724,-1.204490780233181,-0.5892110907992267,-0.4565650110996923,0.36029176181313854,0.48917963566759687,0.0994719621182721,-0.8105198172499873,-0.6285213127416776,-0.9674285079489258,-0.4403880488134172,-1.6305320775426992,-1.6006027000972096,-1.1042127334217804,-0.7452786824213886,-0.5025041748586608,-0.5830996782739325
0.38983839229941114,-0.04258248695757961,0.5443530073298043,0.4012254942945891,0.2085368019981467,0.25369918336666525,0.15475308846046162,0.3490497503365791,0.231914479613064,-0.014714683428450871,1.0471204418397257,1.305871525742502,0.6658036441736136,1.173298241278828,0.8447912039013323,1.093900904677614,0.5084040948523509,0.3265992336533279,1.1838603661711122,0.9793837796034226,1.0561170205093529,0.30080208753016124,-0.35757557059984446,-0.3999223797920489,-0.6411425422410403,-0.17685476609884807,0.10643419903462299,-0.1195641391690565,0.21103420577732615,0.17217527905639976,0.2123208577463316,0.38485768521055597,0.5723132124379577,0.5786220248887695,0.6950881814581121,0.893275696696942,0.7650962970553916,1.3133120302966788,1.3919184705734073,1.6598044089106732,2.129904349761889,2.0958329601454833,2.443737488533511,2.1060058119292147,1.5407804519878767,1.5646573423924286,1.7632478817235453,1.9873365701001708,2.2397027804938303,1.9469717097371972
-1.0447043873607156,-1.3669816630585583,-1.4264897957136797,-1.0692999442391733,-0.9999525994552786,-0.7164079257639371,-0.7287825884239125,-0.38461893852912166,-1.2536064286398525,-1.493499546902909,-1.3712716850700102,-1.2176977382223526,-1.0523090304590321,-1.6508745758961287,-1.0836840048763683,-1.2473757332198117,-1.4857782887733593,-0.8391827152149557,-0.35798670744002936,-0.48354442829446714,-0.4564208346180168,-0.47770281429430383,-0.35682105398778113,-0.5908059465188222,-0.5203688603717546,-0.2431680794819342,0.38789663383701684,0.8077945712825056,0.5918116077565263,0.9154427292793367,0.8228870088751845,1.8899905170372577,1.6833344775760781,1.8778692366859173,1.6626643501640714,1.376382996759138,1.3327381060628054,0.7953820829511957,0.021560949300594035,-0.43342815691300074,0.09257440043055813,0.08805289236094452,0.1518244088443196,0.06358358176410397,-0.4356865020549407,0.054484209409677985,0.46413852036227377,1.1226553686196812,1.4220205276889344,1.7832207907751998
0.9829937640433841,0.9655245942309874,1.0985001558418137,0.6749755466211917,0.5193352461134296,1.0926979365622402,1.037004159085872,1.0246837268079858,1.3367893565829023,0.6167035601539077,0.4817893646473173,-0.2958937918609197,-0.3756413353034183,-0.4840360342393085,-0.5185098124347787,0.4786904518372587,0.519951187397916,-0.13368347520135337,-0.49872946865954354,-0.34223454382176793,-0.6164981279819949,-0.32397443060231296,-0.3151816599473901,0.15114050849095642,0.11858701516154738,-0.2646012957211029,-0.29590355976430743,0.11182089610196207,-0.19199632258315458,-1.0969753693650792,-0.6618426975626135,-0.32625980468286697,-0.16062150561634317,-0.5592124053616369,-0.6199454563952495,-0.3327565161773436,-0.21703455713756306,-0.4807331088357414,-1.4926496982907254,-1.0296004737979285,-1.1127012307933983,-0.19782399241381998,-0.35365409468034753,0.05282833952851726,-0.5684105734305697,-0.7027015770097526,-0.34437371386319354,0.03585653098469597,-0.039328102952103365,0.5047225632936881
-0.9591351092222322,-0.6124295646805119,-1.0166433378909847,-0.7488576085027244,-0.601146279179831,-0.14005805296019613,-0.1331069901613359,0.29555643529598147,-0.6088010439207155,-0.25069007523467884,-0.9595498594926503,-1.1151582942923939,-1.8075772324112032,-1.6318750025107145,-1.1860957808106383,-1.152614049696032,-1.306103056266249,-1.4786153945734481,-0.6445073872789574,-0.5490388200479921,-0.0320519436771683,-0.4679804900995714,-0.5599246257165111,-0.3139364279868231,-0.3068353896187643,-0.3351487089910767,-0.6291778060824195,-0.4700890789733954,-0.5324317792769904,-0.9670281641704539,-0.25802222942854025,-0.5761185853567539,-0.18216092705236508,-0.04913752394424435,0.4199904554471893,0.79918028670943,0.15844690589680932,-0.010531343140447937,-0.1616896229511259,-0.2662665094135044,-0.6817869460461915,-0.22963486324442528,-0.387083227409654,-0.32805597054994623,-0.7373708234022139,-0.6973319519456399,-1.2981636709128672,-1.0406216036392386,-1.1960754045226711,-1.6269567667800526
-0.6845135689494818,-0.006914688526616946,0.6529228184949666,0.7128372760701738,0.6397766533655275,0.7131710726285542,1.1675561123274434,0.9251261317315239,1.3641106466749107,0.9974069272903051,1.005742429027836,1.1707971928719227,1.1522041371046519,0.7098025520534903,0.9218047794660582,1.4057640857663198,1.3509099565316462,1.329497033471215,1.9486691763554642,1.7547979109415475,1.9600067890213686,1.7964812481306784,1.6063749650944514,2.2208331301126294,2.0711787107539337,1.6710437923765282,1.1021191341474295,0.9124677617537581,0.8754021776379455,1.3178429067238508,1.6513270733188319,1.7363509067641976,1.9300057493836755,1.9733621337674105,1.7215079140198988,2.1045173928521295,1.7342866526349565,1.2645011182282178,1.3519641549701091,1.8699572058785385,1.5694659310590011,0.858175800209181,0.7553207705790628,0.924408510398763,1.1945696153006506,1.6026255111410077,1.0066675431836773,1.5719930914354012,1.5881783613623313,1.040657888391927
-1.964306334569076,-2.336381868727584,-2.4115653409411317,-2.1525052717447615,-1.6747936227103775,-1.2383723426415543,-1.3149563379196227,-1.1943884540369245,-1.3039305407144788,-1.530011416152559,-1.2388168407679436,-0.8049528228672861,-0.6405766814137274,-0.2598607348828388,-0.6828676857273855,-1.3208649848272125,-1.1050523052963044,-0.33832524365590905,0.11012466638283293,-0.28881681307962676,-0.7293829689408082,-1.0961202049922958,-1.1866053079006795,-0.7827145496576117,-0.4941942897908705,-0.6123468203344701,-0.1758930808273753,-0.23800463048935852,-0.3237565579680069,-0.050678643639082865,0.12111186978375381,0.6602549328052442,0.5882346333899601,0.9663423377545975,1.8280434624074373,1.4206930130608302,1.4924086065744442,0.9442365489008934,0.7241487556584336,0.23880991409581176,0.25209030304643504,-0.21897688891724112,-0.18488067191140153,0.36036561725049415,0.39124111916791765,0.7039968402768123,0.8636641923059715,0.8292463393418766,1.337559883573568,1.041982707455638
0.5347073682520999,0.09438735897841706,0.07092961767986769,-0.21949076580895807,0.34105118766865106,0.3998690250837557,0.22495108756553242,0.6528278008060576,0.5876736911469774,0.3412961047559097,0.31434804465872257,-0.0597606022867777,-0.5828245087698535,-0.36354822991343255,-0.040131772989639325,-0.0659345619049091,0.13093613501754633,-0.3232064945897309,0.08857510899789059,-0.6274483445898168,-0.8121967359925586,-0.9608373830556626,-0.8750394159027811,-0.9388889280335722,-1.004060208159113,-1.2551155075881395,-0.6484380870231226,-0.3446426087263017,-0.749046221707917,0.1584650717927365,0.4750495757269092,0.1158933073965562,0.4625490980203002,1.1665294393457075,0.6750039824515341,-0.02792849354222955,0.045424048501167505,-1.0022881261396035,-0.994995255573807,-0.7003019733817434,-0.36503660339743543,-0.5944317504288582,-0.9825909164783875,-0.18840640396274505,0.5887204855774323,-0.1493399743400571,-0.40919008328597983,0.16305463820747404,0.8974753037905718,0.7629764170507548
-1.2663524360833907,-1.0491277672536559,-0.8676317877696341,-0.7426824230420145,-1.1262449414165028,-0.8114579454480795,-0.5752916129384632,0.1057675657608437,-0.4800719725985916,0.020334173264130728,0.5210256820942393,-0.3787000553872047,-0.7290019864532112,-0.8718502327067298,-0.9486608444813073,-0.5849973723291684,-0.5700903738585644,0.09545673304917904,-0.2563267225701379,-0.39770041270157236,-0.2904371164210468,-0.07229589700846063,-0.012376634950046862,-0.029646858455296406,0.6369373936423985,0.07973579776113446,0.6890813585902695,0.34742772696376484,-0.06290492609992837,1.141086854319868,0.8070045441142583,0.9913397566144179,0.7545491340071291,0.16481960589063016,0.39659014751788135,0.6240323198274083,0.833425479253719,1.1223256971639566,-0.031917773820979954,0.11673051839851242,0.9230664289489365,0.2683312024208683,0.02945080357842606,-0.29579965039777595,-0.5528819940164215,-0.4223852666305297,0.08328373771261793,-0.45164556117973753,-0.11945415441939011,0.020630474901552513
1.3599343335076326,1.4441646051648005,1.2619751902421672,1.0315341028785079,1.039312450622679,1.7172041985221522,1.6212276947549096,1.884897190901149,2.6529049886723426,2.490972016571187,2.001275024581535,1.974525880329608,1.4287542641068773,1.552458340916358,1.660997297536208,1.5600159144133814,1.5800524515422483,1.29395773833899,1.5806950261110224,1.3402159145723442,0.5405905912019888,0.724533558193022,0.31725898534885316,0.7167401246081266,0.2865323262768655,0.5079730760574734,0.5538618520580365,0.6699821469310608,0.6488577569500154,0.7146561438565509,0.7121169182083296,0.7013839492268448,0.4413965920952064,1.22678605015925,0.7369950209885785,1.128010578100704,0.9291208651817344,1.2279632974019203,1.17474438018748,1.2135648436730944,0.2544993196805816,-0.013142538478477317,-0.08396837023875936,-0.2981810295988314,-0.2812685626549857,-0.6230416611984183,-0.6852312273044056,0.18706299752979513,-0.19680504228371376,0.36465221194883324
-1.6749480330282023,-1.453366777382786,-0.5566487456753415,-1.1783892325296703,-1.0781133605777589,-0.16110985863831756,0.04430416383127973,0.20796237591639272,0.8102199133080733,1.147699620932221,1.0877792391087369,0.7711852288554726,0.9078252719409667,0.9912221523485756,0.8154925001474838,1.0503988820061412,1.2324865232104332,0.8272779698223891,0.6528922037863552,0.4960293881572303,-0.110227100119223,-0.31386721480524865,-0.5629852816096654,0.028510407781025437,-0.10376653215657654,0.43187232393916225,0.1257390241689148,-0.047136642922422214,0.08165259375749322,0.015838809757383162,-0.31310481997755385,0.03975671395994508,-0.4933165317620976,-0.6960942748263527,-0.3893824342134052,-0.2072481356555897,-0.026170815805237,0.4114049893888005,0.07322701826266642,0.28247717451536847,1.1776874041870575,1.4940027774252602,1.3237926616882498,0.9092971038493468,1.4105908868534058,1.5399963444690805,1.503114444228358,1.0531498021101873,1.1469909823239517,1.5537226786255964
0.14246622093452269,0.05985608355018807,1.139796699575119,1.3921203991923725,1.0311736850066058,0.9938725431554412,1.3562788962004977,1.7193332158803745,1.7744050951521833,1.2670518982110082,1.127644118594861,1.234881842643135,0.713845383270432,0.9518206024710931,1.3641281015005826,0.13839277402826725,0.05109917826885972,0.4582977750207635,0.6062944552202638,0.4449499604739081,0.5208128062770873,0.2298023585878536,0.7515474249271474,0.4497860933922298,0.6092183293083259,0.40579083914957376,0.5761217047823678,0.6678596808513881,0.18186131023381497,0.19090150715929838,-0.4240417632080369,-1.205386489504532,-1.0222288984732975,-0.32726006091492904,-0.42912683799699264,0.16350904086246323,0.6662185497569222,0.8427009014506224,0.8054794536362149,1.061514608256198,0.9243226535864351,1.5275772254525415,1.769153196575447,1.8026329565243315,1.4767904330370574,1.8373200649335797,2.0918350215274994,2.0045705850141324,1.7684129100545345,1.6803111027427031
1.059658628732514,1.0779059876827002,1.0134638806072687,0.8513324323329823,0.39660156637330063,1.0303725468737468,0.5656814457478628,0.9549173711788058,1.2967848273247364,0.7919909953913237,0.6110945730388377,0.8049482277513997,0.5671165786174394,0.1678465671473142,-0.20799918319849595,0.6121039719606073,0.11848788542560075,0.7001118247824571,0.1603616461681693,0.6800090669988728,1.0985201439456045,0.5526507982966189,0.29449607277767653,0.5843298927124814,0.3676463688499845,0.17160986560219324,-0.07860718099369408,-0.8826519992671082,-0.7140607116680466,-0.48782196428584884,-0.5234326902875442,0.26967808007907135,-0.37605658131883224,0.05044747579458368,0.17748308658932502,-0.6370453518416634,-0.24396555948505347,-0.2853800443786441,-0.5277011491807921,-0.6240461167460111,-1.065381333856599,-1.4097808186900962,-1.0260157503893121,-0.7311408509926898,-1.0207058269952636,-0.7755506289338575,-0.799619731731065,-0.3954912763616604,0.0537580831937184,1.10895501776444
-1.0197692473405073,-1.1246423533426193,-1.0195125869513588,-0.8848527062881582,-1.1682163430009367,-1.2587562302231345,-1.8635713336958322,-2.6860960724231053,-2.8620468137065065,-2.4018520143540014,-2.1002220179534112,-2.29243904245343,-1.6011344224535466,-1.9598950954458252,-1.9571370985844032,-1.7497961663031851,-0.7303881065195972,-0.9587876196469649,-1.1618227429425143,-1.252384237907456,-0.858265213606043,-1.1038559387697313,-1.0857806514288195,-1.0790393749252187,-0.6137017582184979,-0.0016446689310933662,-0.47337744056650577,-0.4913574462697688,0.03229391100543795,-0.47288174195487626,-0.3150209247012659,-0.2345116465207697,0.3119248607604764,0.28587335401973535,-0.24124520413707057,0.02784328623683284,0.6275189041272203,0.47935908952854045,0.811465083321425,0.7765796458690375,0.10659643325707063,0.8555837983180731,1.2725348871581128,1.3045645494945919,1.4391398215330327,2.1976197867727656,2.5024963996680483,1.9818336358117092,2.0796970401971615,1.826684913301632
0.21722792837772328,0.7633770173903369,0.8637021296507624,0.28655696004303466,-0.6420155365329633,-0.5766905302948956,0.43625214937485535,0.17341578223910217,-0.1695353412623322,-0.5813023851216879,0.18983868292376965,-0.5114865812974604,-0.4926196355074164,-0.5535165529135038,-0.521527729974464,-0.5750548145666896,0.10300509684337633,0.9760360755029374,1.3279959425689019,1.0570533168839804,1.0159191875886713,0.718005538037221,0.6555585950654044,0.5319190484811599,0.8463624316056558,0.891761473346313,0.2627610975846577,0.2278361477718785,0.30972280249703793,0.840594672018654,0.42603563921649035,0.4690928124756342,0.9576382044512871,0.9325752967424025,1.1464168606838303,1.5566047648006585,0.7427873748274962,-0.012780599044709719,-0.27904061008703823,-0.4322233206827145,-0.18992380272485496,-0.25494018117947614,-0.12076819796363575,-0.9148304262451936,-0.5123518826997014,-0.3141328989818908,-0.39345747106372825,-0.4552259988442759,-1.0901011833563403,-1.0580404302189372
1.9347749452266443,1.723496459725658,1.4270886675502097,1.1386157585068828,0.9717321514459675,0.6395785491067385,0.828276488186854,0.16238917715928214,-0.20778172060237093,-0.4675237335076583,-0.6402260561821808,-0.3087475252197668,-0.023945999422024418,-0.5361065577493166,0.5193162004522508,0.9707496196419998,1.089846130296457,1.3006740180813308,1.302081723736373,1.1171609026713505,1.2779690352182176,1.2030257084277058,1.3934347628821289,0.8730623617891827,0.9843038468681637,0.4809784573785079,0.8813097821507518,-0.12931848082843678,-0.3311254996143244,-0.2438951551670578,0.024381055014071874,-0.47675227890831495,-0.67079528847963,0.11698911552826617,-0.022020793398138536,-0.16229251846371281,0.29118891007355924,-0.01793410650206613,-0.33034227538267136,-0.4853745774128095,-0.42834051662068007,-0.44222181897737584,-0.30520272932697734,-0.711484397209104,-0.22185205505396796,-0.14540806064855658,0.19643561374332247,-0.5739546571781228,-0.6291979288458295,-0.49601703670958835
0.8885406732784988,0.5467617881576116,0.34746126146126327,-0.032096083797063045,0.26553175251175803,0.09230006117885574,-0.19957396509842462,-0.3761321451916412,-0.5550301528909244,-0.884391818509689,-0.8925097094211071,-1.267113558610723,-1.7529468199540355,-1.8106078859195172,-1.0567824461920972,-1.0600245581467893,-1.0575590617978177,-1.445477780367305,-1.3408491920292116,-1.7658240564335919,-1.5047431810478007,-1.3357552056864592,-1.5866038236311786,-1.1301304055257926,-1.6563243556895733,-2.3312175542117184,-2.161534709220194,-2.039093931001622,-1.6203707777036407,-1.3333628080913043,-1.509698113120518,-1.3680751799824324,-2.0102782716640886,-1.1457362904600585,-0.8148404525483813,-0.2054511109872049,-0.522874034890656,-0.5158280588634416,-0.5400903834728149,-0.6777337411231822,-0.7547119301874078,0.08713251052973629,0.042693379974723646,0.30971268494919457,0.5511374612844705,-0.017099757099900238,-0.014658248511023169,-0.0019572295214433056,-0.4489609880103069,-0.3853108104772689
0.24904817353065284,0.23785731914313055,0.37916334962503656,0.49586261258463576,0.6515054768794283,1.142441525125233,0.6546044982424744,0.17645251964941847,-0.3465202524507714,-0.4595730595891696,0.1834007267315812,0.3640242265743705,0.2782474145977784,0.046528560666136,0.42531557797246394,0.5931875662013706,0.6313676636728833,1.1336433108703796,1.3185692965290252,0.7648134078028553,0.8272062648302557,0.7889825428790702,0.6963271088921675,0.42087589967538613,0.767018785508415,1.2128208186305576,1.4824632628017924,1.5662803361327602,1.5111129512396686,1.640973441757719,1.9177266254384193,1.5049793400895906,1.017053622229722,1.1263806141105803,1.5425742456058502,1.2186860372364023,0.7173706923538248,0.616798496616387,0.6901805825373182,0.6521047485093621,0.16501028532118417,-0.22915155786577113,-0.6198478097336028,-1.0011368886686565,-1.3068261866030195,-1.1715319591112676,-1.439845344043092,-1.2626909367673382,-1.4357563144446974,-1.1039555869373814
-0.3738168120564869,-0.39378329294912356,-0.4781705179949134,-0.7195269849028726,-1.314092243051952,-1.3579770559880893,-0.9089496630687419,-1.1220789999231893,-1.0588528210876973,-0.7507509024353739,-0.6671233774665188,-0.7216191454509147,-0.7715973168061427,-0.6795845763032836,-0.5769340343307778,-0.19984583224697958,-0.009541432713350383,-0.15145389055141995,-0.26334770750346925,0.4859995481489625,0.8202695017478168,0.8197553509007272,0.7998149040979556,0.6929407024591907,0.9893730251064713,0.5740366835733235,-0.06383501354762872,-0.10461235533593685,0.2823740387760576,0.3708622754536309,0.24589067236411666,-0.23751867861187026,-0.5695832537720376,-0.16514997955122077,0.39797476582242636,0.5360734171987466,0.33982977884388965,-0.2541933282256461,-0.9822796266819264,-1.439129479072509,-1.6850401836131357,-1.500019048401776,-1.7721446067495172,-1.690994067825193,-0.7734020564751737,-1.5302155303879785,-2.0309298030040774,-1.8442476260379064,-1.9139546567265155,-1.0362372358732028
-1.4890064852097666,-1.275339778649837,-0.9389403862765346,-0.643174567433303,-0.5015302962929419,-0.7488247742681176,-0.3723748101918195,-0.18454679403208749,-0.4728457837215952,-0.06231763075958775,0.051509895851347305,0.021190205881866143,-0.5822331298461739,-0.18449233262565726,-0.38049903175253486,-0.33558156121163824,-0.357617104724201,-1.0659068687902025,-0.4758828127615699,-0.19955318297854874,-0.1232908047741832,-0.4529611332739085,-0.17053605691788745,-0.19386039227826252,-0.7454796353364981,-0.827361495990056,-0.7617372052375336,-0.7258033722243556,-0.9533057285939951,-0.5754722239428584,-0.9577644013647028,-1.0141287230812999,0.06886419204785199,-0.3977342964301637,-0.21757919551432192,-0.3624321082056985,-0.6987052125646026,-0.5779076239692694,-0.11673828026625883,0.10180031922792479,-0.11065479502122753,0.16604674995496083,-0.2765070424352704,0.00017886390349948654,-0.1270150213490176,-0.5698968828204871,-0.254414055634276,-0.6202821023507756,-1.037591681859464,-0.9718403996089483
-1.1874939590986866,-1.727932622386564,-1.7405715404134245,-2.0360957635054433,-1.3879147081471341,-1.647637809341414,-1.404192950471107,-1.662829908945371,-1.7682185329418623,-1.6305388122491031,-1.6134384099895578,-1.5401145449242346,-1.0792972562938945,-1.2218283948781627,-1.391831644771574,-1.2654833795839349,-1.0419917133309722,-0.8913223099719005,-0.726267553801701,-0.20908600403452035,0.2869381046364834,1.2265027794735694,1.5724792592462933,0.8846258951671409,1.3060698494234533,0.6970570745758702,0.4549268345857391,0.6880261019894164,1.251331451895043,1.3820684963381482,1.3506471468151324,1.9064211315509076,1.725017994180985,1.5698596902966027,1.626790812728088,1.5357718751739242,1.2337311500422075,0.7002675036812475,1.390201515948389,1.0790521574632994,1.3146027437148984,1.5865140916111766,1.4750974669378605,1.3138275504710577,0.9367063833483819,0.17277300631705134,0.0185022916395157,0.43798145546704004,0.36300129503213047,-0.13936445599108416
0.9249216180247289,1.1262078021168276,0.09912435759864979,0.5044478775127416,0.2517643204346038,0.47608995014698263,0.11877476349283736,-0.02091719947974869,-0.21491751405512918,-0.6611982063112247,-0.861515009338098,-0.6634731280237733,0.6236528517726362,0.014555902455121325,0.3103124334513473,0.20894449523854458,-0.3233043209074613,-0.15136400849779091,-0.03828737680001531,0.349058349970673,0.6427228106994665,0.61571890642157,0.899849993995107,1.1625788829187345,0.684453838349093,0.7118129472756826,0.4247073403371911,0.5592683044927137,-0.011512483030563627,0.37560991447518155,-0.25205789391645844,-0.0890616383196846,0.16290439470209664,0.6434074632830075,1.495155932383522,1.4417107308445203,1.2445363797585547,1.2591297118728935,0.9927409443223264,0.32124346104813195,-0.08186845146466282,0.24314573374614962,-0.3168684467477421,-0.8150066248964105,-0.9693450743401686,-0.3169233083449654,-0.6388728646041769,-1.3240704600833164,-0.6948202215750866,-0.7611428145555919
1.600591914109347,1.7671040989252806,2.1211331407439418,2.038912223751309,2.1605762403256605,2.284900043882356,2.4517041424621664,1.9688174529298639,1.622988801214685,2.0463348412544256,2.568159619555758,2.083686395315133,1.5207962225764802,0.9179239820721643,0.15170199365987916,0.1929315554470981,0.41107737553355206,0.3198960258573182,0.12333684393365389,0.9993569610992815,1.7648368088546023,1.6947106058510317,1.931509355102302,1.09471283743005,1.32643901014717,0.5045981027354683,0.21262908687596538,-0.028325699463509425,0.3267841633728199,0.4540017113874578,0.584981315895425,0.6349061193705862,0.821360348800339,1.4321628861533537,1.4325244393943302,1.6011856826472128,1.4908198312937277,1.4040562168920205,0.8119473091307366,1.1333972979996618,1.2117037021730117,2.1701188016807094,2.2263346119420513,2.596598301660343,1.8960540848962517,1.6724112835188616,1.7642835114572195,1.941895388031243,2.079191858422627,1.5546509573164866
0.6863360860425102,0.7210151085436937,0.5922417911031298,-0.5211806873398858,-0.17652376924559096,0.21932788435440348,0.30237064697241284,0.4974417002319069,-0.031851227793804025,0.32350155472947817,0.3572833931399085,0.6639175206400408,0.577289617665411,0.07495915834005562,0.673612718754874,0.7216576955788166,0.5052114288578571,-0.14464621489390606,-1.0685449453877456,-0.929640785683637,-1.0902925268773684,-1.0202448195598195,-1.153217834903817,-1.1022176472894518,-1.2162211323570173,-1.065722435184616,-1.3291813291070218,-0.9198417235197507,-0.6032529788796096,-0.6725555584304163,-0.06161333336056177,0.040630740756544347,-0.05120029393208539,0.12885290447450534,0.5353858787604575,0.5850548442039994,0.7905868835419481,0.8214297084536902,0.751257946645501,0.8758979332215757,1.5556878100115341,1.1405467150718032,0.5216787404946395,0.23144353154945044,0.8504306566421616,0.028918606034538413,0.15032459378205673,0.6765545442645668,0.3425341985285704,0.5410353683065785
-0.3325375181012379,-0.07956492371600365,-0.2797222545427234,0.11725880047982855,0.10841552720954385,0.2402359730272877,-0.1083398714024584,-0.06539183478255195,0.4455471780540375,-0.20684639976049093,-0.24690869940228558,-0.5541233853821724,-0.5335259068828052,-0.27258628686878145,-0.8392658088013338,-0.7761171170936512,-1.1625813406814807,-1.325522500905934,-1.267345763830743,-0.3498159728618359,-0.23009952239028658,-0.43570312840057585,-0.48812988178237804,-0.7796118721579928,-0.553162291284878,-0.2820548279628893,0.1717733853512291,0.1881370084652025,-0.2485460060835629,0.08733242651439727,-0.04194019066529854,-0.13656047802555848,0.036546253738246735,0.7607025012579074,0.3931861249192696,0.2511360403431748,0.005661078944642858,0.273792343640657,0.3651749459882614,0.8489933403063826,1.1687218500562673,1.2709787036955764,0.3236367836341109,0.8900617810833663,1.0552375087199972,0.5433693844503708,0.8635742570344359,1.1396211277678672,1.1949129736448916,1.061956022199759
-0.18698604137785751,0.634947371469377,0.7746429352260372,0.8301234900178154,0.9462185755240595,0.5741750733840908,1.439655679677779,2.2949710295761707,1.8349729560570858,2.263453019400909,1.7654283894586758,1.6225708471072813,1.0892622448654694,1.0863119944379935,0.46180787080982116,0.762535211955886,0.4533857288301282,0.0706720039245246,0.6451034161468978,0.5151699078322208,-0.17599469575805057,-0.33301262492262995,-0.002539267051705449,-0.24734056091010628,-0.061531109979887914,0.32422196514767376,0.39636179943351957,0.9967036983108594,1.4007968063249217,1.4645716342164319,0.9192411947458864,0.7955290072753914,0.8157722035601075,0.7834975501687444,0.6578866436471758,-0.5463235730042395,-0.047779760026277686,0.16544759381731178,0.861137687555186,1.1413426731684042,0.10445540737205192,0.47146351791065433,0.13722122464975223,0.10489201245577509,-0.20201771637422214,0.5048848759389895,0.22793567252718644,-0.009055308725601082,-0.23668068941997206,-0.055820066902853856
0.3571917555455649,0.08058612947564721,0.32141415556410924,0.04248106604776757,-0.24443020970138946,-1.2267672841862154,-1.2449779879156524,-1.2622198830977873,-0.7272870551766292,-0.4732504242945323,-0.008155957340334401,-0.045779661475334125,-0.24207440013518194,-0.5956875637961319,-1.195094926734757,-1.1058541179618386,-1.1898085508097531,-1.6263637295053792,-1.9238948409753007,-2.0757753749206347,-1.7917464342167302,-0.9998624689915911,-0.8493298386438554,-0.7587590180447845,-0.25908751819907005,-0.8663936400449297,-0.11109983454352022,-0.2356109058715209,-0.05113840867307357,-0.04299787963956828,0.03466149542996903,0.4406004909846223,-0.016313807305813093,-0.7456445431144383,-0.7305032892681008,-1.1655542803658667,-0.8483204495544556,-0.2400311754066413,-0.6334017634437719,-0.49440292410661013,-0.6228097025058404,-0.03422704422630213,-0.28653949313594984,-0.5811278945047105,-0.9269502244047703,-1.0665526876440392,-0.6927268732701518,-1.079629509099444,-0.793505381702264,-0.9292791171351138
-1.6088083320320015,-1.4647807437158369,-2.2859741159688203,-2.711174456119922,-3.1709201871787895,-2.9758782646190394,-2.77135179022162,-2.5808187399680547,-1.9755304830424993,-2.476518762002446,-2.314689395055968,-2.2987560055025216,-1.8358637891512886,-1.612115507751144,-1.8137252844956935,-1.8944812640776216,-2.106076389440647,-1.9747750445131225,-1.5349599932893265,-1.6571741829751745,-0.9411534241075692,-1.106477100880418,-0.9197081238012299,-0.08513244446507337,0.41596304343111173,0.3703977614825075,0.30696042887961705,0.3488444689041972,-0.38519970079005134,-0.4640432355459352,-0.1955497639441164,-0.2984961266934703,-0.4717106092025889,-0.31787845918313773,-0.21244272638076467,-0.2023856359115331,-0.7474987307664731,-0.5968242669267255,-0.7006407352616436,-0.7153481666622937,-0.6470405808960956,-0.16335909497524748,-0.5778166877489169,0.21625263472838208,0.6281394267993174,1.2283348459753793,1.3851541239045906,1.2417307916639762,1.6358080326374833,1.5286947171079903
0.10576625269056592,0.1359230130999744,0.611960794822301,0.8435341473665898,1.1903977154168834,1.4012177749763064,1.3527565249137872,1.5085327727076951,1.1287488067586742,1.6376384247440288,1.2549575983930972,0.44912614985946203,0.321358852524427,1.3160372332345271,1.4578112024761212,1.3032052563743688,1.7172436162713636,1.0876177011611243,1.3322549081348178,1.6207045953875634,1.7444842383613695,1.7072865407759654,1.3805250309441168,1.5504329299081994,1.4756867844889643,1.5770102100780685,1.8427371479807808,2.091900847596219,1.08511323419352,0.5945283210178073,0.9958503077904709,0.8907340675330672,0.5362981168138625,0.6498990271606597,0.005160382849183269,0.04537892919279124,-0.1123532531562852,0.13915607248736714,-0.23183706255681272,-0.4839430915719574,-0.6539637451539503,0.2625228593633567,0.2155276482223486,0.1918435928367361,0.7044914777566594,0.7521648513506317,0.6823442681236151,0.08441391542260518,-1.0328781657609984,-1.4178656082976826
-0.800245969628634,-0.7059869099863805,-0.8294604456785,-0.7975976398178205,-0.7750928655154491,-1.069192927397921,-1.397514629672344,-1.2129243064398174,-1.4418866233535759,-1.6511972273981588,-1.6441680487041879,-2.0998249806937284,-1.7162904260169267,-1.610839553701927,-1.8244373525749773,-1.378802842840751,-1.3050604292369052,-1.1265517064841866,-1.2130474617359588,-0.8514963318287889,-0.8226794538174006,0.02726051396303946,0.585725674165197,1.1856973667151265,0.5556749536189629,0.8007396440708199,1.095085743509074,0.6137239298158901,1.0126311408245041,0.9147288027877015,1.0556120636021369,1.0275281783464478,0.7044429397760077,0.4194410809112285,0.05835072409055335,0.36453509841442117,-0.1168565709670374,-0.3293461078987786,-0.21752643951654912,-0.6399002402115631,-0.4085674620760082,-0.777419732848849,-0.6783635247009592,-0.7243554521341027,-0.8724102048451842,-1.267929834548315,-2.049349148990643,-1.786440812315523,-2.2173601223531874,-1.9592333268484579
1.1732779177596446,0.7767798225413264,0.4076324668559162,0.21663842030863464,-0.036123108339641934,0.9512560301742269,0.7079224673419044,0.605530730982934,0.8653301858659597,0.8311714147742635,0.48658921469645894,-0.03335876316415565,-0.31236524261030274,-0.3647271024151717,-0.12721846731313707,-0.8517681755705974,-1.4376332970898973,-1.1830477256344367,-0.7810347682920409,-0.6609926351492852,-0.025945230418294465,-0.04368218637876312,-0.4115504261008165,-0.542579509566311,-1.0111366602933822,-0.9665596557313664,-0.660435842844189,-0.27609757178700606,-0.32446269455166693,-0.20520380792067788,-1.1887746972222994,-1.831873551914086,-1.2964836766652954,-1.3997351347749263,-1.2705040884979824,-1.148608045650683,-0.49634385114232815,-0.8071700053708926,-0.6179834300519569,-0.8538342631742165,-0.6765215053518615,-0.18687257412696867,-0.501339343506583,0.18176921600179213,0.09145339425097009,-0.08426871395839525,-0.45331390232045893,-0.6032668289795213,-0.48941632715552297,-0.08842224282854921
-0.22297044649787484,0.1397154319637411,-0.2226353600527423,-0.9046962634920295,-0.5069725907863073,-0.6296980934438475,-0.6980296625492641,-0.8948839289857051,-1.1143235451127453,-0.9982754940342142,-0.3600968444298919,0.4994528904836763,0.8916968401964382,1.3274975755191682,1.2752511847283383,0.983409788487163,1.47134712067783,1.556323530370347,1.8321362573810958,0.9273022048915989,0.5389106597092165,0.5020649965843902,-0.2326403750904422,-0.2222439025933998,-0.3195815967640907,-1.0922148937897804,-1.107225760377233,-0.8536581044765907,-1.5427676477983177,-1.1771311870689052,-0.8466589854426306,-0.8044516295814192,-0.9344672006128922,-1.1852747906187173,-0.49642757833944184,-0.805778118107043,-0.9020881549370773,-0.7164218915342313,-0.6146961577106571,-1.289877044183013,-1.065459034803736,-0.38790254451088974,-0.03159774305391943,0.0639159739872491,0.09713158549377185,0.22107520368360936,-0.1329275525494395,-1.3701818294884769,-1.970958194946991,-1.8630144744103292
-0.2537861158462968,-0.33547804368654704,-0.2574648045470031,-1.1008852907194882,-0.9465720336757799,-0.9704365137421076,-0.5153354786097653,-0.6503890324589939,-0.519733359421024,-0.8873071129521772,-0.06509906253899564,-0.11473878778519743,0.20955856363959016,-0.09986498661198799,-0.2739928262835728,0.22906825543229942,-0.08840041204069846,0.35494629943992295,0.3898835428364948,0.30388053883405636,0.0881146880615132,0.1395724508551339,0.699800181085899,0.9632244822837255,1.9602387860882513,1.1019879157702868,1.2534401604403809,1.2397742322502017,1.1789303669590374,0.9384195755321838,1.1900705808441137,0.9886207437461813,0.6830689248276652,1.137384093968767,1.0943130770217533,1.1005840677441439,0.7341428793889329,0.9972484886180769,0.94145176648869,1.0763374408186452,1.1237979558407674,0.9558812348211974,0.9193534595527597,1.001593187038412,0.4805489134201818,0.859705782453096,0.8860113483280518,0.4284246699715826,0.3836896257651397,0.29014763930809434
0.24800141679678733,0.7802536799264249,0.7380788011916902,0.7217390992002568,0.48466523208321455,1.2285866550656357,1.3417507924858783,1.237114930857498,1.7783632773327027,1.5001957328540543,1.6598804100957196,1.8914255304288787,2.907125980818628,2.4376523082452373,2.2219596310377123,1.6783996513876547,1.572762259428746,1.2236941454502008,1.6027744050102177,0.7368494633667325,0.3558239358219349,-0.2587682598896981,-0.29554443196134644,-0.5216900620718686,-0.19276613746466867,-0.4004853118098334,-0.7368812746132858,-1.3456902868395457,-1.6088406975107057,-0.9824508728108043,-1.1536607197402002,-0.7136719846752646,-1.1128215754149406,-1.0861860037635804,-1.5991205069341914,-0.9613107956952268,-0.5875415946541502,-0.3286313550521331,-1.4657913125560311,-1.1788307616929894,-1.6053336990187397,-1.9705153710520273,-1.6713261017350038,-1.9776571537112382,-1.5820646970089276,-0.8417366842375728,-0.32267341194384935,-0.05461788479602001,-0.5664825053656553,-1.1703159889187449
0.11956847760503789,0.5328383969616799,0.5147007385262078,0.3673195480110891,0.5338041169151644,0.18885908257187897,0.2197269885214783,0.20281460298717494,-0.14157025206512155,-0.4886309904212502,0.2076524556174765,-0.30297380919526334,0.0022251621745853455,-0.23192521723499668,0.06928792814389374,-0.6832976983936875,-1.2695037043531763,-0.48520750343019076,-0.5905287842814445,0.3251045783739225,-0.5982100659304699,-1.0006095654696399,-0.3930984233558889,-1.0947421477199468,-0.10274418739620757,1.180625722459154,1.2974229836931572,1.15317420902295,0.6751273191508188,0.7751948062861438,1.246506354070077,1.0469840803628678,0.8709225187296675,0.6199614095055829,1.2553682284749543,0.6090012433650303,0.46710373714253633,0.7500479445457254,0.6433705541663555,0.40481417148298665,0.628100426060784,1.0132790907662492,0.7147809785341475,0.5022870824482066,0.3947147680324329,0.6685491987850202,0.7842215660606916,0.8001669866596555,0.6352435425743738,0.9011745792487318
-0.38589342967576196,-0.5898120953455919,0.10931705169579557,-0.42807319352502954,0.06212086131118249,-0.583754335943882,-0.6453316453336881,-0.6224927080239375,-0.8407024988456763,-0.412209632888152,-0.08578031117348331,-0.05318518739452368,-0.5968182094539863,-0.17893768154722803,-0.3004458026143019,-0.004682356605397965,-0.37433180284830125,-0.32066635906426827,-0.31407162780015385,-0.48480596002443915,-0.36208096521768673,-0.7032318862248124,-0.4466602717281221,-0.15914340553512044,-0.37146655767947967,0.18808815368372614,0.6450760493210286,0.36507107977001074,1.1410472438429353,1.10326107256836,0.9118183453150062,0.340516565695939,0.5031192080221644,0.5243385512965137,0.7721000143424279,0.6922737140723503,0.44041465890160075,0.38988261143026615,0.5621840094277029,0.23398379050469129,0.41695140107579937,0.9748912496520372,0.6550077035910065,1.2228955387571845,1.319996163305119,1.709467219658667,1.8719443711028514,1.950562483884018,1.4994624613249423,1.5056235072583892
0.27084588453678043,0.049820179486583634,-0.29262650229114295,-0.5434461369115816,-0.5764211642759236,-0.33094497930582795,0.2689621616676407,0.46396545291682556,0.5008242436543101,0.41088232187200857,0.488640040471506,0.41780347525543465,0.29811395587994094,0.15269264607704344,-0.21026123589919532,0.009341937859303517,-0.035190735978718364,0.057130821934358415,-0.11734355831516917,-0.3011879621027333,-0.8154111499740891,-0.23313074210888504,-0.7222158899281933,-0.7586340714354018,-0.3306630581624577,-0.7704962139308326,-1.0213990221266722,-1.1453606415321087,-1.9356604118668812,-2.33981465595459,-2.0662178655902603,-1.9659541439945019,-2.070638081634304,-2.210168252130048,-1.8313342626671172,-1.5314428549904213,-2.098286959094771,-1.7294052900362342,-1.524887033031773,-1.1598688300218312,-1.5834529321763051,-1.7065814440100728,-0.7368770154882006,-0.7745462475921252,-0.46498850635296285,-0.27924958780445674,0.190015725271278,0.5055638951748083,0.7080222865970757,1.302428637597918
-0.46787998624509836,0.010792997873415321,-0.0768627971590767,-0.45236589287804707,-0.45498875566066255,-0.6260249665783983,-0.3978178497825466,-0.5135494353395283,0.07949886919066962,0.2988298427804064,0.8702014510463486,1.2734102926477957,1.8934706338608647,2.189374933455442,2.348668927104586,3.022736797827411,2.3700597310466995,1.5341879844779296,0.6067345869762538,1.2234457463599564,1.0301840239340416,1.0936582163462998,1.7751628717415793,1.5331614534569886,1.0571700685776262,1.3561136355351275,1.5399225271981416,2.115984451627538,1.7467840495285056,1.3537349710638922,1.1908226906836437,1.0474344637689388,0.7413632506024516,-0.10969654852460971,-0.4661490739742207,0.4425012714391836,0.9585511507536557,0.30243060814658157,0.28098584017354683,-0.20948012085157028,0.41940133021397696,0.6381868452923165,0.4402588837167363,1.0071974286885048,1.1632494297830043,1.0110128373290386,1.0443143631920992,0.7733943117374554,0.8963840427748584,1.1579867534958979
-1.4243498146537228,-1.5231670919822133,-1.7106646418853408,-1.7796960965732296,-1.5919897000237986,-1.4450994119224314,-1.6626967327453797,-1.5608853864222771,-1.1008988475319113,-0.9207979424379904,-0.4969775083895557,-0.5142802833280898,-0.12028863162440073,-0.9717784698677151,-1.0639470214671816,-1.2358750083149268,-0.8250883550444441,-0.9197129106753144,-0.6824777033010132,-1.8277460293105088,-1.6155038603787888,-1.4397623574278726,-0.95350596141336,-0.43155740587682073,-0.6503588011299063,-0.8136988261583347,-0.21254026027095338,-0.20046936937604273,0.08013014508824375,0.15534410399001658,0.363013397688719,0.6221524433484328,0.5819960201523483,0.8305912997479179,0.6175907435627576,0.35948310441393255,0.3157355968200575,0.5816650693060306,1.0275552382277486,0.9040849476665674,0.38778348110063915,0.8309095256847183,0.5307906809286036,-0.06730444136808608,-0.5926543990215877,-0.2468083852559027,-1.1654430412702292,-0.7520306675930503,-1.417133405387302,-1.1250005880374156
0.7433338872534242,0.9420708835191006,0.5567552670482694,0.35872082465555327,1.0740866314543565,0.8065252226411622,1.5738820361788377,1.3245147768233332,1.3919885008186377,0.7857777314593742,1.3699595418083783,1.4393929715190594,1.6409825526344082,1.5192306758526806,1.3178500668652586,1.559738316160619,1.4442012382613925,1.3039928612432676,1.039455010361896,0.5742916440346617,0.4436924748082991,0.41122978165522406,0.06536866705612915,0.0018815187283713858,-0.07347640893596503,0.13672205497244688,0.6721395327310156,0.8615157645428753,0.23233485836302295,0.21318115240409805,-0.01192669434783115,0.10174037876613974,-0.6690510028839604,-0.19485937030438272,-0.41861066764807286,-1.3175940399089676,-1.2120557498671458,-1.411220729996067,-0.8009566754236978,-0.6532285930303501,-0.5862173805956508,-0.540005934300465,-0.4738279866935652,-0.7941525575017965,-1.159734639149216,-1.38688117102047,-2.072266129694848,-1.8493196492731279,-2.259426247189077,-1.961057518592088
0.15422151114208038,-0.2140628547571099,-0.1468375411941688,0.12833097607756333,-0.704928610433018,-0.4891921695057546,-0.158451343985346,0.04731017511409767,-0.4941450882850457,-0.33368234258873186,-0.38665453060329846,0.38492223991655783,0.19349577304645313,0.4223073629522813,0.714579945251901,0.8432895876955927,0.5467279746905707,0.35005812921174534,-0.09160871117651863,-0.23829102735663726,0.2873412995928256,-0.48917996458764,0.28658244100669245,0.6982152518749413,0.47628924002666934,0.10162763318670975,0.47826124110359414,0.8539808433495808,0.4570689903815568,0.5329659938328221,1.001293195228464,0.5216633204469252,0.5613394485715251,0.5778814970748821,0.8165745091958994,0.6714769482028752,1.2197643688748931,1.15904298974888,1.1388519177654828,1.013517285026086,0.8036967279798555,1.2516579699839634,1.0989169221932793,1.0153537440899014,0.5618420437833206,1.0936025910924794,0.5754877388470454,1.2435959714569507,1.1269898818943855,0.8187244150440794
1.507802251824246,0.7345116607285894,0.9284837227391226,0.1974887591315213,0.16028734021689342,0.5325794817493141,1.2267042382892304,0.6265778987488629,1.1590896123744183,1.145681379932888,1.5438022361038417,1.337740022062059,1.407840516917462,0.4310531325800567,0.6397427952427213,-0.07555148607065217,-0.46909176357894283,-0.6166628063946054,-0.09740633030558501,-0.16259902141328597,-0.6980530982575682,-0.07952750009962721,-0.0808062561147939,-0.7198965159610993,-0.33385355875611894,-0.27701745861734295,-0.49823134974844646,-0.09490995695246272,-0.28832568161828004,-0.10795898994673798,0.5214634482973785,0.13106324328049784,-0.4435402810263126,0.42742370906003596,0.41599622627900545,0.2925614777159382,0.08456196474343489,-0.18070050205462526,-0.4316634570299096,-0.7850905497173392,-1.7210514799304086,-1.654319361504864,-2.386875873616383,-3.172682879003034,-3.192608140820622,-4.154912834071063,-3.1117882293717583,-2.7415795030898717,-2.2979482277166934,-2.244925535163551
-0.08199563214456497,0.03433275735626914,0.1378850344353902,0.09650738936332195,0.49814027973125524,-0.09864084719579091,-0.27034809056705367,-0.8141452079216199,-0.8557374215753609,-0.7996642620685209,-0.5058085293731784,-0.4415040756035377,-0.6860593931961863,-0.8801916628476016,-0.8901095404622771,-0.08121769184375988,-0.2826743567514431,-0.3499888887444881,0.44871375509492456,-0.018972457965719974,0.07739645759391975,-0.32784887060097573,-0.1335331075211801,0.3092583875568922,-0.6211574718894014,0.020923450176822664,0.3601797317458306,0.6089153307170136,1.292634094278236,1.0947289036197336,1.7558271094232778,1.5529263548504069,1.9527066437828273,1.657610103639,1.810306350169029,1.9503999294588958,1.2023856061654585,0.8718210865562654,1.2776941796810253,0.8719255952684646,1.8164195699964134,1.9541035192931175,1.4865952274984224,1.2897894918402049,1.2732696966988386,0.5347674987668986,0.09290890498108009,0.2565947114910326,-0.04237688631838938,0.5104412424309949
-0.19559600875407945,0.9393767116196331,1.311035416007171,1.0973353554949525,0.7748364204417136,0.8536220815212922,0.6494455397174983,1.248383888950025,1.7438339542455012,1.457626236808941,1.265672014850544,2.0132644133726543,1.1940797873306876,1.0966058598860573,0.8637692282244519,0.5320198828606145,0.07576164955565487,0.24251209031297058,0.1739726850561497,0.061142485154108056,0.3044700844594972,0.25655869076731386,0.585504922410115,0.48534399924549854,1.1928841093643738,1.0717801851402275,0.7002204266847889,0.23037374001160427,0.19695296890572747,0.8096384291542021,0.9146877813219856,1.27306514625443,1.2244199906133093,0.7381313099286104,0.7167393624785081,1.2964205049594653,1.4764533552941204,1.2479475941182336,0.6454065783133196,1.110050142990172,0.483386335999702,0.10285208955887981,0.31178989166490056,-0.3840506881583028,-0.15102090307114352,-0.18825031127455083,0.1514637173784126,0.18190539005356757,0.1487274294456724,-0.12373035526069386
0.41057297311225527,0.40628978616836364,0.47820424915831145,0.45596636959624226,0.9674854732966559,0.5993840012486485,0.7712755998916914,0.3472188682362773,0.11874730011247163,-0.26332239950237685,-0.41988895791460423,-0.40560476805250467,-0.5891495279410602,-1.2353827714727876,-1.1821893047788614,-1.1482206449721195,-1.590033572354569,-1.6296676342440028,-2.0649584171794277,-2.6246527045945403,-1.564076267617592,-0.8007222257016894,-0.6597560999759738,-0.870304944037444,-1.648725008347141,-1.3661895532285409,-1.703858729910628,-1.8408277546169665,-1.1547235828293256,-1.2533482552194668,-0.7432989057020951,-1.0463914122805218,-1.1964672287170783,-1.1037880266421,-0.8020173901405501,-1.2629240286348884,-0.7861159445593626,-1.1785984836768744,-1.6219149788040763,-1.9620225849748887,-2.0524089541263373,-2.198172885722815,-1.9593811281457938,-1.500063527660506,-0.693497499338791,-0.29580891633741546,-0.6052564320343679,-0.28862727892968576,-0.38332891988717305,-0.032458995089316836
-0.06615328995280212,0.5876208614975316,0.7556755057468797,1.0669780932828965,1.0134388051323129,0.8591091725821445,0.9114839933375731,0.7670202494339562,1.260143979189176,1.457591257031883,1.9087218525786276,2.250477209855332,2.912660140771657,2.4044434802163877,2.3884106049940574,2.711025443699674,2.5314535065427477,1.802115476487417,1.3252836526213807,0.876531741493509,-0.15960306174415634,0.02915536419388938,0.33857263373223545,0.7180944539074915,0.6230963670478802,0.4357561377590481,1.0611726629084666,0.6448542877423028,0.5343002989970105,0.9607472599513174,0.22898196045548616,-0.42485183028630596,-1.2207288254960484,-1.2714210977187577,-0.39766950812649404,-0.3710631551429101,-0.7110825260623453,-0.5458011569704596,-0.7907452973234573,-0.8149295142258385,-0.919856265179289,-1.1125299675107425,-1.37907487308525,-1.7889750073823258,-1.9184508551477246,-1.2671762497605734,-0.7677772873816524,-0.7343110086319579,-0.46690207976172216,-0.7683539395252962
-0.7891345169992617,-0.2031584456748894,1.15855011639075,0.9440055354038394,1.4379588329523292,1.5963755882793658,1.1025185738409284,0.9337955002688522,1.2326867401686725,1.7547312394148034,1.7139863787010892,1.305350792745979,1.0748451688973937,0.8406539992898487,0.19739288707110753,0.40060406883349564,0.017408344674257687,-0.3021767751406821,-0.24332102770693406,-0.5895976702696385,-0.2475137305784595,-0.032140465443445294,0.40686434259563636,-0.28938588938653537,-0.2708657484746569,-0.4766360917672429,-0.2035759689117447,-0.31876030728346844,-0.7522702958546009,-0.7572757021432868,-0.6477917402120476,-0.3447984077149112,-0.1293769494851346,-0.3764910696837528,-0.48207598836805937,-0.2616162958009348,-0.15089650775878122,0.3549729724135208,0.3352839446424522,0.2753975062280607,-0.28474486947592315,-0.7453961079504833,-0.4156918353635868,-0.1269490989542302,-0.13906694119370594,-0.006160471069102526,-0.32763183847690136,0.38382489292744787,0.9118010480215388,0.9402211411713786
-0.42889517905053565,-0.6129159107757446,-0.5985539250747843,-0.40306422287356497,-1.3114438477774548,-0.893957006809008,-1.1054078127100615,-1.3812518095934527,-0.7463472004335598,-0.6482418997988404,-0.6588105253305522,-0.8166141847792214,-0.5755060392873969,-0.43508752171038556,-0.3270905994006335,-0.4708663562088767,-0.38830854702679146,-1.141972228555939,-1.3555270640583277,-1.864435064713972,-1.2657575416313551,-1.2725998782311283,-0.92211202611551,-1.1169420535172632,-1.6219150026585636,-1.6839051148096615,-2.157260401491195,-2.7652674418776813,-2.044423404277717,-1.8472644565915317,-1.586922708535365,-1.442243478612225,-1.225047691513035,-0.4835107140638564,-0.5892110132344145,-0.7427012537015889,-0.6287874375267819,-1.3560351952779555,-1.0753287582507738,-1.2673349081332055,-1.0679084973982524,-1.0563593477476536,-1.0671412595651262,-0.4568935860468845,-0.8146934157278295,-1.1509429694512325,-1.2807767106687382,-1.5000125794101546,-1.1334920671959774,-1.1826825346497103
-0.9331926893889352,-0.8551202649682659,-0.6410835070788096,-0.7933884091522097,-0.5450039502151586,0.07972451981654075,0.0497336213210134,-0.10980882534167011,-0.023611088039272397,0.2059531351537381,-0.5475705585404478,-0.1355271404711399,0.026773302349293503,-0.7285047678580878,-0.4551872046001376,-0.17971649552274857,-0.07256426819636107,-0.7494493166803151,-0.9062615410420359,-1.5536635812097437,-1.1426002858826905,-1.0679720941921855,-0.16239291218924767,0.09129044104683796,-0.8419960111895528,-0.3304603347107919,-0.5136000691652588,-0.6890983222199583,-0.8658352900187282,-1.3519143739860187,-0.6661701065598582,-0.655849535664607,-1.1769190716582794,-0.6980599953804346,-1.0097597820809914,-0.6293343543277239,-0.7232647209277979,-0.8046315597259515,-0.863903061738711,-0.6904790653600417,-1.1054255825306027,-0.3517337182137988,0.38934897820568626,-0.02526583418466283,0.2653410691324639,0.7226094473667438,0.5510766208561771,0.997102605634917,1.3865749167864823,1.4768360558636244
0.9630043518904544,1.102878192418919,0.8993574174290793,0.15992030870839238,0.09371087420841309,0.3565908442034833,0.6203590522739759,0.7853513881486868,0.8481852447770445,0.6906222054466382,0.4918772658699807,0.3086815771039309,0.8918194845246312,0.9760680512856086,1.1831655433471435,0.9976353154653094,0.7472275551897876,0.3780232651827228,0.31328536204331076,0.626152951233786,0.16218255668059278,-0.20368263988782392,-0.0376224844026347,-0.06602099393477173,-1.022995940825199,-0.8971167059187123,-0.9825766400844171,-1.2669698953547597,-1.1185218874284013,-1.2109959425788017,-1.4397496911303587,-1.5486595389736473,-1.361655353167835,-1.0542242643575255,-0.571385762209134,-0.32370105867584836,-0.19273831457223659,-1.3295420123170434,-1.792489875202087,-2.0300718823489072,-1.7115307537747289,-1.8408685975759593,-1.5405323171792584,-0.8255575303012181,-1.025646424959352,-1.6119699067288147,-1.25472860525042,-1.028671270406335,-1.3038644081775337,-1.0877843540577565
-0.09769954587133788,-0.8091079498066224,-1.1176433148447282,-1.1179060003527428,-1.012289973067697,-0.9967823193605536,-1.4148664793253034,-1.1242217308108071,-0.9402986259232813,-0.8473634162701781,-0.15906601629159017,-0.27485017299275916,-0.3816546418853645,-0.4599900653339093,0.09180071978341035,0.20014559468857335,0.06139749706382682,0.11246293164762883,0.030176560120813548,-0.046539123465675396,-0.1857723187823465,0.03250756926127671,-0.8057996306767048,-1.0794630466453443,-0.4211176628385576,0.26831723958110076,-0.36798402839106353,-0.7717687178192273,-0.6570623180327279,-0.2948369102167211,-0.15099253357033304,-0.2208734928242993,-0.5237795223412012,-0.35435802538738015,-0.5610514990043406,-0.6249732622944997,-1.193465041424022,-0.9520497640973724,-1.708193193513151,-0.8817032677358627,-1.5114424714813346,-0.8852069706113093,-0.9712203202148492,0.012622259093212162,0.2235361953465329,0.4466361765513977,-0.20091263343622598,-0.109431766783131,-0.48697552506747227,-0.06914758203455126
0.21563953103028935,-0.2756510854706807,0.12518034281456006,0.4608944098906578,0.18284944652032614,0.07164318980813243,0.6467890690087461,0.7195691170661611,1.3193571505831696,0.8852669421282244,0.4958856806389064,0.48120697820976194,-0.012242293503989898,-0.3591158470669299,-0.37466058151199244,-0.5386597799919911,0.2694711823207305,0.2763034924058313,-0.2381650368461383,-0.21532244388591346,0.23252592815663298,0.687741648344179,0.6963902703968036,0.21183402715751712,-0.006126388182227333,0.16186361867387722,0.3651967244144557,0.40895330326244594,0.19586989938998473,0.18154643279585353,0.2659020946176997,-0.11779015867451237,0.09800176997115172,0.6425158158341401,0.45161769585762473,-0.16625375679736656,-0.2745837508117037,0.1490137077582884,-0.27579808313255216,0.27256356259257286,0.3601195158815809,0.6120351119605627,0.2065552963936032,0.12033207991048679,-0.35621901771110737,0.36773146510575233,0.17105126108533877,-0.3380621682716796,-0.3680431837521658,-0.6170745475776709
-0.34087851737310537,-0.12003853177376865,-0.11430285123679733,-1.1888499619616126,-1.7795669609155307,-2.548690056375054,-2.367036009239782,-2.2080799188083557,-2.0906002927783778,-2.198245355110093,-2.486579486235809,-2.1236038524214065,-2.167334447000867,-1.6089933571130284,-1.2973900711436768,-1.330435988321591,-0.8170439478711812,-1.1478177856897451,-1.0195569372222704,-1.3350767090834013,-0.9714424123087029,-0.01810604226513218,-0.08476641263335515,0.1055417955646552,-0.06755346922289793,-0.642865339612276,-1.1942894305463874,-1.1483037667116525,-1.0530807276367993,-1.5018050296285634,-1.4671329387819991,-1.459067754741129,-1.5396419400044652,-1.558318130357435,-1.1966950406134857,-0.9351610652992948,-1.1315933776589762,-1.0720631070215945,-1.3622644732949345,-1.4124344195204999,-1.1141569992720437,-1.1282009145309857,-0.9870673143033837,-0.6816879712899517,0.358159401634193,0.3720240717598895,0.37135136018712167,-0.2661171547419156,-0.3592318338220056,-0.4352912166302306
-2.37345524306459,-1.995311700497521,-1.7745682680110757,-1.4483384135221182,-1.531500837198993,-1.5138023408480599,-1.692531764008199,-1.8165907408048099,-1.3853439458919616,-1.9998630099958616,-1.8730158727362238,-2.00082605708962,-2.4794928653068906,-2.445779327698637,-2.189943174694435,-2.5567095022935016,-1.5377566432284282,-0.836205746253646,-0.9796043127061997,-0.9658622895908651,-0.6096932929897173,-0.8359142086770968,-0.9187272966324956,-1.0161165469537177,-1.016850215971105,0.11993925721985017,0.4101603191373794,-0.3296566690275116,-0.19937300060778482,-0.2722302816009014,-0.49651909337342454,-0.5668576305848373,-0.5084503770600053,-1.218930738332195,-1.7655494264731262,-1.6900612947245444,-1.1769723611120322,-1.0570539333444802,-0.7829142758388281,-0.5569340398323702,0.033703718225764956,0.024028965569330436,-0.6974887961871076,-0.9739593295312663,-1.0101078700385602,-1.430957802595278,-0.914451702653025,-0.7379787434347311,-0.6119764972362016,-0.6035933129048033
0.7733733938886475,0.4960217033201409,0.3062309653665028,1.0846085646926358,1.224783580064038,0.9904423878409659,1.1371988570997598,0.18553669743895304,-0.03261936933864514,0.7365291420275322,1.199768510552224,1.10104315523897,0.9405704854642113,0.6708419801162364,0.4850940416656432,-0.03789284237564394,-0.25712984163808383,-0.8999208036949368,-0.7526161107013114,-0.7965122106041524,-0.6654341067190267,-0.7441880943054209,-1.03692997791055,-1.3800649398122053,-1.0202448406432676,-1.1704544752228465,-1.4078206339555668,-1.3392329780980323,-1.2278424334822549,-1.203688277864181,-1.1573018837993012,-0.8147329205437096,-0.6788742547109634,-0.054077954473932294,0.13987949303701372,0.3000322295864276,0.07712467442569852,0.5662349507958531,0.835667032346625,1.2078332237138205,1.338768695035519,1.578516809025312,1.4697323239808178,1.208314566248461,0.7072450728576617,0.8530795529868939,0.9562035105109513,0.7785941704800664,0.5957520402321665,0.512557164274017
0.06799407629503154,-1.3043442998457393,-1.4679807323458907,-0.8782038230938561,-0.6999020046720216,-0.006010981384098018,0.5839381132207258,0.4274837702046281,0.5869529795721596,0.8270755127240013,1.1371384825402655,1.3359903481440092,1.5075139243669047,1.00783698082226,0.8323475665194797,0.9268290816804715,0.7020041894835222,0.7360656290155919,0.13549084368511813,0.1740273461781882,0.23442595479354686,1.1538337357345245,1.9607572977996657,2.005360226787939,2.4932746517476896,1.678456304244052,1.893074124965364,1.1081904930311721,0.9668999709060737,1.5752877520189064,1.6215373331343244,1.2951456153277108,1.6467110596896823,1.6761125017678986,1.4743941678056443,1.5554267163362063,0.4611625764301587,0.5763564547448755,0.6636575891067948,0.8419584746760297,0.6033168072677781,0.6310876536304227,0.42616715771938135,0.9444528992914214,1.2735722961367306,0.8769341466579429,0.967620418145098,1.5089734793369072,1.1812020361494862,0.8682489639536358
1.1743440286183924,1.251393243911046,1.0294163994914953,1.2939852087159938,0.9427139749767444,0.5469416321103062,0.30708249778463587,0.13332605711664675,0.17144191048216686,-0.4310246752906798,0.8046068851670596,0.2782033483474626,0.6224267127387193,0.8424160716330219,0.7044500248006933,0.691387080306068,0.820124197356171,0.9698478550815023,1.2675501046414028,1.2694913765717168,1.1862312977610876,1.2030636755043822,1.4918098411345848,0.9443063695038104,0.731823236191505,0.5363143196796546,-0.07814451127768558,0.7544072298208053,0.45668575960932617,-0.08553338045477543,-0.34189740808653524,-0.30401492545676984,0.16984005089608725,0.37448369829651934,0.8736124090845302,1.3717074955632518,1.569804230201286,1.6361145052049473,2.30028277839869,2.0772389413048162,2.370873988489583,2.5485398472126204,2.4011911463879043,2.445954141505165,3.0241152202497585,3.215487423768512,3.1049359899813864,2.7353782681806402,2.5142489936068264,2.147417332632017
-1.574036792312306,-1.5792781078867457,-1.4917786494422238,-1.467776105479854,-0.875654728795169,-1.0192443620552518,-0.5678799610752323,0.02414927209488106,0.22331270800700118,-0.24183624911566384,-0.5829924262082035,-1.0583479708058199,-1.3279171495142543,-1.5914534443739539,-1.226245803621586,-0.7931348816430445,-0.261829681847867,0.03619544803015623,-0.2764362457481278,-0.10837868675220223,0.1660273599353961,-0.19314543773680123,0.6130166248933996,1.3319909433003336,1.2127582743816363,1.4092533542590944,1.470773307332721,1.647137849019024,1.5413654740355132,1.9379747674909702,1.8391412974490982,1.7314382758898754,2.2890832321836556,1.8586636903044,1.1693703522993062,1.5968677674746696,1.1141581216310763,0.38090340929041244,0.15363654262265675,0.18363069123410974,0.33892123987810374,0.4250420643572129,0.8897932980235412,1.2181774881163754,1.7799226464604407,1.394803771010595,1.43520820221463,0.9095483338735284,0.6290412684856133,0.27993045170702247
-0.8054103618690264,-1.1238987282721682,-0.6218717321507251,-1.0005037214426413,-0.6479834574300105,-1.0068092116230802,-0.8794114137993613,-0.28234433230829764,-0.19748813874476526,-0.5928372246549476,-1.1482442345008137,-1.3472969895764517,-1.4200002548426518,-1.3733202583998991,-1.6568645245663087,-1.1593822289606932,-1.031267852124632,-0.3747090692127064,-1.0945750321887462,-0.5639907298434546,-0.7174395669394161,-0.44007057941655886,-0.2784210784394758,-0.5993140179712608,-0.29439819844184284,-0.6632969004402478,-0.32745583122521926,0.012094940569454558,0.5802403013475981,0.6587068921532833,0.09035471228161737,-0.6711168531061719,-0.5530828488412582,-0.7760573132276498,-0.9612001077063602,-1.3218796546449436,-0.5888489219692546,-0.6271261577657253,-0.7458620608055677,-1.2047407364515879,-1.202091604513521,-0.7183427926002773,-0.8371201892297976,-0.6028409554135302,-0.12704084697021112,-0.28695707430576145,-1.1279047627990677,-1.5091829482716115,-0.9388140407369304,-1.3986565783748717
-0.6574277606199873,-1.0548475001082094,-0.7294623765389632,-0.6681314058388099,-0.5468552992800799,-0.5393468202741563,-0.5124962541981501,-0.7362428917375174,-0.7244417677563701,-0.5235056563700783,-0.4796263977165548,-0.05283670353810917,0.4833735102187623,0.4486876154359814,0.7782507557894516,0.8098798958369706,0.45348150949637667,0.5745303188700173,0.6172209718761451,0.14334462344675677,0.3602484855693446,0.4107576492381814,0.4571288842519436,0.8003070467025193,1.3481972606155186,1.4994726804293874,1.9217933540057197,1.653190899277119,0.6735127949927069,0.759039088438862,1.2744741682396088,1.151780800579709,0.9353894180375608,0.6625465463600825,0.39556658619999435,0.6739680848878103,0.736979756037437,0.6496727973895353,0.3623549218340601,-0.25895629110191726,-0.11912010877835677,-0.5625510698121966,-0.500562719171047,-0.6518562074018645,-1.440403580535709,-1.0758475296487147,-1.2731003000011563,-1.2009085986744805,-1.5709652073519822,-1.747317266022682
-0.28348153126004844,-0.3040682208814866,0.7502822214809529,1.0277498743090456,1.0368119155721434,1.070154719624416,0.804887140215093,0.7515673748774243,0.8830515322403265,1.688563154367316,1.090365724693035,0.7833211419355498,1.3984783867364827,1.0317730366745994,0.5264300880918208,-0.01839508397236625,0.06624714747416345,-0.2688806845934843,-0.09521986522052904,-0.13308085241965473,-0.24558670499977583,-0.45756322724666504,-0.5256262456987051,-0.7453192692815844,-0.8001961302394188,-0.7424524363920739,-0.5481069018588258,-0.8177831886977683,-0.5965938915253336,-0.05629380500490451,0.16752348060335856,-0.3514183589666086,-0.911287537120505,-1.660191810469562,-1.3408340875747142,-1.180795901415671,-0.8027991306206136,-0.550649346943472,-0.4611072058129307,-0.45072675917039495,0.26053683458199056,0.4660528705803227,0.09011401738466512,-0.2568800500193631,-1.011678573186272,-0.9234572236952608,-0.2039125580387263,-0.018943265849604846,0.04010944603418587,0.8847991003620147
-1.3003342519878907,-0.9463403585615277,-1.281408156343892,-1.6849615743866773,-1.2513049411475934,-1.4681846466982555,-0.2919619844948476,-0.17224933140902057,-0.18247957856865643,-0.19476811359454266,-0.19612291147991703,0.9671580807003985,0.9127968060481216,0.8189695072118285,0.20035604717634142,1.074745023736479,0.922255227515283,0.3627164144962957,0.5706512287064203,0.5327914334407433,0.040095794426786714,0.22218074502087876,-0.012896817633836169,0.4464368112592615,0.0030396517103956785,-0.1449299647713492,-0.3506397456790586,-0.6351797830306715,-0.5096547251967669,-0.5080038444423707,0.17189033986150073,-0.05627942861780924,-0.008043995799205908,0.15227247904853228,0.01716579259472056,0.34020783302700003,0.25441762935833534,0.44224738793108515,0.41840637220067955,0.307179453148579,0.25267918962682334,-0.31129433004729873,-0.021568251084392955,0.5309803717855212,0.01494356061495338,-0.0848391455288165,-0.441628837170228,-0.6447295454655695,-0.6549925626030206,-0.9499630045905222
0.8999788543512778,1.118704884693944,1.036587545526298,0.5644149998923201,0.13389642162951285,-0.4700240448477154,-0.4719604530707681,-0.6156792529225353,-0.25879347185808693,0.32874940991495555,0.5965108961208331,0.4116967556744186,-0.04339364107145693,-0.26942502579779987,0.7912280252811112,1.0297014911941489,1.0205011804694837,0.8827126035038521,0.167034489314693,0.5312686121716704,0.21784167526490922,0.30671111568381615,0.12860044715227797,0.6809303675035958,0.9570785416968013,0.6978934534535944,0.9465446849890689,1.151079309914664,1.168152611243354,0.7543743158566022,0.2842117152704703,-0.14951075783913464,-0.4453486425997967,-0.6170087375621227,-0.405041360105215,0.18701194483488293,0.18655262781489979,0.3207082068402763,0.2961518495383825,-0.11665698254028288,-0.6267357747686265,0.11712939720224064,0.2002498140982714,0.1363275295900806,0.06602712006832243,0.16090291750243457,-0.02745032600877544,-0.3752749845529179,-0.004547237583704641,0.39680798671433065
0.3711677283064003,-0.3003148464970198,-0.10038550589298967,-0.4643700774366806,-0.0030166081805710213,0.12787164207498156,0.40848339512825216,-0.16388340957861663,0.19006537265222792,0.5585522797992294,1.082030516462969,1.9499076870856966,2.140060002954787,1.6443544971212003,1.3478808547829875,1.6447549962128463,1.9123635504470047,1.77413134252909,1.8405771457162896,2.316548639930709,2.2815196991269238,2.0127988752234574,1.457493082202501,1.733865303002152,1.428278661970309,1.527437931582406,1.6898736143239328,1.756881645701485,1.6812396647297938,1.5265343707790329,1.2860633946854547,0.6565272645001293,0.535156566751717,-0.029149815299043903,-0.8131277512207412,-0.8734901896302811,-0.8001978900548196,-1.9862709570659365,-2.264448579953273,-2.951533079351727,-3.6230573392084513,-3.2897922833627704,-3.494712709337237,-3.928007184940065,-3.0069993664002426,-1.9959061435627246,-2.1832063724113473,-2.4382479509273676,-2.6039893904841005,-2.4762500134729337
-1.3836308656979854,-1.1066263608652267,-1.1494240408689356,-1.2190836574194408,-1.830362217494078,-1.093955625907799,-0.9062862423648443,-1.309611400045817,-0.8114316065755859,-0.4515768460719171,0.14242475091167128,-0.30722867396136433,-0.35237233429945714,-0.853421967153937,-0.13958635403830738,0.6358208598547765,0.28644474568448725,0.17562826047090158,-0.017153805669190027,0.2818869618354638,0.36027030595640547,0.988581223433126,1.1899398240638062,0.9844710837798704,1.2933652924411347,1.4114445823441997,1.2164265888712946,1.249390635815354,0.5467029247401162,0.30115065044583716,-0.008072230003986934,0.37123187137203356,0.5367031982053805,0.5430471965922424,0.16708064303436598,-0.06700831999366208,-0.19301734193942702,-0.8222060206088735,-0.3471589475371989,-0.4338346387536744,-0.1628575318064926,-0.4310843962134003,-1.3537708169715097,-1.2363530491092034,-1.0599086536508,-1.7649609708144147,-1.4845759047044753,-1.3310511498260462,-1.2954012435368718,-1.7364908447823135
2.402220072256253,1.8110010436287907,1.75979081656456,1.5501304359798833,1.59071167714107,0.6621897589865102,1.012614978079894,0.8632541667550354,0.7075861288509802,0.71947066885433,0.4840589314011807,0.42157471919760653,0.3327236388135146,0.46064353852853224,0.32235323234102087,0.6970898345111218,1.199559990943339,1.0898003661459919,0.382118441215438,0.35400891984565336,0.31115343144491214,-0.1459477053780515,0.42114487615732166,-0.1378668078297005,-0.10913911755037788,-0.53717491683982,-0.9560113765680756,-0.7916263806613472,-1.4800846052295982,-1.240708603399718,-1.2022686212410083,-1.0238803454953287,-0.3331969041186353,-0.8804040083741197,-0.7320421813313641,-0.27466216315441544,-0.14820427602561936,0.9622279620519033,0.9375062936157212,0.8360817303171895,1.1179157222627596,0.9427827306179583,1.1055330023985634,0.9706004612599345,0.9469150426221186,1.2297785784659219,1.809365477706993,1.7580172074496199,1.8672327642160058,1.6827914539757725
-1.2403437140218192,-1.2650164400576405,-1.4695956408368764,-1.0156438075226522,-0.8325267523613092,-0.8824320600590561,-0.9255540093580619,-0.5520277983447824,0.2592627364873038,1.6745933388051084,1.2795112350530287,0.4814592050678094,0.5603911950089646,0.2302204626316633,0.009872229439997035,0.198768533049146,0.1662261090296865,0.44601905403409103,-0.11503485312744684,0.8304535582037614,1.0104393606214157,1.170111659349825,0.9223760350336304,1.0815954376489942,1.039218146331776,0.6344179648966184,0.22321478471428133,0.4980458798098956,0.8236362112128872,0.9225768616812354,1.0325926670734153,0.590406550326792,1.2582470879931513,0.5857520071970175,0.9020668841607913,0.7517794253045097,0.7385769917922924,1.0884656803020747,1.3184916293227702,1.135998407764202,1.3262964970725464,1.0596639656557731,1.3130349986797953,1.5037763340050965,1.4628626500744748,1.5730605644428375,0.9672548189541764,0.9977760884840077,1.1715759249164677,0.7840039117546259
0.6463894607699114,0.2342378908589167,0.7539183130981644,0.2805209550165097,0.7571962450981454,0.9855989537434601,0.6792312879145441,0.06726113194459771,-0.05191456906155802,0.1688769293105745,-0.1483123943228486,-0.08011050192012677,0.13141952633761772,0.32689550801525785,0.7408854318657039,1.665167768751005,1.45831943934703,1.4630814033215087,1.5779092074864904,1.564803216406457,0.4226382332632873,0.5381326048205249,0.5682008146690727,0.14592579495506333,0.5282825375355822,0.7588802648870769,0.6660687918580339,0.514057915637699,-0.0466287576771055,0.2305663104800199,-0.04897230578251083,-0.11156912687197443,0.31694144446019507,-0.34385510695097593,0.019603723179151076,0.44452550147910913,0.06719644584908956,0.23693300431571945,0.2913598353527131,0.5320045314031513,0.24676765560064368,-0.40601276648366397,0.5195969743405652,0.6059664478681618,1.1609940590946373,1.5013316129869891,1.2259250710915222,1.2289459020351527,0.6826097276312267,1.2678053222189536
0.8910270677033856,1.1217091336735188,1.2717763105244637,1.6425181490939038,1.8642553018830146,1.4786562194062591,1.5576360667041385,1.3107873904810314,0.8950214749319126,0.9475080982866935,0.8508883603012279,0.9447398609676121,1.8109288904892247,1.533920577812801,1.0011971467324188,0.8452003609265297,0.585309262079186,0.9031490678608688,0.6386856673639372,-0.1543101204736545,-0.19214715755360948,0.4747241496101846,1.3186554987115042,1.5616951604006986,2.101512777241214,1.8709872671022638,1.8270930255751439,1.5097542081672999,1.4993344614556385,0.9419979436046855,1.1029702223022277,1.5593652978180041,1.1717897011382399,0.6986128350354138,0.14100444781681865,0.18116802270443547,-0.7219783634825601,-0.7389374228551064,-0.787987236377721,-0.2587862739762999,-0.03816320699287456,0.4415941306893285,0.1973382031457264,0.17096668303013654,0.019250780860243254,-0.24974723975603272,-0.5537504354646969,-0.4884111534144206,-0.4435513488570857,-0.6979891763635444
-0.01947407986368243,-0.0019329855565531266,0.264777171685458,0.055320714646167564,0.2427804885776249,-0.6637094174712334,-0.20805741306991074,-0.3630371983456167,-0.1211807696624035,0.3787552695597866,-0.05181088828110659,-0.7620219523542949,-0.40870592985259036,-0.138500946579013,0.09226492156004105,0.3662146672941971,0.20208158243405705,0.6318526924011396,0.5027926143360316,0.4992996697578666,0.6681043296622012,1.239545249214885,1.6681108427974292,1.5286861952454032,1.233999367274584,1.068919184006322,1.2073373186265624,0.7802786106337996,0.8054784690376481,1.379340206380673,0.741026423274254,0.3633053575735489,-0.031319065223863914,0.11526963720024444,-0.4698297183010425,-1.2614599372894575,-1.0115706855623892,-1.1104038675535293,-0.8331637728757036,-0.6503759003433405,-0.7144579657753367,-0.49304264818222776,-0.8965920192135369,-0.7433002261367656,-0.8156932020343809,-0.4003106375701262,-0.48852805812345856,-0.6336489647403334,-1.0455876113072349,-0.646259014504515
-1.403553421781204,-1.8584319839442573,-1.0651151481788934,-0.6617515193609488,-0.2631437703655912,-0.4960559476628698,-0.6650410933699471,-0.5867274657684733,-0.6738129833717073,-0.2637407038840248,-0.43303163249445004,0.06555514066672677,-0.15509921539935184,-0.6845085599296163,-1.2221222431438143,-1.2338217448679354,-0.935744714058051,-0.896396795016825,-0.978163147291458,-1.1423596079100813,-1.1449380415939925,-0.7699555812346629,-0.4173693429111133,0.34299231895883936,-0.12069073009834362,0.15296691618351044,0.23180813537178938,0.18051636508994892,-0.3401073014778921,0.062190475640825034,-0.18857920543227896,0.35973505292078006,0.845937942087845,1.1721901516246704,0.9225643513735816,0.6571756255908321,1.0426294439700792,0.6841130199840318,0.35591533121165186,0.7540978484635471,0.5599887323831213,0.48570689534671957,0.5940957176519338,0.5884764940176167,0.4666093694808701,0.07938733682371017,0.4020041658321834,0.28729364440355165,0.8593732958438994,1.0007928095572294
-0.12008651429800807,0.055290670397470335,0.02579342991645047,0.3599662158007934,0.798296773603822,1.3153147710110402,1.53253526262854,1.0673742005727072,0.772840544539676,1.0812169043627196,1.148336028265225,1.3398482844109656,1.532930574354525,2.1441057129636065,2.0274664587437004,1.5528101960319287,1.5630034852094077,1.524256828776086,0.9173454162824675,1.0397275960329775,1.3694657449976506,1.313215049398513,1.369207236680878,0.9802957579234909,0.6642118059988983,0.5293134510631459,0.3953763004420735,-0.32646657173774374,-0.2210837080174008,0.05551017910035429,-0.1341258801101948,-0.5540899255395036,-0.8784140303520572,-1.6500469276020615,-0.908229951460472,-0.7864056385912324,-0.45862563627012193,-0.5723061249999748,-0.36710083483698125,-0.25667715139546876,0.6121124220274735,0.1764592720010062,0.7465707959067773,0.021243177407820443,-0.44715679720159973,-0.5186777341532758,-1.1545554041859851,-0.9950189845669234,-1.559437914052849,-0.7609744922059564
-1.7669892582667963,-2.2495929023617074,-2.8877771442923375,-2.3915218898492463,-2.177793944101437,-2.4217824944485153,-2.3537997917983997,-2.6034691671773325,-2.1996331233794195,-1.9635362343144651,-1.7303615352709885,-1.255277323112867,-0.7081490771840856,-0.02558016861938357,0.5127331199217702,0.29264075952366386,0.11971226500109917,0.7901158644775739,1.0035990603502998,0.2698498093721273,0.9436798399644519,0.8442866333758512,1.1875298591672119,0.7899130850472884,1.5379975584490322,1.1395403805053634,1.0393007532552931,0.6353457270243106,0.2122860009956386,-0.1261140913164856,0.278960174171878,0.354433780743082,0.14246364392015393,-0.2501256082365466,-0.15339144290811046,-0.1285557105619749,-0.00838237584188636,-0.5439049505221512,-0.2428770321470903,-0.7333388090150957,-0.5419406630411896,-0.6703510272187854,-1.1472701603940647,-1.3926651559526535,-1.2789348815609978,-1.6623604348835705,-1.053626366405065,-1.3523260416925824,-1.298179069841887,-1.400485286706633
1.2105321774549134,1.595823109562307,1.6589201398942317,1.5990049661301653,1.505449433453827,0.7762333378639866,0.6575593968859668,0.13084410276223568,-0.048555225898763696,-0.28749588918469565,-0.2039900817531315,-0.15765416853204625,-0.3206788611828503,-0.7279887902383293,-0.18511529970041965,-0.08923300847359575,-0.11511820887245872,0.11667731901519043,-0.11006109588543236,0.09873982907318467,-0.2582947089755208,-0.09932288356953085,0.1416425134114654,-0.11005910826610349,0.011452652947365511,-0.8580999056910662,-0.7879698402595948,-1.0722550417901473,-1.3028330329820628,-1.1160878585203262,-1.4202790489019568,-1.2274196037971399,-1.0199241358423055,-0.3837492046396857,-0.5533162094574415,-0.8047271535827523,-1.077038748657106,-1.035653680822104,0.04037406471650045,0.390287469314306,0.5648970568145693,0.3527490809019076,0.480611531431804,0.9583297047476684,0.5412905834247125,0.6209736026730307,0.17870689563590736,0.27096724004839645,-0.2892006313103413,-0.7855341476330052
-0.6243005616855917,-0.34211528564207033,-0.4731442044208715,-0.11326727173115697,-0.2631544249062066,-0.25740356288396665,-0.18339167895067437,-0.8812048624877722,-1.2644503976260908,-1.1030864083260445,-0.8283491420330918,0.26215382135797316,0.48945315427884833,0.7586991861323865,0.19269080586317391,0.32868521778924703,0.9321262201116793,0.5676980034358815,0.7002005641591926,-0.036560339403890245,-0.26549835295320096,0.042591950280654475,0.3809762402670839,0.6406732916817965,0.9957025331478405,1.0246439199395005,0.8618616039939676,1.122790386998301,0.7927452326858835,0.6487543388239657,0.4907438044802851,0.6886083209874904,0.5948884883571649,0.3100567057299048,1.0299060042029105,0.4256097318171424,0.8454167967113076,1.0222371162035062,0.9500613017661219,0.3270569208948608,0.24634699525083828,0.36984565512761286,0.25175065877127145,0.5347667277756363,0.73618022825486,1.5284951077336284,1.3440781740444732,1.835136164023965,2.5681104616168176,2.188581044238382
-0.45618081152630274,-0.964868620119324,-0.6108580546247667,-0.7262389564794116,-0.8498995511386129,-1.228674001521567,-1.3356051581968131,-0.9906203994967059,-0.6112674248196471,-1.4973922354245863,-1.6013431014339343,-0.7039017722347816,-0.9567099006872897,-0.9579731642208306,-0.6143518262876803,-0.418820994195425,-0.20007898888130385,-0.7848097024045134,-0.6965241640438837,-0.9818297452850914,-0.29463556860745943,-0.2646938845802271,-0.5615435332204248,-1.2186924810207183,-1.0151616329241044,-1.4547306946298253,-1.1811176907999992,-0.42124015841227436,-0.3010308934080377,0.17264621024557378,0.5073492665216746,0.12555713321169595,0.77050017267572,1.5405644323801715,1.6754082993492074,2.0188225814312326,2.52499443707252,1.9296128834209165,1.6003392941495413,0.9826805632220909,0.667405038841317,0.7653650345439623,0.47554711537129796,0.5056151726950339,0.14232610103830734,-0.1574972634116386,-0.2174258280370485,0.0346475643538442,0.12265985837669788,0.06490717857936328
0.1330774578302842,-0.258035964585564,0.3863080490854594,0.39357633005971443,0.23615960192297378,-0.5112368493947372,-0.8695934363815939,-0.5739668705851861,-0.49292357931740355,-0.1638900452406499,0.8000983354262476,1.2680629207999836,0.7192195697191012,1.0312898741064505,0.6515202662481505,0.45847897846713337,0.013294586432806196,-0.4687157280594363,0.05081962931978898,0.371219618948745,0.10953559030031843,0.1254063187015112,0.42217212349036226,0.4531266736302551,0.03974637558447933,0.08338617808051506,0.009072162262365631,0.17603513530582712,0.9861178174154638,1.215060146544794,1.1641061617242383,1.0253922974598804,0.8617200444470161,0.5370772493093804,0.6064178732562143,1.075559472620892,1.4917923644348448,1.3358374381370892,0.9159268824347142,1.2596210837883897,1.6535741723348019,1.5477875330982585,1.072899384110244,0.9263750375092138,1.0117840231604922,1.623178335930601,1.782573891907322,1.5040506722160756,1.3772760857717532,1.6421979638384643
0.45465038309589817,-0.37189859275855724,-0.7488446243429915,-0.6974848698122202,-0.903899712660921,-0.2696988874646765,0.2901485714125367,-0.3082210114153798,-0.5680313669103352,-1.0076193960517628,-1.4393937153383032,-1.7882600393961126,-0.96494348151512,-1.2515667459968436,-1.9993353049613167,-1.661723088997161,-1.3057861787406997,-0.9788861637815515,-1.2519426586515687,-0.7266378663189719,-0.8942077966381775,-0.1087784155232638,-0.029580847979572417,0.12999259667809485,0.43155538291767087,0.49596073743607944,0.02627807611648131,0.15550688848862843,-0.21894297726506345,-0.18357750809463744,-0.09504416388756816,0.2138131757062101,0.1331654704780076,-0.2826296843679103,0.3161747619602392,0.48947480758794987,1.20688114557505,0.9886366057443391,0.6470044398690676,0.6480618603878792,0.7459825253257869,0.7371768997488461,0.8081022134180804,0.9049244794914043,0.45095648152957296,0.3283082013643398,-0.3942723635172902,-0.46286224638231477,0.040349883805319134,-0.22123533580885657
1.9753763157047481,1.9629344161014766,2.6532309784435713,1.8501752888688654,1.742781866964864,1.99019713058785,1.9582928820135836,1.525509950282962,1.4021878097251854,1.0693202192006026,0.6777617244916107,-0.09686918520559257,-0.0996243375795855,-0.42369099754266226,-0.29646622993893806,-0.5227326095963877,0.1263920182306503,-0.5479922787266227,-0.0006755084503144499,0.028902481162058825,0.5174718084831266,0.668739650062868,0.21530503092280812,-0.17341121503500598,0.3381449837168499,0.8720029897497792,0.10271215011689867,-0.297389574075271,-0.9463510643094113,-1.0402331299044258,-1.0239552033404382,-1.383030282610741,-2.1472493093216847,-2.249685430177934,-1.853396377137761,-1.702201860397424,-1.6704083786824773,-1.2905310833926167,-0.7801900665419478,-0.9317885478131677,-0.6734220140694103,-0.5622753442030975,-0.5668609510596883,-0.5952521696542151,-1.0881118768671643,-0.9533532529522394,-0.6407012185825225,-0.4944011615847776,-0.13525108042414016,-0.2591217681065923
0.3159180029362126,-0.1680891365032101,-0.6876989409047215,-0.37573439215305343,0.39580529172274037,0.37904483484969886,0.05877769913169529,0.10539713144044958,0.3592651101831777,-0.068516924720412,0.4689183974943731,0.43848140728841156,1.228925187251877,0.32745740506977045,0.5643975052812871,0.2936995835683359,0.09642344257789398,0.4691807849002734,1.0225189079208161,0.6688277338187979,1.6376688622869928,1.2458466610644539,1.2920645232951116,1.5840162770877502,1.4708405690675914,1.3330607685039333,1.79065747520105,1.3760501373038714,1.3282341139196374,1.1859188191251557,1.5642381413807587,0.7435210904917837,0.3598384896207263,0.2295323701623113,0.00293355340621816,-0.503411201396095,-0.1734540974437318,-0.35158130780584274,-0.5162385494951225,-0.8204051864191746,-0.8713031943059087,-0.7609434025018839,-0.5291460391672409,-0.5317238973295034,-0.4138648302679907,-0.35386526845084887,0.48942420481196225,0.8755262504109995,1.3064829510565112,1.215898060442554
-1.3273707014062228,-1.118798743653992,-1.2212831775885284,-1.5501996581218813,-0.9103785202968971,-0.6269951508770566,-0.6756953819315267,-0.33013231343011196,-0.6561365058436632,-0.40828063952073484,-0.25298123886877705,-0.4201471216136993,-0.43396659739884147,0.21084808160909738,0.08063936840510631,0.06551755568218487,0.4112308550679294,0.1782036456369112,0.2129775828434269,-0.12383110805228982,-0.9767367327758542,-1.455341730243856,-2.1086097160449526,-1.3228724229711548,-0.9243964088986274,-1.064699038890542,-1.0121323282210264,-0.8803603752882211,-1.5933374518299694,-2.080572379488884,-2.217312891223603,-1.9278971605477482,-1.313694379506484,-0.6341401864381574,-1.1267218651583366,-1.0149760329942965,-1.0205020165962388,-1.7288372568933126,-1.015880804951499,-0.7258436342095806,-0.7906992247380338,-1.1153518353313663,-0.5447432489023452,-0.25276421211458233,-0.5292026552289673,-0.03981970358878325,0.6067933809098252,0.38892038796920353,0.3846595606019419,0.7567435620126005
-0.2503089801077197,0.1993042433564299,0.6442796397462066,0.24741273037085082,0.33436418946719076,0.068644013587917,-0.4115974281490245,-0.9634174761203147,-1.560683444083235,-0.8004837345463282,-0.7647946835002452,-0.47106137343111903,-0.9771051419773387,-0.425252007843299,-0.6981060135081745,-0.7235207513547743,-0.6662096209697623,-0.6762423057043996,-0.4669821698211617,0.3531700393236083,0.7414371856792329,0.6387420086190191,0.5977123326413444,0.09544527191706874,-0.8510515453669756,-0.16963138434998024,-0.18932194299661378,-0.4114365490885986,-0.5223146497260226,-0.14845699210545826,-0.35278924166893155,-0.23971331624844494,-0.5327551549694571,-0.25051038382055335,-1.0645436232325802,-1.0205828236033048,-0.944243305574444,-0.8278629418781424,-0.705951869594285,-0.6101937940483471,-0.40505473083941246,-0.4302681342508134,-0.2755633296166239,-0.7487303553526115,-0.691322924370261,-1.0543159384162737,-0.6933230957556683,-1.816960983544594,-1.686311770187988,-1.4369369787560804
0.872493937630263,0.9509126607929419,0.6412471274951882,0.7961073317235208,0.45561410708138983,0.36029655131213695,1.0439449400025194,0.3747078808544951,0.5549558794817375,-0.08590565298453355,-0.21998211544691224,-0.1656598395849215,-0.6940638364209577,0.08601024746095666,-0.6282007350123738,-1.0008961293827945,-0.6444543548506559,-0.5561271981992326,-0.24873921566518756,0.43134325614947383,-0.4576539287464878,-0.07111863691104507,0.3401418915981924,-0.05745469367235914,-0.5324399070867567,-0.5749552213560722,-0.28464931634602963,-0.08239754168880695,-0.7833890506862358,-1.4800612366819135,-0.7528277698108331,-1.1632595584433558,-0.9377253179957348,-0.9310865968890922,-0.8969818486327826,-0.22606065476035964,-0.3610235139961805,0.09368615043397449,-0.3423007315059203,-0.17351595065259498,-0.2843474118688879,0.032202636022787966,-0.036645631765036206,0.39893035470076804,0.2813858762023041,0.5930238321039828,1.1754265857825645,1.911819240549265,1.0164840549269383,0.9682529531319491
-0.6634155229438562,-0.4167210016803394,0.23962258894898922,0.12590715217535003,1.146795940690388,1.1519961102084413,0.9827380824001379,0.38523029411298393,0.33837419023351045,-0.47144079594539334,-0.5753120049252566,-0.3059824466061119,-0.20467270717024547,-0.09303728600286444,0.320856613373098,0.264354692758299,0.23727597779778606,0.10025093497270046,0.3537389878113276,0.6213890751134797,0.9560311720096838,0.3036177519993794,0.6555611217871247,0.733459789045695,1.2900292291620337,1.385815176216274,1.14115247719989,1.377693910108831,0.7393165789979924,1.5934512659798032,0.9540032960347596,0.8822733195563796,0.6312829653512916,1.0694222309577168,1.6782872051133688,0.6277414182335564,0.8227738387627632,0.33892207637261745,0.2504633957779092,0.19267578031144622,0.6662195278697747,0.4068528731518129,-0.007982668746884197,-0.15076010434040357,-0.12337060380902613,0.22545703991728944,-0.049609429989621194,-0.9396669826706386,-1.0265967275307408,-0.10921531868188283
1.05486120693471,0.5415551803763431,0.18326143605699421,-0.4241237823006845,-0.3151467229385155,-0.3749444379347874,-0.7178680310009111,-0.46759495913605165,-1.007169816794597,-1.2218543705027403,-0.6663359994915649,-0.6564990872094827,-0.5361273935740416,-0.0006138419054265433,-0.21373273174196025,0.18960691747622982,0.299016507454523,0.5374602813725731,0.2585136423541782,1.0026103245948605,0.5876868556880708,0.7844028528986409,0.16696952994812198,0.5471118582290277,0.1697076649101818,-0.11837584079817222,0.38319723710200343,0.9896390557795761,0.92915637117623,1.1438408019935802,1.588865587761843,0.8627810369270995,0.27844900293719327,0.681400271308312,0.4394766130671155,0.5557997532300111,0.5976780000738526,1.0708028850421514,1.317255322268207,1.1876938856557222,0.7907450139018172,1.05918360602114,1.1055522631627528,0.6609616426071049,0.9194691112589769,0.8960759530127345,1.7290330155778804,1.8260511663479941,1.887383191694859,1.580912791337699
-0.07932760221288518,-0.16542652012686207,-0.8917875455890103,-0.07967027326518475,0.1737425830092111,0.6018852287002884,0.13065818017146896,0.0006859572665157123,-0.4258244588503804,-0.5907479213708859,-0.9912455113821487,-0.597858714349317,-0.9649669917991504,-1.2940243941575547,-0.923592278567943,-1.3805029328300864,-0.7356148941847582,-0.5707976981437289,-0.152046087602409,0.24867314410050825,0.24629088894993206,0.22092574021271424,-0.39455030929893997,-0.4257021323698881,0.3505222841609206,0.17400134944563886,-0.41931431106035305,-0.4282587524327815,0.30495682328533236,-0.21676528437759754,0.13865283071283063,0.3266070816587431,0.1929256957740619,0.20440826406991427,-0.3836410584512481,-0.05173655477050375,-0.374172012693725,-0.5015546990797575,0.06168796621797605,-0.16286563399750265,0.3521342208533295,0.371186738704353,0.0493241638815342,-0.1732004001418658,-0.05748787981433096,0.34556727874856724,0.4056585316283113,-0.3896165721341558,-0.13757701142792397,-0.27612746947757316
0.30480213109738535,-0.390538336666291,-0.8173141948694055,-0.9081203073063674,-0.6566027223099854,0.24343334210982726,0.07498720847472498,0.22223298442080286,0.35401280384802947,0.062315358197572106,0.14374338867648037,0.19459078071154723,-0.1929741012358398,0.1587794396338121,0.2222868326271698,-0.2788176073802926,-0.25452109549327917,-0.464242767733774,-0.5439618498949242,-0.4859930448468155,-0.5682827721239402,-0.6570384555423703,-0.45413571002590086,-0.3996882753697768,-0.3568368528450267,0.29902606182609653,0.5363978505474888,0.35592612120911277,0.007570990642375587,-0.01405811339917285,-0.06868119168468523,-0.08424821881136818,-0.2106783048247445,-0.7845772684377742,-0.8852646084184679,-0.2990436799270563,-0.33847360563399553,-0.27988970941920926,-0.46028241247900525,-0.9881400086206349,-0.6275960698282312,-0.3388969640123038,-0.14114470286123337,0.2162344421124969,0.5901978123483468,0.7195899382118658,0.43384035774272983,0.14413505926512019,-0.2221134775851058,-0.587804202632077
0.8478738952327387,1.0061984025206143,0.6673630933978366,1.1536000573232141,0.6240221065642066,0.8524184351072916,1.1926227859159668,0.5329051243251148,0.3277808888313281,0.7890263983956265,0.45688071355334725,0.1052656500998901,-0.3371070211614309,-0.7874073944265165,-1.0659249232838648,-1.1009223162812931,-0.5874508972575092,-0.6098034198004181,-1.3743473179075036,-1.0718025810266747,-1.3918559926711183,-1.1652531885904536,-1.0966628634571998,-1.3692105813766788,-1.4819671141476372,-1.8040621394500302,-1.3834996339961776,-1.6444606988092307,-2.019676101078078,-1.8501472167476236,-2.0699783990352905,-1.9242670499145988,-1.335333283973991,-2.033476058635866,-2.039632283260777,-1.832499016648058,-1.7281902499381199,-1.7470441688978535,-1.9108357644027287,-1.7133354485290015,-1.8089280911457213,-1.9433765920138757,-1.1755754858701177,-0.9614485367274632,-0.7401310605847047,-1.6638869093708544,-2.0322713569862874,-2.086703731327669,-1.1243307943157514,-1.0868243557490422
-0.4515876285573952,-0.05562173180251491,0.8987482234911972,0.3365334440084425,0.4753649198743838,0.47606140442553085,0.6860947789187283,1.173451972482579,0.7688938974619428,0.7051481224213761,0.24160203547375006,-0.4441244382356488,-0.6414955654426163,-0.09547301824440435,-0.19892126266986865,-0.2991245482670503,-0.08613281838889704,-0.10589048769435302,-0.3059364035837386,-0.5590542255276846,-1.1072249903678264,-1.0345331868234346,-1.2636322765711883,-0.8558057914059685,-1.0772860336561012,-0.8742129894039778,0.13952429261503638,0.14056025811362785,-0.2921702904730468,-0.08353753878869097,-0.6077788764981338,-0.8365527030247463,-0.8656124546103005,-0.7136669772175032,-1.4161456559546821,-1.3878446881346274,-2.218392464522109,-1.8500724523945637,-1.7022472290160688,-2.385860744826891,-2.5139136707224745,-1.8275961844404196,-1.0772499288207122,-0.31218399473730346,-0.0027604913266787495,0.1773244375364282,0.22282271529238762,0.16959391217135977,-0.5360478686838678,-0.3802784490353578
-0.14398159401512378,0.03293196572013604,-0.7211346268416792,-0.7551297675235172,-1.1670542658751455,-0.8598494467202576,-1.2668535576626982,-1.3466946452421835,-1.004770347272517,-0.5766110398482011,-0.5808794875034856,-0.6233457677520388,-1.1143426284562432,-1.3082388468013537,-0.7482360730547241,-0.5988294395062492,-0.7615968239559755,-1.1072014921023574,-0.31651365817276333,-0.6657833308165355,-0.948009903708655,-1.1337357574534248,-1.1126796492942437,-1.0439660904499035,-1.0205287540273658,-1.3882583880743293,-0.8853458874619226,-0.21564110210286355,0.1456065758976291,-0.4457034981622222,-0.33080673608724065,0.061883591798032656,-0.027801796158301122,0.2804161316431484,0.1432608846864913,0.35491121696888756,-0.5322192300234053,-0.0815811002924827,0.7377205149808753,0.750378566624761,1.1956765476538063,0.8276373862326826,0.7000680547532213,0.12514124368270038,-0.9681029875678479,-0.6250279019135021,-0.6101270832190657,0.04252431833548341,-0.43205034651640306,-0.006801373379184419
-0.8393301447887049,-0.7525793383551074,-0.55195210078183,-0.5400013731543429,-0.47400718636868394,-0.8011341907847203,-1.103114611480959,-0.5948681907073551,0.00399211921194046,0.13163272221215436,0.08640135207403238,0.14977710880729886,0.6429976179772285,0.9829711074675744,0.9514187998715355,1.264540447540242,1.3663264387208351,0.6724724454307863,0.45886966253147426,0.6794845031205329,0.29137030235653766,-0.46673488707558664,-0.16747861173475176,0.23114877895676145,0.1327683035292139,-0.2840160112419552,0.11719164481718271,0.24205008065518474,0.7222911364428409,-0.021122008723031993,0.800770565828778,0.6673540466804823,0.4103268085514042,0.14054515197013212,0.44365823280198025,0.9731958796360386,0.6260662810084667,0.23452131051476685,-0.20210806406652418,-1.0243272011281832,-0.7972626409243703,-1.0743765843005637,-0.6125836202626919,-0.8564667192619992,-1.1126436512101108,-1.3576737327803647,-1.370726561484188,-0.6410140547155387,-0.45840942365376824,-0.46656095222886834
-0.5825666175630505,-0.8451451914943858,-0.7528213193426412,-1.2102697750460718,-1.356154403684309,-1.0235973655887587,-0.08671585715973805,-0.09143952122310549,-0.4694611317577526,-0.35035464487786544,0.47085048656240913,-0.38381639920926547,-1.0841681732054267,-0.837608977018289,-0.6337688343117085,-0.3461715521642455,-0.28006257185173156,-0.011318400624603321,0.925308461127245,0.31613804290181863,0.8955080186826073,0.42625404669588046,1.1291874370134996,1.1013013212068032,0.41742119048033577,0.8433181345873426,0.786477604352711,0.670416807233831,0.17401546976155272,0.293704377707531,-0.5164512264461791,-1.364070289139359,-1.754235611906002,-1.5400788627011897,-1.834143858140665,-1.8651958124586365,-2.416554348762837,-2.2228599035659378,-1.9688764639902767,-1.5392925156994957,-1.2943667326238542,-0.91040729921797,-0.4817469245364053,-0.3950933618244231,-0.12091248696861716,0.18526818061934555,0.35755170692654237,0.024473610250013447,0.0728206915830656,0.3727508184081099
2.1980927281334215,1.9366341315795121,2.3666448555237296,2.8241364902413504,2.5951092069996293,1.3916557802193146,1.2704747773880392,1.3146333422735796,1.3786765052598764,1.559609825618668,1.947234380059365,1.5829306986845715,1.1937918926049638,0.9560675959933683,1.4128630771506712,1.797645265735381,2.2782338793898935,1.9467716254081333,2.2015219876547745,1.6376184823950233,1.5518650573463932,1.5933875739346839,1.227099637438837,1.0978619173094843,1.2412256434220237,1.5362079953212662,1.3924390395182753,1.29441374960014,0.9306014582501213,1.104271120101028,0.9392861974580831,1.103567012858104,0.4965736878831542,0.8687970424433752,0.7860001095619232,0.4775520318083589,0.5527807352170139,1.143416856546205,0.7926199919061729,0.37367055998414656,0.7583668512965057,0.038143262835042935,-0.2929607622440652,0.3966967895370915,1.0004082225182196,1.3777854459885799,1.256049744361491,0.8202301691594306,0.4892223082754842,0.17119032490070238
-0.550508897587097,-0.22616600589046273,-0.7690524013736437,-0.76016743016341,-0.31743453705069213,-0.6742858037229106,0.04728181436042122,-0.2109562176200235,0.045593875572286266,0.1966949775388453,0.9024015961448554,0.9350810238637856,1.4825342416174982,1.3129717194877188,0.5934355014011778,0.846918447908153,0.9739757519376738,1.2888716301862897,0.8647184075900735,0.8104509242754144,1.323377234111753,1.3428736343197,1.0117836553722788,1.3370950064825151,0.8530573319425734,0.5858543301471807,0.2680957350974067,0.7175456741182871,0.7714568035663641,0.2593250535214362,0.3438526228486366,0.22949416086136096,0.6458702550358622,0.18158375837555624,-0.3229127136741211,-0.7809320658811318,-0.7999404213618031,-0.7903791479082052,-0.4601478577842075,-0.2777365992790375,-0.1652518690946791,0.3274384554172028,0.7659403219709371,1.4981499158290972,1.4164386510989349,0.9812418405774802,0.9433486507258965,0.9877227900018751,1.1170285844952201,1.4836298402307924
0.8034927762659593,0.06745803406850677,0.6649196121181798,0.7401798456310542,0.594727801372596,0.4052718014375665,0.7240132551488795,0.2866282644924826,-0.13558680302484313,-0.24202076480687312,-0.7319588839845866,-0.31844656367008684,-0.5349074299393017,-0.45700719649803934,-0.39606388986868946,-0.5962186843199616,-1.3319436549801817,-1.7312548781872725,-1.4164226958225807,-1.4388077306490932,-1.1938230498318294,-1.2751322212859837,-1.1699020127793323,-0.969177790560276,-0.37383611441224085,-0.6356337200626662,-1.0579085892933093,-0.7927686407770036,-0.7963433134519232,-0.5075051315626745,-1.1281265861346863,-1.2916249238749962,-1.462765772715817,-0.53847927881351,-0.5283087081924085,0.43628797319917034,0.5102588727462436,0.9648531213601914,0.07031302697050662,0.441675843031997,0.9394446179970201,1.1286695815152061,0.6798938639417821,0.9401216934021961,0.17258150576861497,0.5007706578100503,0.5893024323689968,0.15239746508502783,0.7272619623315255,0.5635017578780249
0.598034089969521,0.63990135319192,0.9545939553908475,1.0280231489946459,0.9278400801825907,1.5574428615367506,1.6554035801298255,1.00286711538076,0.5680797163096076,0.15920068767002746,-0.6147337304731639,-0.6137426432606943,-0.4220314829941023,-0.41861649074206125,-0.9416998793995659,-1.2814740309558452,-1.3551059125575702,-1.0055424890230988,-1.0902220385673946,-0.22403474007893265,-0.21467420818285235,-0.4181074525115942,-0.538321189153561,-0.5969608179302162,-0.281804125649263,-0.33124621705232943,-0.37702462765830846,-0.4190054130614471,-0.5579212496949179,-1.2075765075429776,-0.42760227216540125,-0.12959366275505496,0.11819522383461122,0.3128249223407077,0.4236059179090733,0.7514880115187039,0.5771489876776524,0.5724967108684716,0.9230138830456187,0.912359855275121,0.8656197495613887,1.0084817536228643,1.0155200241576596,0.8754366219210544,0.13454052026514132,0.4086909049698936,0.09293773758864893,-0.30292509464664413,-0.04390444970519184,0.4753799267299392
0.8687327232247412,1.2114999993115405,1.348145696922233,0.7231099291930492,0.9528473569780076,1.6746704301622262,2.0239929274313386,2.3105019805759013,1.8632311237582067,1.408372044738597,1.2187476274885596,0.6132448919229841,1.2928683095389377,1.5655060310398377,1.5728653334632126,1.510876563216938,1.6673494621210116,2.048606790401102,2.440726923687338,2.8609151164010935,2.398418040592833,2.165000297989927,2.680142365351378,1.898483903984584,1.8705077790254128,2.0488596737893348,2.3160547764107133,1.6874753827181874,1.52665819254896,0.8950276556143848,1.715707275620315,1.7497740180748862,1.4309921506529504,0.9986682501457373,1.4340179737368666,1.6566514728614878,1.321325116085989,1.3858737995468167,1.8348451262418635,1.8056335645077841,1.3811878687014068,1.1642243411218236,1.5498004779905878,2.3107502564021263,2.0200956703445265,1.2138289877580963,1.1821693122794923,1.477723378508769,1.0707640108020142,1.7539050198228519
1.0474847806974377,1.3016158102096538,0.8367587581863375,1.5132438405902546,1.6565941986053554,1.6897308868668899,1.8553887014634454,1.8612334668829293,1.250505949080602,0.8974727866647098,0.5158137036120634,0.6190407761909675,0.8002295832559487,0.6528736790586649,0.4283698232345693,0.41626257264318356,0.1911604757972489,0.37322088945089804,0.4564309807767378,-0.3771291233215041,0.018238243608781474,0.15167188561843745,-0.03369562005621964,-0.32296706346406,-0.04063529639251681,-0.17127125520079745,0.4332395076384126,0.8646132919141106,1.2695779448003892,1.534498475941632,1.9338216824819563,1.4364623903427105,1.7470186200815263,1.9642186106548876,2.2588469330206618,1.9224220322382854,1.7906737097537562,1.277622102868342,1.2292563108908892,1.5262485921568625,1.8215227347868608,2.0013696541038315,1.825844317898131,1.8290700529316646,1.333225742619324,0.7863957810952691,0.907915366411349,0.3431814483698621,-0.17702954171159016,-0.2436116110861887
-1.35767453988227,-1.519271651174438,-0.973732711588685,-0.8854526151182484,-1.3976703176184295,-1.0117604881478828,-1.2293353850891486,-0.4269028409821183,-0.9462676855361923,-0.3303575545683542,-0.179547822439641,-0.0397684126698068,0.19868344899408363,0.40972820059728754,0.5038362498200231,0.565442494427238,0.23724844092368097,0.6705227467148864,0.6937641094638847,0.7189601331584081,1.5167213837939157,1.0077193507910607,1.1093110473499217,0.8250296486522194,0.6205329182353849,0.49564575231510494,1.395189493240322,1.1119544664150651,0.3867764321297649,0.17215464964021684,0.1009587106248795,0.2967415179673932,0.5147647920366476,0.8205281506878325,0.5344819789315358,0.3197877771678172,0.11519639526960689,0.0037246875053765626,-0.5717998648321668,0.1118078572914344,-0.2729014995561432,-0.7067737209977134,-0.5056906838114614,-0.4710476237537873,-0.6119933879624342,-0.32819337963458395,-1.1095224331337414,-1.9264592157313882,-1.4494479874485888,-1.2755408805077915
-2.5435864861029986,-2.401394957341073,-2.354964885346855,-2.2659355435763437,-1.5295927415160915,-1.0923440756252862,-0.8135506781279657,-0.21326471189148996,-0.03101142312185944,-0.26174829674440764,-0.25716955280172454,-0.162833534190039,-0.306017824954122,-0.908091102932701,-0.5794699581854811,-0.5947806075959614,-0.1285979567545813,-0.5383557691354623,-0.7368906327781314,-0.19026156495452953,-0.1176763619651881,0.399446665170212,0.5376844900614662,0.44888824752949397,0.48031627758949563,0.8777768142977663,0.18116856723383218,0.36128026117505824,0.6089097756201183,0.6537290309704573,0.3366923209331398,0.04696181048708021,-0.18602132071456912,0.16848169829213505,-0.12296569724490543,0.098297505991115,-0.02469266154614304,0.06741925347684308,0.45861787062568166,1.3089850421369515,1.2463719464457477,0.9309547070066215,0.9120250695563602,0.8653480867277492,0.14912093028445775,0.38969061164335755,0.27854705509845085,0.4822097672308953,0.36133473138900796,0.43372786583912476
-0.33194988015703814,-0.30549191750205124,0.4695966540435361,-0.06653106644222219,0.03802452029855925,-0.4018012828133219,-0.5808452232580558,-0.24951421931124626,-0.7755629725234109,-0.7184916143560467,-0.06928273857585933,-0.3960768397220707,0.21196444061855402,-0.1780556801419706,0.2336003327379106,0.26119202355874926,0.018448895778371825,-0.14573274546498666,-0.4880157284213168,-0.7923141780917132,-1.3903308481435004,-1.2299771527229204,-0.9980944855821228,-1.1235488398881204,-1.3463306788700007,-1.3671723653825163,-0.9548232796955111,-1.4962279219136516,-1.5885678988684264,-1.672649302114638,-1.597387624682043,-1.5515929933344594,-1.9649304188270829,-1.4132238827874466,-0.8054789037667164,-1.0969944961723683,-0.8813899219834034,-0.7511644672430673,0.1749206341632258,0.3607577797293714,0.022380524461400916,0.8828999947700429,1.3290149224869066,0.5358193390829028,0.14985120572493565,-0.13660967857938602,0.14186006086017733,0.40048125194249046,0.18888197052402808,0.27333659402047794
-0.42989210417458323,-0.31001740831374613,0.6702022746040845,0.6164681184808662,-0.2499450123515772,-0.2859799620033634,0.12198466229066242,-0.47895783439620976,0.4544480390332096,0.02972192700663349,-0.2620559444879262,-0.6609514315026205,-0.5635177670075817,-1.128412949629047,-1.1228532087234329,-0.9831091620473574,-0.7090156159383623,-0.7953000387167326,-0.6391839393699058,-0.11653272480823086,-0.271908046478024,0.19435675171361033,-0.34637857063303273,-0.40407194418774633,-0.42231404675590484,-0.3517184299032612,-0.1928323754863656,0.23195786328372878,0.6433459495676859,1.05752035409876,1.5454569855699256,1.3554246435639354,0.9848334808243646,0.8574650936487261,1.3868828848462444,0.8699474048809749,0.6461584310010597,0.6806605590574353,0.16606284919294215,0.8668961136685872,1.1477000172656129,1.414839896193117,0.5677201860090896,0.9212566242936768,0.6484793772219624,0.7977575718921334,1.215979674902133,2.0647051015399316,1.82379695768285,1.810330884504017
-0.7956489807529439,-0.4243445774605206,-0.21762113548589876,-0.19395503333787958,-0.4842553757886193,-1.20871618584533,-1.442751970099245,-1.2252739568008,-1.1786393581465673,-0.46598583182691605,-0.6059002898586333,-0.9882544205285815,-0.35765697824265724,-0.06601693678636229,0.15738953653382032,-0.2935207658713027,-0.7187663651370484,-1.0996411029678028,-0.5145100212301452,-0.613613202358238,0.4023311931718093,0.8627628308870592,0.7829242970692928,1.1149847078468336,0.7386815662659851,0.41287028087014926,0.19922306554077948,0.0707745839697302,0.1729566300512388,0.8126647779248622,0.8168967631678913,0.8811370101630939,0.5800138452716327,0.749114944146315,0.43905810851056754,0.07383244369916903,0.522554893033705,1.223027756473415,0.5348147464139998,0.3908889743635197,0.842463904589814,0.6866018401390533,0.798281068077255,0.6114328880112241,0.36831604839292187,0.9292538470315845,1.3322931683634136,1.2027903751527607,1.4392581086385081,2.0489091751332476
-0.07749058771104628,-0.1991470238666055,-0.31045525013211933,-0.873600137181963,-1.3891084107317395,-0.644341102340247,-0.8060963891263413,-0.6059530670754848,0.038688302890888926,-0.18225203245877036,-0.6526659696978735,-0.6442913567397847,-0.1736047984907348,-0.7311863511639143,-1.40178283386195,-2.2961088091507174,-1.763575509287667,-1.2113932497495206,-1.860797754205852,-1.6470697408681545,-1.3914044257506524,-1.2979681346626037,-0.7994582671234562,-1.0061652053038308,-0.8521460165531356,-1.274224356346721,-1.3955565403377714,-0.9878691276173411,-0.573092353695108,-0.9798538806085405,-1.1939744698493349,-1.540660746241693,-1.3143585836836655,-0.7260503555580162,-0.6528891297298327,-0.8209510399064519,-1.3783851419997153,-2.063305840673427,-2.1191880318328806,-1.9282192815864923,-2.096246401192397,-2.3832214208991553,-2.4051984462417018,-2.058576160876989,-1.7053796544945259,-2.2089333546701395,-2.2271546878405073,-2.387840989490187,-2.358386125335875,-2.027648072871596
0.5868366498601881,0.37290806492630885,0.6856990681427526,0.7284477104841933,-0.4268581538966705,0.3303668190759591,-0.5956545387238797,-0.7456087703626963,-0.5858972256146727,-0.22232428262565207,-0.6900000495323492,-0.3892783127181344,0.6154842665428711,0.5580055762792394,1.3911717455730008,1.588189684376247,1.9653027682749884,1.4367510612380614,1.6129244997167576,1.7767954158462498,1.2190329896014154,0.36699358843530744,-0.212652370964201,-0.22443848213563808,-0.003817089455122014,-0.21188129930965,-0.016954833494854448,0.05135018322986978,0.28794169174975814,-0.5401739717199766,-0.41178221919967156,0.22673384404440527,-0.09717156076236282,0.5645781615311856,0.6358198953333775,0.3413321403434804,0.9614306059239898,1.381564991411788,1.8727875774948846,1.4447879196435702,0.8681900445032502,0.45057112011047984,0.7222415255924027,0.8692271219496247,1.5199612393296758,2.0381114331736407,2.060610147079872,1.6087762256405296,1.8489631961931123,2.000394287149013
1.440411700834709,1.5382751891886486,1.5343007532082495,1.909005338000131,0.9313721047880198,0.5539316147002853,0.49626335404501265,0.7183229521310213,0.5303792278874669,0.9976546247988904,0.6754632989266312,1.9521231752229116,1.8394734265117463,2.08646564486972,2.046253663698701,1.8656068973219888,2.2297528581480535,1.911135862284583,1.7703621490448238,2.0367806363911907,1.5114731159190073,1.072596263322807,0.5277758004798152,0.8123291730574971,0.6827855942420252,0.2975399917255593,0.13206931308448008,0.08981336612733799,-0.15533461908127477,-0.8433722820590918,-1.4523957331720618,-1.4652516213660995,-1.4660915989353343,-1.1965023298088846,-1.0982259798214682,-0.8695409794045525,-0.5495674622247251,-0.6891807597888355,-1.315809305330071,-1.2810811547973409,-1.7634811297953146,-1.3909166715132928,-1.3505031889963053,-0.37770803153589116,-0.5150003350723827,0.416894497015643,0.7254805104839709,1.202301591618828,0.714950913820988,0.23677051959358714
0.7542882169194318,0.18224091858523492,-0.43785183985167736,-0.28848457988087906,-0.5993133207946613,-1.241344864549194,-1.3406961084262015,-2.6125775336442603,-2.0886174260469237,-1.9354664361637377,-1.0874565055706173,-1.3236508055271186,-1.4157624674974283,-2.0054175095846785,-1.2662734681374128,-1.4635092566211112,-1.1042393332413611,-0.617244573549779,0.05755733964488088,0.12360225183108133,0.30718832312390193,0.7996649814003678,0.47763816758117383,0.024046098140044606,-0.41979832970334313,-0.35124992820585255,-0.5647202254367011,0.15830041512048953,0.3555105799816012,0.3481046040061629,0.19817340357785973,0.024400481507568024,0.10948114516009322,-0.2611013840165991,-0.23434225063903266,-0.24179969019289116,-0.287870765145746,-0.5865834879806759,-0.20006035639243852,-0.08949153458528458,-0.23920442454508636,-0.7036183854122581,-0.7153988970887503,-1.2889085690205722,-0.5726962441175575,-0.6608049012320268,-0.940426898144853,-1.7977720184148134,-1.9620638541686677,-2.324253331028178
0.2775528882400648,-0.574861744174848,-0.011295081273523301,-0.029042729526322503,-0.3416110424092943,-0.7345483625686634,0.1974604978725049,0.21145988003515567,0.36046192375748576,-0.029925551311205275,0.4840978142229819,0.7042189967504954,0.4205458950692247,-0.0712433823790473,-0.13366644156131585,-0.448176529740085,-0.7108539279189331,-0.59747753466988,-0.8255337034911082,-0.985353983572433,-1.5940528349709493,-1.6079309562824151,-1.5213265948164958,-1.267541783877937,-1.5002718224362046,-1.090542943437891,-1.543569314828842,-1.2743377079958484,-0.7992185766561027,-0.46393892996223063,-0.22062317158538294,-0.6612390734614236,-0.321438959088575,-0.2790388049490557,0.2586683353610811,0.22080064383037767,0.04520652435375598,0.4841306810899439,0.27423962776646643,0.4314515582801255,-0.03155536048899589,-0.32122743581389945,-0.5486428216581705,-0.6217170359598061,-0.3048194587379467,-0.4706072300746994,-0.3440620955590874,0.42085546766614923,0.630935127521094,0.7458137166885599
-0.3407213047992368,-0.6361472147699031,-0.7831325872055656,-0.5053158906495021,-0.6007240444791039,-0.5320757388392513,-0.6412576617826204,-0.9391895862512868,-1.4322873256282074,-1.4997844015680208,-1.460856562594855,-1.9958159989769468,-2.0033688089563366,-1.8924708705100934,-1.5817687947000871,-0.5934111693567851,-0.8273172309898628,-0.6093419236400143,-0.4743023618873121,-0.4663117694914832,-0.863689585319737,-0.20185589019525696,0.3082279215182336,0.2786136667895948,0.6689300715989288,0.7075564401523124,0.36392355896720924,-0.5102173771460393,-0.13167796870586934,-0.652901861385477,-0.5278415531112337,-0.5582835246227349,-0.3732778476116845,-0.3229348459715519,-0.2473483606874933,0.08834594836060129,-0.59015481159637,-0.699670790001957,-0.5230566929210012,-1.0243432762982625,-0.6809615452131514,-0.13101501497362772,0.18233003107885942,0.30364291019771783,0.11026214818668603,-0.062405409127905244,-0.022423094306497856,0.12533850262586765,0.45391867209326076,-0.2576401225663079
-0.7388132550550155,-0.9926405711307509,-0.6402877035483029,-0.23928512705173047,-0.4846747993875813,-0.4450249765028725,-0.9752380613192686,-0.7832258624619772,0.27985494091057883,0.04256685830704314,0.5243189181191156,1.1846543011608115,1.043305981314357,1.215805258867217,0.6259954142604405,0.5121190338011666,0.558179553479151,0.01747030215634975,0.517009904112295,0.958256885322803,1.408297587337238,1.0899793478715913,0.7613826240242069,1.2251413615550122,0.9021591170045979,1.0411198954173335,1.4678071157131967,0.9616793647476146,0.7426705300675573,1.0109421362264603,0.6785347535032442,0.582687525377306,0.6195202342746208,0.8103438526376612,1.1040184137745916,0.761974781993585,1.0220971092091056,1.183884151998982,0.858277396004367,-0.07472346138330044,0.6440393529896417,0.15881820400174887,-0.08821792181015968,-0.302463286839209,-0.26525021715003927,-0.8162247859552895,-0.21773650094042643,-0.7216939663146225,-0.6983405116373811,-1.2255788181333442
0.058772560670872574,0.25312897314179983,0.6244861279475885,0.5695677426162981,1.0302706631928429,0.719442222054041,0.8418247924184725,0.9633096016127671,0.31389124804011,0.3149663363515757,0.05814803904658048,-0.21343453580285895,0.06989019924534244,0.6612808514075754,0.3843252199337482,0.1516839460846887,-0.181215954024596,-0.1786168356378629,-0.8110912237020217,-0.12380116731771654,-0.3186331777945195,-0.4320924528264151,-0.8551164369184794,-0.6751117999608904,-0.633791936217283,-0.23345364037823987,0.06816156681200852,0.7994129643353658,0.746089405770684,0.6596560397232839,-0.5694887111308652,-0.19952134359608112,0.26916688768582897,-0.13265251990257984,-0.03579674339086579,0.5163668648036465,-0.16986023525099406,-0.6679636011040285,-0.1286373818280006,-0.0708460032968053,0.1270642984827768,0.07442329607172289,0.21808166056813774,0.42565224984774164,-0.3050431785078539,-0.18260191598097805,-0.6876705398395844,-0.4564230939168298,0.20773783186471964,0.4240592114538805
0.6170488162460304,0.24927116215064515,0.4009345707885407,0.34770136024923676,-0.13122460969136654,-0.5156252889390868,0.2934532421992651,0.17049541722284958,-0.27045995549076324,-0.40932796811793404,-0.14325922556163884,0.606768093285893,0.8984269313638864,0.346118935990649,-0.070958989891195,0.13725323134725395,0.6231128047713703,0.290591178978124,0.19570072455769397,0.0923970239245883,0.5437532435230144,0.5118245952484958,0.15382378497797258,0.5989810246577536,0.9010066956124156,1.6452828969762967,1.358072976458144,0.7521382485520386,0.004223052680520177,0.4381428682836109,0.45269010123954573,0.5453598220192784,0.9052169944134276,1.0758955171491058,1.1520185442602162,1.1739363386466402,1.0492390173001434,0.7232591407032031,-0.14101984598983233,0.061137538910227524,0.16232424318471053,0.3687333432904951,0.8071178305164288,1.273520588533101,0.677347789203986,1.582422589015668,1.4973125129100844,1.5076697844880418,2.10199762180504,1.8926733538584577
0.7027902944980451,0.7163835460021896,0.5989216352506024,0.1696648243123301,0.5033555954023721,0.9491086561086549,0.6625218672913552,1.2528099197624092,1.9129978929474638,1.336166557010244,0.6950656231348284,0.3523289992251743,-0.16142714460176139,-0.1815596839250285,0.1308409539722129,0.1495592208609006,-0.2934365292784758,-0.10317282364083714,-0.4680011978927481,-0.49128713447595157,-0.2144557317292997,-0.10348798116024531,0.37784389068314195,0.5399568080218115,0.44834683090736266,1.3931457111719157,1.0371872220726135,1.4635148144676122,1.0351449167173623,0.8837000221564038,0.8794911713373368,0.7430216001061635,1.1619820933409672,1.5936106248069308,1.9127826088130155,1.2632056877073954,1.8508549812209605,1.8214610178516715,1.301545159813888,0.9915343732385115,1.2668882884623103,1.7245387500188272,1.9199835793606188,2.0209275117889662,2.112913196732648,1.5632844444712017,1.2093487155837817,1.433131303968274,0.8556879137409729,-0.34196490914409694
0.16243396195041615,0.2945221918857851,-0.4182995066324693,-0.3073383229473792,-0.9035598452941872,-0.8155874694167875,-1.2970776619846607,-1.4129576848596972,-1.6760897535333514,-2.1527454971360784,-2.390605715521634,-2.851630075464426,-2.4714087667854843,-1.8812335023794435,-0.10209096125476838,-0.00697592785723341,0.22798673030541258,0.5844009773703353,0.5594363213267838,1.0159777502737177,0.5585961445520863,0.2108685448980636,0.4791870624003582,0.4239608728083076,0.5534605060330795,0.9947678737401399,0.48108246782881336,0.1951205846120375,0.4514947747698418,0.8218701444228588,1.3666702666614035,1.0407924663243935,0.04344605389711836,0.494127376549364,0.5897121280094344,-0.03279373476826838,-0.20572733996132497,-0.3571548329205369,-0.23999758548005062,-0.3497892139165629,-0.1909719884614497,0.07027196889906134,0.378980449873009,0.9984409115581645,0.4689339944602517,0.42065048616844036,0.8731153500219867,0.5871696939914548,0.12286276441175863,-0.4831408957488314
-1.0196937013058698,-0.4293636374071124,-0.586973443536869,-0.49784151282324757,-0.2863193709728652,-0.5040221913956192,-0.9636139986814342,-0.6099638754085672,-0.3202966094971424,-0.2222266741156902,0.46347434014384714,1.3430463230374101,1.4568523767496966,1.44888043448127,2.2811004622716657,2.5490393442528037,2.228373840389271,1.5285421701018056,1.5046217719326374,1.9701175361852992,1.3822871415793803,1.144227472715403,1.153731140439805,0.8772110901184292,0.7549615051165097,0.48909869710583315,0.33928224297057885,0.7577520398301942,0.8106720948034213,0.568300642768387,0.7028130201901095,0.009607840841504869,0.06643076605401371,-0.08225624151479806,0.3959804804867102,0.23946202158039526,0.19671556280655392,-0.1833118556068481,0.5978820786503943,0.3575221049337243,0.9807389040946586,0.5692760907724306,0.021933857997281914,-0.17526556929887194,0.5130516478288816,0.02733110150708946,-0.19610519547251967,-0.6917061470099649,-0.5917143444999977,-0.9843642989779261
1.010149193732458,0.9006748406340458,0.8754432057408706,0.3253832028525057,0.3512438922539431,0.3649422155542908,0.20192352205041914,0.20063760003332623,0.47413108181700103,0.2531094047403059,0.8619071281423003,0.8931695605337654,1.2996625643593462,0.4282484184537042,0.3294166486823747,0.28185586226171483,-0.20194075343747836,0.21190607872568196,0.17598150776398433,0.9797723580685139,1.4263781257616712,0.8970726899326821,0.8324908885948938,0.8045793364193466,0.5532456214093299,0.0758713418269112,-0.4861701641046043,0.32331461642536263,0.07739678808243768,-0.17762369207419967,-0.6639568296809545,-0.8748352596727075,-0.670661310634871,-0.6834808210529975,-0.08490665316872296,-0.648200683958127,-0.24445078410483959,-0.40870702225486233,0.022398629666461084,0.2058662193052902,0.04454735872540908,-0.6037083479437884,-0.7120031191556455,-0.3407596326428129,-0.22882349963525886,-0.8328326593125346,-1.2610683340689524,-1.5082908236869355,-1.241374393554595,-1.411893780325508
-0.6275955448100727,-0.43437515018113426,-0.7426836608350598,-0.1685441947401829,-0.29589623571596496,-0.9126000852832,-1.2310498263991732,-0.926496812973724,-0.7820617984358368,-1.1062692998003854,-1.107965247056579,-0.6076439390639007,0.3340454142911212,0.6704728505564955,0.7192501903564116,1.1653683465696194,0.7740133448702012,0.6878492328660762,0.8876761913495355,0.781548834306012,-0.26427792864473665,0.3607572070529595,-0.45776969558357444,-0.18193022463950526,0.30690095651384797,0.08746478620000865,-0.3557813834252772,-0.8108589953235227,-0.6790093766358338,-0.6828070686784683,-0.2720146943925637,0.14397568926998489,0.18978431894603437,-0.13822867059037341,-0.12459692591286561,-0.6539747599089304,-0.919161029418716,-0.6664128288372697,-0.40738826820309954,-0.16547424089696972,-0.24884154082358012,0.3367201715874021,0.5953076378731473,0.5851485392022507,1.1297828247689166,1.3266623248145333,0.8268501311253785,0.3204513691276004,0.1021736322481667,0.26511291346658383
0.8158771904957773,0.7307915199973422,0.466979503567791,0.1593530097666036,0.2658237854610303,0.7121106423202889,0.7792107713003427,0.861079905157819,0.6047417817757065,0.34716922916636384,0.18821538685520428,0.03801383680399422,0.27053901825203097,0.5097032042977294,-0.27765222985305205,-0.7112230624563296,-0.2997304772042733,-0.45547253937280696,-0.908766731310935,-0.8956851690621891,-0.7070638326739198,-1.3322666860391066,-1.7029293052332544,-1.5620173082637967,-1.0363342337691857,-1.0529450705062642,-1.3928814160390663,-1.4425411471412362,-1.0374880835309435,-0.7956864934509645,-1.3338229586926185,-1.546376459779399,-1.0527851792498153,-0.40002684803484384,-0.537291046819544,-0.08927745448352951,0.15162272374955768,0.2578439637709745,-0.012535841680275217,-0.19646591387862658,-0.2642606938903117,0.07755259427959678,0.8403805301148229,0.028977019329350533,-0.2885623768158576,-0.521553383478887,-0.20800597541742272,-0.5640446651931428,-0.9963218206597512,-1.2749123270868064
-0.019147374012247153,0.06833904950444177,-0.28642905073602903,-0.6444990477699352,-0.9418143435801604,-1.000069550379071,-1.2933808986930213,-1.1071211638865561,-0.22230298071589463,0.5096446945750436,0.30627075350021216,0.028698107849616305,0.1346713839722438,0.07311837862080592,-0.47696620238987103,-0.4109919193934253,-0.3884878887864901,-0.7314557347495172,-1.1227086200337473,-0.8580714133022865,-1.2221279749811174,-1.6785754716115753,-1.7064960381762948,-1.5232074155390896,-1.0337330210702818,-0.9441318851739039,-0.9123192718946983,-0.386001214323735,-0.7699150237667625,-0.5376850911082198,-0.6529063179376686,-0.3665326491470791,0.20072932948183012,0.6135983558923078,0.4021594327125658,0.796425695894064,1.1532473773115244,1.1452796822461684,1.129791745775912,0.8831360243285288,0.7341797897744134,0.9174427529921093,0.37675702590330523,0.054008008629919765,-0.5767350525719729,-1.281584354169698,-1.5922676480536742,-2.065919955658434,-2.118696147258232,-2.3642889205760023
2.6599187540981757,2.5797287914432654,2.401819420327764,2.3626817032177208,2.1489586019627134,1.9748097926658652,0.8430847177098293,1.0665575198927788,0.5562643166649669,0.8559909213666389,0.6889749160848588,0.39209981635613567,0.28479591029971574,0.8159053006913652,0.8033464963594035,0.8409688589261568,1.1253406937946067,0.9063988241254538,0.7732104969718357,1.2868452652448403,0.9474883047278573,1.4508518533205887,1.6978333142073843,1.9497889935725572,1.678976228891411,1.88612556279837,1.749911069018342,1.3047608916718365,0.993449903335261,1.2470102608812799,1.4310877969148654,1.1645694511255504,1.5056225355681934,1.2148021479766693,0.970464597725862,1.1220620114789142,0.7764692868585096,1.0498880788115725,0.2515969930233192,0.1990663829202034,-0.2986471905702852,-0.680193239944728,-0.17323345405595308,-0.4719752215570707,-0.45744755596707987,-0.7134658668513355,-1.585783354022959,-1.3153684190020163,-1.3547092091853101,-1.9593946051698357
0.08478806494121173,0.6346280123128819,0.5006453027462928,0.4489196812160795,0.9942527543189085,0.917922855947665,0.7078397561353245,0.4969483703472818,1.2981109092269656,2.061577172382437,2.0715626398110563,1.091035912944679,0.48340603179547453,0.47501698950498106,0.2767692774038229,0.45454062179300214,0.23781999031858309,0.273188939807239,0.26800323706399776,0.34336429795831347,-0.19004743673184304,0.0014931946229353608,-0.09583959649722583,-0.5852548777441685,0.11003939762502883,-0.06253902221262071,0.04096827053810344,0.16168397785369315,0.04653850756482629,0.20499144060127256,0.18737915292661506,-0.12398284123534456,0.4407763800995095,0.777551592225421,0.7642258464414555,1.0171740135204943,0.3862955559432695,-0.11367267886632418,-0.15962013777670314,-0.3541784370027764,-0.07661430615785424,-0.7047966130449234,-0.32634088224590047,0.1471035370638367,0.4537487704833902,0.9325275514517489,1.2126752083935313,0.9749488899768728,0.703175002342162,1.1537259487598062
0.5745954947736883,0.5703948305263814,0.4933279502401787,0.08360548395767475,-0.16117252145482383,0.044552463631261946,-0.4736852572322621,-0.7228806107928998,-0.6896473366958698,0.41360515134187925,0.5427738932437614,0.8150158670631734,0.9216739786728514,0.2621441777344334,0.6116853481090706,0.8340729648275529,-0.14421376728148927,0.09681346449821868,0.33976921359263434,0.9234791241285234,0.6732545989865037,0.14168584787445157,-0.30741870545722993,-0.976998949580829,-0.6323389064207632,-0.908244308532224,-1.293000619194019,-0.8914011739976186,-1.0474015359183357,-1.2240635302177707,-1.265050589959213,-1.0415871327999,-0.9296065149448505,-0.9669333789885357,-0.8241980856703098,-0.3496124228373058,-0.2845896765754008,-0.46431865630968167,-0.5440021844366234,-0.33478543894124013,0.052733488583410565,-0.05998608503972256,-0.32052536763650175,-0.49549359082773275,-0.8956136263867314,-0.6571638606346271,-1.0580050251707414,-0.6104285958414908,-0.2689738045413062,-0.10383086345718018
0.26653140123652863,0.1515686915349757,0.09936389095470456,-0.08414741207739221,0.5348091635844228,0.4654708936810019,1.393668548683132,1.3605104203610705,1.1301853219743092,1.0042167953339851,1.2021972162596164,1.0332217421501873,0.4976200383262366,0.26304772435150264,0.42221229173573155,0.6869992158359368,0.39442660256310336,1.2977102651183967,1.3105871086909437,1.3963042754574564,1.3474954926442786,1.1457692244315374,1.1960391224198343,0.24266510050495074,0.11533986806107396,0.4213113132022957,0.7924715216049917,0.721191612702724,0.7853988856156954,0.19077650727312437,0.058731590067734964,-0.5304612368780933,-0.9207428288635529,-0.5216093658194533,-0.9134247785530214,0.04394692921718578,-0.04111947577405505,-0.07050175329791561,0.08515340792911776,-0.5366039896722118,-0.10766745029834039,0.22631666281735627,-0.03433934401285678,-0.6027886718496346,-0.6423249885727229,-0.43715936717124504,-0.463957836715777,-0.6198717934485055,-0.23612676827119372,-0.2993273640572155
-1.006866265246837,-0.7957504873879943,-0.47820274508970984,-0.20454876631864347,0.44296881951608746,0.6833661057800501,0.9410704708927439,0.9934646754436762,0.9980082495287782,1.1945098971109034,1.0569687100473675,1.2546697300992007,1.3299357801018157,1.8416733559064364,1.752119739692892,1.694932498722358,1.8648268110362896,1.6005061127269133,1.5186997721811961,1.5108238149324256,0.5248925445729848,0.30298275996576574,-0.10810773441062885,0.07727561124113151,0.030656288579632273,-0.1133381377401266,0.23250437725595152,-0.5730656310300661,-0.3127561129402101,-0.8726491254883858,-1.043880285717764,-1.0821625272170983,-0.5436172444739802,0.06808352587181245,0.8209935703222581,0.5770986121114884,0.42792847220192765,0.37037094029801754,-0.5533259458525138,0.6229385760122362,0.8740228344105015,-0.09875932502278038,-0.2050820067778148,0.33624467687957627,0.5965543863491356,-0.011968850165138626,-0.1914156049645382,0.6961173701089091,0.15964715031480803,-0.3136554350927232
-0.7966204630645023,-1.1224108267737285,-1.4654587885116666,-1.4699465769553308,-0.8784932147588776,-0.6232523153303053,0.08150724563620546,0.28477456883200564,0.2722670062409375,0.1647156311607845,-0.2538516654243313,0.1954875981992876,-0.12091210681660404,-0.39656500303635533,-0.9300389481769002,-0.7108853641895245,-0.6019314579830085,-1.083712642463786,-0.84963920921136,-0.5723452414091702,-0.5585870861186212,-0.8966254389798506,-0.3660918379279818,0.14616914226564307,0.29288161523093065,0.2796363656853023,0.6433294693675276,0.2500524306993246,0.3486224744715745,0.45368218575943686,0.6498407270216534,1.0148294289433175,1.6757767538984785,1.6635754258365338,1.0180164791455704,0.840262993148517,0.7299565465831616,0.17200536794424004,0.46066171494758007,0.23612869434321918,0.21126970965912223,0.5830229660733088,0.2709923056407138,0.057368822630903094,0.13023054128759534,0.2764602759276486,0.8924591635514152,0.2502097013760476,0.18671850952599336,0.4390365501040752
-0.6563043435448439,-0.9234695925751514,-0.7511007891908685,-0.2683419972226785,-0.5486617106654448,-0.6633424055188731,-0.1711722197496134,-0.22105871587214107,-0.5620975656647934,-0.739242929025541,-1.084932692435941,-0.017811172850031115,-0.004764693587862468,0.4106133871851177,-0.0077676042515994964,-0.38416162151816047,-0.22755716181163205,-0.020385574305912573,0.1683275033058499,0.08789499633858902,0.1661107108410747,-0.13547492720133278,-0.28277524812615,-0.6142900699086916,-0.3122029997723301,0.2269833454838507,-0.12244727728300972,-0.5806663734813969,-0.7214572234999759,-0.9943981283962717,-1.0808355538021157,-0.9516694921909744,-0.8160736021671862,-0.97805894507944,-0.9215405793662181,-0.3757278861780524,-0.5151653154524845,-0.33321840252574797,-0.18487345570964372,-0.2840461737816348,-0.09137314560574954,0.2916586926916429,-0.2401183543176474,-0.32150355282806037,-0.27762067247141325,0.004185590820617467,0.1722817126655636,0.7723082396342713,0.7339743040314265,0.3571640688559967
-0.34324336282783807,-0.3248148256421663,-0.06116597325579834,0.037059731753660424,0.1345552077715846,0.6313441366826164,1.114465117098103,1.0771080738840917,0.928774029282937,0.6390473074768421,0.054967921330593424,-0.10532204051307664,-0.06662645915693866,0.11960149920409241,0.30981481528006105,0.4091783389591887,0.533988714918838,0.88410807934453,0.8228934559493447,0.8997078218753274,0.5543336309195674,0.8865931396401674,0.7637034934030404,1.1108836201742167,0.9376318324837888,0.5642142331988165,0.5399718210843804,0.3176649687854354,-0.43003251394612535,0.02866893136490341,0.438462594689185,0.854650467900229,1.2517160361329838,1.3425983068407237,0.6614924940517878,0.7371354851343703,0.33693052713001587,-0.21011889917984872,0.09552501731374557,-0.342773500981384,0.4307012901879871,0.6979787151085293,1.0483820170840141,0.9450775716483006,0.8978796933750101,0.15429244728395045,0.5431562635656582,-0.08640203865118494,0.11871219807294572,-0.18476970238706594
0.3289070470184117,0.7275661770669278,1.1810865790180247,0.2564475053036127,0.3343630988061872,0.2321589530337759,-0.0602527271401028,-0.11392185441842971,0.06713954742254455,-0.11608375059374003,-0.16302313898057205,0.021552518816805245,0.09195387044237924,-0.22160608893296554,-0.5291118230054588,-0.13938281177727557,0.6399533285866631,0.4004339989726927,0.13557179494679353,0.15653221295877498,-0.49207786134993176,-0.44794034488255313,-0.5713672672364815,-0.14967750125324653,-0.0736472092427148,-0.1091447145059717,0.09557348638891863,0.7540805814511908,0.06554694045391112,0.6959307629357085,-0.1134729541522173,0.7168094516443578,0.3881164682186486,0.7554459040447331,0.8125228471274559,0.9345390291336171,1.1099636072758088,0.7816495610434689,1.0553213833942774,0.6282904671106053,0.9623443986340187,1.969991112643853,1.1988898539779171,1.0398109744802988,1.0654453652677722,0.920802603285311,1.0764912551910943,1.2713512176573893,1.4590499584487406,1.3206936922717303
-0.8546039319832787,-0.8609625037392091,-0.6226484435995681,-0.5416979607977591,-0.7379898634447857,-0.8709295253244912,-0.937863497840181,-0.6861473744300668,-0.9417193658107588,-0.9617210848610802,-1.3332763481142376,-0.26697076069018083,-0.33919849551313075,-0.6850165928593873,-0.009671466536522398,-0.11372700785985981,0.28883396281407403,-0.058503725445059516,-0.40382254312558075,-0.8847015389560349,-0.5718374454985753,-0.28574735955223096,-0.6055614032013846,0.22560411133759498,0.3138029785567727,0.7699740696678132,1.5382132443281198,1.8758006229741082,2.338446852942094,2.202035674939056,1.7435843252033043,1.8083870833100688,1.203180850254911,0.2245275072911424,0.402039729102971,-0.027238065847767577,-0.5996872609367632,-0.9852091688367157,-0.562604677285103,-0.41445718114377245,0.0537715484416365,0.32912490482369616,0.647628937113876,0.6829711173550179,0.8900199159105702,0.40557281290890584,0.4292879907170346,0.6327552884152197,0.021702736132296053,-0.25314831158362405
1.0787764323843265,1.5967951901485844,2.199152756870107,1.5683915497910852,1.4399488671301817,1.7343553846728397,1.2033685528459495,1.3150505588656887,1.6439320861403628,1.9567210632463872,1.495710107919177,1.162464357030823,0.653573386422068,-0.015417455791513877,0.322320880650181,0.5132022564156805,0.8698549191273967,0.34770034656958576,-0.05682258227580797,0.4031364219707495,-0.021033544015672034,-0.23091787626735655,0.055308536408802456,0.6224905872026155,0.4940280464833299,0.5638119591490452,1.1372473571186843,1.8212094825550076,1.2909594147560033,0.9382510094022847,0.2616785984293334,0.7867627657585968,0.8793850762929132,1.0496844576356237,0.5685569522927478,1.1558311802393608,1.2388793136421739,0.9106865341101505,1.2376268087751097,1.1640923250196176,0.9097576666659357,1.3358535653152177,0.594404470619051,0.7909226207813392,1.38291858437526,1.176670600769702,1.0239505004756493,1.3541826738210272,1.5975080650309332,1.9308697378773947
1.6866586872525657,1.9760107808442429,1.5920529665689864,1.6006705638395256,2.016595621592582,1.8838509934869252,1.6391256674780426,1.7532907709580434,0.8594068806328682,1.221966967222735,1.0543341843726994,0.8839781661764898,1.2858600226765382,0.6388562803109605,0.7913695617482384,0.6001000047389035,0.12621867459723982,0.49008446474378886,0.6312955308199678,0.4322340320686645,0.7829643569603096,0.4275181645939845,0.846447795836149,0.8707292058439027,1.3562024015135061,1.2297500031549808,1.349128274835761,1.2636196994272897,0.8793980113530223,0.9086465645700718,1.133852991551885,0.2760432265739975,0.07791695548033081,0.06627200222063288,0.291327484887817,0.19332220717753526,1.2343063917467167,0.9222324683093598,1.0368034863562106,0.7086853294029745,0.27618220734001486,0.4473051607348481,0.1334032842743786,0.27333147132019053,0.26941127097676554,-0.08413098453515282,0.487145744836999,0.6216274990297724,1.3144423718968952,1.771044113402782
-0.8252295289688338,-0.30046329964079,-0.03747462671048277,-0.1373797526242516,0.25012777437959083,0.5139372377359244,-0.16363703540883495,-0.014800507612606623,0.06783484648738534,0.4957634168374107,0.4683926916730351,0.8313711239369656,1.318478695621214,1.3342417400299007,1.0306457481760556,0.6074352617596126,0.7514796801504136,0.9794071725456837,0.5831746537764072,0.8396592530062161,0.49341672237622886,0.572927071328923,0.3150657437220041,-0.387337869166264,-0.5569473865592359,-0.08781649168968785,0.59327867777946,1.2132882441211963,1.431206766327634,0.6724794472599128,0.5866960622078434,1.446187357647917,1.1460461036495477,1.3508216956786032,1.6407142853942882,1.5517669649054784,1.9830101770427027,1.5684606786048836,1.5965882394557431,1.0510377161541202,1.3432242863173192,2.2698384018847206,2.490265939587784,2.056288718041643,1.6975982929768156,2.5503383654713168,1.4273408204665443,1.7106640716240722,1.1627111851208216,0.5512538059764577
-0.32383731621275097,-0.1823178681214765,0.4348455407427876,0.9489863446596788,1.1952265745100539,0.9318135126326628,0.4015528330093987,0.3348314516194709,0.09023498453013326,0.3850578546422216,0.9186739240362494,0.9071339108035977,0.8481673319841645,0.8918661275605066,0.37352246553712015,0.6378943491277634,1.0569366846450474,1.0248759523407158,0.8212940258426771,0.2461999741539943,-0.07603553397065378,-0.271241168607043,-0.9605723731099527,-1.3344937887242592,-1.8147630273194737,-1.737522672021708,-1.334948481998515,-0.7404845580634563,-0.7954022833703144,-0.8943491698169737,-1.545974037407839,-0.8681104801412367,-1.4149770949036435,-0.6550178166273251,-1.1231632067243456,-1.7559230732946667,-1.9713885863279001,-2.27789899274596,-2.265505820854319,-2.231808600371638,-2.135694048553136,-1.5736049951745281,-1.5239670522103725,-0.7609794428058377,-0.031014539782686985,0.29222958692248086,0.6240044618090518,0.2811596003543039,-0.516736011058706,-0.2884555167764755
0.18013837497604412,0.7382999084720697,0.8682568979661421,0.6561553939850899,0.952277442260274,0.6721358692850691,0.5755573601957672,0.6376401404707644,-0.14975946718919295,0.3637054580065368,0.030894754480219652,0.692709258769887,1.0025326867907074,1.356496144577257,1.8686712568738304,1.7641482535252884,0.9976234755793917,0.4944224739556991,0.4174133887706488,0.20455540523882904,-0.3478647413581165,0.6601071897320447,1.0133450538368265,0.6108682896337472,1.0600826712357372,1.270026456637744,1.0136705454216697,0.813936767305492,1.1280563712893097,0.6691603652799174,0.2405588132317928,0.2412314746012799,0.09287539827077612,0.36465672454817527,-0.0755886916629259,0.175616942643161,-0.11651599049921668,0.36412199588045624,0.3749953043243893,0.4900237485193161,1.0430161561915476,1.8282214376669967,1.890441720932656,1.5514453604623168,1.3312002324314092,1.0808619468408014,0.9636212558268938,1.6170528016734325,1.2700873339708114,0.8985621516540223
-2.4586395870113793,-2.7611095731659128,-2.4327571978074447,-2.6288192915507262,-2.5469583339906934,-2.130117988203136,-1.643565529297274,-1.91682067040884,-1.6476199466483463,-1.830383300417046,-2.2334254555167954,-2.4142718053856997,-2.9100188464844416,-2.805424584019718,-2.726989323777514,-2.6288612650590935,-2.6636748419778624,-2.1368059490791893,-1.9817492179512335,-1.9510289463728703,-2.6106566351777123,-2.357871204756152,-2.4045205991236385,-2.427311259246498,-2.0928301182941165,-1.8662084779618031,-1.8544925777311914,-2.1687259402929717,-2.177316145119287,-1.7419939391098733,-1.757132797120758,-1.6474566300669868,-1.5130181994807377,-1.211585848323351,-1.0454873305903836,-0.7702381627303192,-0.6505100187317299,0.20919747188770804,0.6136949906545363,1.2582631263063746,0.557553295976214,0.7945517354324335,1.0034917496625078,0.9681185044012564,1.5533634985757432,1.6882465340112223,1.6259298659744468,1.1760463910440062,-0.09905143017652412,0.9081636590990233
-0.2530030480797549,-0.9651448224960043,-1.1496067846909162,-0.7205681007514236,-0.9230975509829937,-1.008165046294372,-1.1870859906865705,-0.8145840254307336,-1.1931972867732725,-0.4130539601793669,0.13124320823028435,-0.23988176010209905,-0.09674785624836217,0.5895577469592248,0.7357319159957288,0.3747570988238335,0.7136252453908907,0.41636459561484096,1.303381062180225,0.7693193263168397,0.00015529433698558632,0.4294961484808027,0.4650595204242441,-0.714476430628371,-1.0446350498958794,-0.7306627191501517,-0.20056042815581773,0.1567321208921475,-0.33013286708378675,-0.32203513807925743,0.44706932147287726,0.16758559715063814,0.50462707525899,0.5148344748958098,0.7272222786183136,1.4220160326874538,1.0341551894921037,0.5816945813036706,0.802354842576442,1.1442629298132103,1.2078982862882846,1.05203763310178,0.5369537556527355,0.3164397642844969,-0.0541203089968508,-0.26549028759261206,-0.15414305787833563,0.17627756399075242,-0.2818130431751128,-0.3052010855071587
-0.055725120449968135,0.11855351450960246,0.09454954258372834,0.4005201958349685,1.049056436473447,0.7494672510915035,0.8245810021042589,1.033373829176677,1.2130843110932492,1.6204465356434345,0.8832682482495029,0.7646215250287223,0.8875769351472568,0.9035074021009575,0.8480729584354263,1.2462009077830922,1.5096003525056394,2.1047515011630895,2.0025267448615036,1.6631705245838044,2.3295579945461573,2.6461024032482605,1.4780376569414755,1.7314894489011934,1.3350982191673522,0.7935479830054691,1.057386150943688,1.0880875380560013,1.3770525063350105,1.02876423389263,1.0516482693360478,1.5456753143816064,1.25833958788934,1.0045689150845265,0.9724423683166223,1.4444149721142707,1.5861668718973616,2.1546449674164845,1.927499121025246,1.6608456308275195,1.3184856022465212,1.3602593373256344,1.3228298453797755,0.7425646600093923,0.5539823100986422,0.6061247305337518,0.33812449580419746,0.27887308223041124,0.22969416622542305,0.40992612849579174
0.6850108270537204,0.436205589519903,1.083837660202887,1.224487653774528,1.5219837303839576,0.7250997252671493,0.7839350668860509,0.3711074866321553,0.4768189010214074,-0.512254199101158,-0.23880516916658476,-0.1817255982092069,-0.13570275617026667,-0.17674552614601816,0.1061401441869565,0.26772748396424584,0.15303667287203038,0.26099774405868953,0.04506614510626445,0.01039884250374159,0.3046581412603647,-0.36589393940561327,-0.5130420810190067,-0.35027929625933824,-0.5137138154108029,-0.6019988610879011,-0.7958237564790707,-0.9611737857390734,0.1487601393909837,0.40345743230669134,-0.40571352091686963,-0.5412322802156014,-0.7816192117607574,-0.7665084513348744,-0.48101958911274656,-0.7706365735712897,-1.111571823885413,-1.5193715685938438,-1.1165535276253302,-1.3387267306944761,-1.0931077376769645,-1.41123517972323,-0.48597603796732985,-1.0834225266191344,-0.738798009163383,-0.46894670320281834,-0.321960155049115,0.5489276375631748,0.9919727744118783,0.3373436742396351
-0.6857053135659321,-0.2500684924561784,0.36338788396887733,-0.433585114376421,-0.21397729483075467,0.24267527245986573,-0.1464295741969334,-0.44047315571356405,0.18200840017115852,0.5771787312517713,0.15541296111052838,-0.15023574402916715,-0.14946026343579846,0.04159450990839924,-0.6234908649194837,-0.8660581926394978,-1.40812243686439,-1.4359052710218154,-0.9279100980626527,-0.9689427578607603,-0.2753408975504516,0.05007789489449807,0.320338566247368,0.35311760868714936,0.33597077238180006,0.22011775942810843,0.08671919710456184,-0.26752380292049344,-0.5667230974890384,-0.056525739504914595,-0.13322572022002233,0.033270411829625306,-0.033864598022876224,-0.09473327813723223,-0.26387497790224673,-0.4497710462964514,-0.4279197874288343,-0.18858006605271152,0.14314696373013863,0.2279074349385826,0.4797362813211732,0.5852952936242747,0.2859890007010068,-0.5882827971509915,-0.2261168292931042,-0.14618491333591008,-0.0721079226424232,-0.5990335060141717,-0.015949569977231005,-0.06091253168336943
-0.2396223468782448,-0.15302279984428444,-0.41763786348701787,-0.43861574470883,-0.24501712482617904,-0.423591588200644,-0.13717198709407372,-1.0871125247888884,-1.7204391682465179,-1.2416286896098152,-2.029979208801461,-1.9949387729063834,-1.87056456429902,-1.8366619703924518,-2.015235197237135,-2.3918491404508004,-2.6714369847738966,-3.2338423799831313,-3.1631510884989495,-3.526485464576902,-2.8790080720794613,-3.610677630038212,-2.659002771114126,-3.2577945745634156,-3.756563740230581,-3.408632868887553,-3.1793667574776543,-2.911402424408232,-2.438639357096536,-1.5122205224635612,-1.7384499355593488,-1.901300325899494,-2.644228988329486,-2.2145560515392213,-0.9591063535001731,-0.6118224733982102,-0.8399445265636631,-1.0478748278802503,-0.9189620119121659,-0.9970491917143449,-0.8913228289330875,-0.8899804870665842,-1.919638817933429,-1.1007545504911036,-0.26962203763363946,-0.1493895533076657,-0.6185299965071798,-0.5525652670408532,-0.4186591398695662,-0.4885732924832699
-0.4354320352418741,-0.673133817376869,-0.633901287164524,-0.8959472405821155,-1.2188642415186972,-0.7367483790458487,-0.47159737786515843,0.06708346657336398,0.7649077207550437,1.0114566621869694,0.45533792189962774,0.2769308900169047,0.762366107633846,0.6841116418085236,0.7866742845728698,0.17774872817342632,-0.3795298938342958,-0.7761024062275105,-0.9630422002829142,-0.5296535343771259,-0.10954989784180379,-0.17238132194235173,-0.39976658635279366,-0.015036803020506905,-0.7990770269064889,-1.1421574790597868,-0.8953699915562288,-0.5274973013054768,-0.2265982338202049,-0.808920970402117,-0.994503753929986,-0.8731952461591203,-1.2220287760474957,-1.3902068821083726,-0.4629691015652,-0.43813262969732086,-0.9538434509214209,-1.111633982008871,-0.8778637631685634,-0.40359414156447393,-0.39922039039137597,-0.23228040398470462,-0.5041434165553895,-0.842146675816101,-1.1142497313673374,-1.3331907499379425,-0.7743110024106238,-0.7519570730665927,-0.5195715518848283,0.23473167143400894
0.9995361880371891,1.147660411914589,1.3906435774733386,1.9090976650931653,2.3338869233957986,2.1481239971279225,1.7273503481509214,2.156509782685393,1.9135259704169096,2.0201305693727116,2.297209677189008,2.001242410490987,1.3494230241943455,0.8180438581853071,1.1253182922485137,1.736389719314203,1.9114872538472798,1.6588588422715533,1.279683849952936,1.4166445655346744,1.3731670784059815,1.1018236118312452,0.6103881120288831,0.4096737288567276,0.6354792742286612,0.4295956892718265,-0.7257940616512194,-0.8011298837541122,-0.9293595501705322,-0.47614269184171903,-0.8051871550599644,-0.36951338261661965,0.22760157730305186,0.42044470086408525,0.30188432023678735,0.1600393563455194,-0.3339885158756205,0.03691579987564714,0.0159720184714527,-0.07148105471139284,-0.24083958740850883,0.19144016281801934,-0.8627503984511459,-0.47360931883273827,-0.4408405970262956,-0.7545051284058948,-0.36109975509193964,-0.2703311732279337,-0.012078227401744043,-0.5586455474890575
-0.5692612200943449,-1.0835894499727245,-0.5865717599704815,-0.7345235365865274,-0.25742409281806206,0.4305474162032751,-0.15365430048860795,-0.10835451405087987,-0.8673631701561983,0.0228236286737588,-0.6503473794716367,-0.19513878783883506,0.02733195858378819,-0.6727129358000632,-0.520266976577558,-0.7406711350328475,-0.7406654232858303,-0.6198244491937186,-1.1490435960866863,-1.4856361946930452,-1.745611742870209,-2.366442551158713,-1.514324038003781,-0.8938949129980511,-1.0837696452964298,-1.6887982734786315,-0.9482374745345095,-0.7162507534808009,-0.044669655176101906,-0.08803928247845622,-0.8277695391626243,-0.48188105972221457,-1.415026435356525,-1.1527130171928521,-1.117370536123967,-1.6571662692228926,-1.317967102262819,-1.5598749840409774,-0.6814877634493639,-0.2661816646121686,-0.2603002745588557,0.41199163376656095,0.8777973596874251,0.7919836047262847,0.2739653386961038,0.6850990917203812,1.2360970212052704,1.0097287779433273,1.5071365045336427,1.343505791347905
-0.48017944266837354,-0.6860324194746783,-0.7526912433676214,-0.6989254818188932,-0.9333147550688092,-0.5777735614469163,-0.20372393477026626,0.04670592535022484,-0.19651185803020094,0.20968589770488413,0.6605893528474721,0.7687693638624528,0.7301328571143895,0.5610352289001073,0.6124096887925031,0.03072792476024672,0.00824901136493758,0.09284786901236343,0.009332724117513222,-0.20281466104617074,-0.7447564966617403,-0.4987349095689649,-0.2663522965413947,0.23266378043559108,0.08203704381794241,0.16645909999824984,0.6378253224169917,0.19491860263637398,0.04955526829442052,0.6887135582564892,0.9372188007796682,1.0907951914263392,0.9919842148188516,0.825857618019419,0.7507310544567208,0.3604495235254498,0.6434590044393108,1.0020896533129868,1.3160437217120993,0.9078033686124609,1.3221640358087536,1.1730555518903552,1.1296042469511016,0.6043085962138015,0.3778362989576131,0.053161058896615807,0.32590165034245683,0.8139020366355212,0.29645024969961287,-0.8255724692754628
0.20032954444401,0.12515024183196383,-0.5467244304615896,-0.7892383495567332,-0.6576835945418719,-0.37051115793445566,-0.6554731151036332,-0.3122632988951226,0.0004493600995331636,-0.25508801094487626,-0.36215290626603086,-0.9199099299137652,-1.0602858163301305,-0.8622335461485473,-1.2204093380034702,-0.6208640033164261,-0.18099232414072233,0.024201251369948402,-0.8005841851923683,-0.6679279979431773,-0.9659499651337669,-1.3029263458543474,-1.5277518662150018,-0.3476785753573858,-0.6852782117139496,-0.30718767099639543,-0.1644892044146313,0.16618819491772976,-0.019827210974309454,-0.34769856544102296,-0.6380655236227311,-0.13074366185243516,-0.1999952715775449,-0.02514095744009148,0.10539373010997667,-0.07658783401085274,-1.2818281506089795,-1.064610218806339,-1.65121116567022,-1.6445114413873219,-1.7374086539657798,-0.8241181932905164,-0.9635411867298654,-1.1982521342222194,-1.4545775530057161,-1.2643036869857982,-0.04838878318527209,0.016570463435872797,1.0406695028768318,0.5617316826566343
0.7812699497052821,0.6412853286219846,0.5112071287965526,-0.3550146458271861,-0.8743382670177392,-0.30854672094570473,-0.43564203108351685,-0.3612694842341124,-0.26904229408706304,0.530310400571934,0.08160914479180507,-0.40966682180985414,0.19686997438870615,0.49426880251699645,0.21538958470025774,-0.014558521004275267,-0.5777532844396972,-0.908605159896267,-0.8505382259254168,-1.512909006782895,-0.2934433356576425,0.18154907813131524,0.014864693995350084,0.20086005570705365,0.3699238326195564,0.6549215277327698,1.0394871379043427,0.3744362639770138,0.38154844795091775,0.39330525236247066,0.7223993281023203,0.3437006145935874,0.054250782229639236,0.6626479288887072,1.1948861109727784,1.1985894237143844,1.590973208688315,1.8534524821429768,1.5117504075455015,0.9315220207183997,0.763551766470245,0.7710296286329755,0.9658875567162379,0.6183189387216687,0.4176800306825265,0.24761518291679666,0.18437566740624264,0.22886496427500605,0.2575214582708582,0.03705556819445206
0.11694350016557314,0.4429993238323304,0.14394672738334635,0.06903449092498005,0.7127156587834677,0.1995085948183901,0.013213239015732231,0.9203218498677227,0.6737410039188594,0.6571156393441491,0.8273356415554335,1.3613958825581969,1.65491194312201,1.1689341440804155,1.3024542833329196,1.4818569962379273,1.5630947661677397,1.740608056030035,2.5021509893796927,2.2299818477058624,1.8734692358221954,1.4451522444982758,1.6513040906829777,1.250957585294422,1.5902666466201556,0.5700059482962161,0.035556731633236825,-0.2922807488159883,-0.18934480708539253,0.5250296734616694,-0.3471587006327361,-0.6304753466541722,-0.9277397547138391,-0.46133106233487386,-0.5303245150203837,-0.6203615220146546,-0.4623283150891189,0.23174403083306078,0.01010576824286305,-0.16331673256005463,0.25061405423741584,0.866551024137861,0.6447121990629123,0.7568985251267912,0.6636417069346622,0.508896663232496,0.3301686314041757,0.04881964532359079,-0.1815686221666975,-0.23617879354931726
0.5117057735364124,0.42417084650963116,0.7560002139408886,0.7539374163774489,0.08211108118329365,-0.3030683070561441,-0.07608483606911882,-1.1129090382087006,-1.1617635230805021,-0.6695317659651869,-0.8497767940009018,-1.4940674766982203,-1.602473992969558,-1.2353426982538325,-1.1908188213997448,-1.4656639266256417,-1.7198840126953199,-1.4692387480721265,-1.1352945860675308,-1.523583822586441,-1.1852078911318544,-0.9963674600130421,-1.2747780931209896,-0.3879683538850529,-0.6644840582657042,-0.5383464498174294,-0.5097983195230419,-0.9471361152309351,-1.5524049306726082,-1.8190578967530453,-1.3508283505476655,-1.4917916293170486,-0.5766705867357593,-0.5782746037627847,-0.7112212127613974,-0.47834076784715895,-0.661329422647646,-0.9622724089809168,-1.7802300131606086,-0.6218596032295916,-0.40816779186997476,-0.45184169837277366,-0.9859128106264539,-1.4178889375293016,-1.655297675208079,-1.271527048739655,-1.2048979332705172,-0.7807210089792795,-0.4286493642149962,0.08250674807841185
-1.1663247496066937,-1.7254996793234338,-2.0416110719054226,-1.9798710618131585,-1.5322011752250628,-1.248272060793427,-1.4694005758280966,-2.1040985189262553,-2.4042803364522087,-1.4566378955530155,-0.9301485497474462,-0.6547444346566194,-0.9050432850767167,-0.7279777165400944,-0.24603764609914483,-0.4699250618605784,-0.5414039064733072,-1.1020908791036186,-0.41355501686874324,0.18677298248213584,0.5172212067090473,-0.3009535606452425,-0.6274810845901325,-1.267883338866433,-1.329944386928306,-1.2591526812428877,-1.4992832781354588,-1.946155556966472,-1.5736506891199842,-2.048893567619382,-2.262232502964781,-2.3831659818664033,-2.2993332792779393,-1.6302683042513713,-1.163822203616271,-1.1251430624286074,-0.6483630629594832,-0.7771871947648925,-0.6056147408611825,-0.4601960589663059,-0.4405275027024306,-0.834848621117366,-1.5721316023237248,-1.5217843690109192,-1.5963710252877443,-1.8267612974409344,-1.9684346461069564,-1.8899104389773531,-1.3987859354348708,-1.0198440405899118
-1.3867599917910067,-1.3480959554065597,-1.1267539346491104,-0.9202731561067983,-1.0845578580515762,-0.7214024089738179,-0.6616366508653835,-0.18214652030405096,-0.05588031772402174,-0.2928794135137371,0.073444156681086,-0.04496969146614306,-0.3657260974941899,-0.3314068603466992,0.13979881899913751,-0.375964387383255,0.06265786900262851,0.4154380008119544,-0.3589014901990713,-0.27336453253440424,-0.4347522292860486,-0.818174356506104,-0.9482198304233855,-0.5668170480711309,-0.6436461118634389,-0.6593638392922077,-0.14270691894851176,-0.21107276629376412,-0.05278799966135219,-0.6063704520035504,-0.5193812811549557,-0.24127307754357774,-0.6080825298547987,-0.834719979014709,-1.9837649023523296,-1.0414870368065048,-1.0684272686280243,-0.5928291035980718,-0.21789629541700595,-0.35583061799391374,-0.0811605206460184,-0.028185672745229557,-0.27246606729497325,-0.6680861162649778,0.008154990727021826,0.0009491746307683514,0.6890548322680365,0.49898701999658573,0.40457740072154647,0.210616059669085
2.710142639157657,2.1565686661383525,1.9265047265234738,1.6986898988282575,1.0556616571494324,0.8214882546933057,1.1874610208554095,2.1092038820787664,1.8450943588375375,0.9151368159552881,0.4722865157362094,0.19372577706289593,0.26283722535223836,0.7416259610854928,0.34029391289081967,0.2587032458707483,-0.21766679587882,-0.2412614729149186,-0.024546396118951413,-0.2923036002661993,0.10571452580473499,0.708935221387555,0.8879171943170258,0.5811495937952176,0.6746026535870169,1.1870380833124747,0.5797931862820157,0.6959106341563729,0.8796380772693981,0.5647940113170393,1.1997942727079183,0.975641592717414,0.26738270518273505,0.00028957876747646825,0.27703195599683067,0.15337787034148898,0.3053563987468413,0.4603986460676617,0.4590291307485532,1.0225613520790018,0.8202591483098857,0.41178129704669275,0.3911325803124819,0.995079783278134,1.1955198067645965,1.912920568639552,2.0019812451432055,1.9673935763147758,1.8049821820026934,1.5782318240337843
-0.8853878072957408,-0.7862489641409498,-1.0906575569627641,-0.9890845899623022,-0.9247122779014818,-1.306098086854757,-0.5595809182702193,-0.9252890276353687,-0.7084223301699434,-1.0206287599870356,-1.503903372787639,-0.3160851537984175,-0.9039979986380622,-1.3488790277321914,-1.4506495913843478,-1.0622164767047007,-0.8711001009931439,-1.5762376702642287,-1.3357643419194292,-1.5062498739509114,-1.4464999718572544,-0.7734708380732707,-0.36220726074811826,-0.495220664421757,-0.6140685837342025,-1.4371840502094502,-1.2821402753901665,-0.9861763013202767,-1.2339933882496368,-0.5969213849974467,-0.8200712746941626,-1.2283815736049863,-0.766841990369788,-1.0655061262372736,-1.2974696413204587,-1.4497014302170381,-0.5403940490744493,-0.35495430341468387,-0.8222612767757909,-1.0670341173810236,-0.3457284519460574,-0.16491298881005312,0.23915043226944566,-0.09914688741422735,-0.203553149425967,-0.22967665732559941,-0.2091303933378938,-0.70244548403414,-1.1265715737057316,-1.5697904476732802
-0.9590977302515001,-0.9084357408223418,-0.6165001055510163,-0.4776467573864479,0.48044160543506775,0.6197063950248137,0.3133479510163651,-0.17274404852989764,-0.4171127387698596,-0.16301243442292948,0.3913171572025939,0.9243092157786843,0.6476367762605872,0.800725205202804,0.17177510124819223,-0.24984836533951207,-0.2972654387181584,-0.062260868856772976,0.08158774793388901,0.09278458075777359,0.17798989370372012,-0.44030948258986924,-0.07311115713905918,0.22455149115790668,0.5964404155471308,-0.26071161052029185,-0.421068803004636,0.4709771935183924,0.6664983797747829,0.7655763866283065,0.2928349697377092,-0.010149578513244951,0.3489392194744815,0.8459137650888469,1.0615314784905843,0.7809575423590297,0.13572469477029836,0.8969056810244033,1.3446017052430874,0.4276571862991722,0.8978016144673174,1.0173116080279978,0.8392763744061769,0.581858327276482,0.6235967488774887,0.6041696407150323,1.0362014540463897,0.3412153514146868,0.9286692375993995,1.4081140788286886
-0.7944511479227778,-0.5030428995254764,-0.9172301175311258,-0.1382287866240123,0.644354824539398,0.44662495917718864,-0.12816547243189702,0.33777795655200155,0.7164670048061215,0.635784969757867,0.3973495917902973,0.7796058444475359,0.5828226952246782,0.49715377218004997,0.14336047359779308,0.023879667033140938,0.20271866644579928,0.13337432465901622,0.15453594857255532,0.897720470478613,0.8103829280186013,0.9070570080598034,0.7192873325425837,1.3661720973222793,1.7333345470143013,1.5297468262901643,1.5768599270227273,1.4579336627075876,0.7181574725289926,0.4214607569809279,0.9863007012621839,1.0350705588821947,1.0818949619697293,1.5017899915502995,0.8408224838474712,1.0931638006469433,0.7910635090714152,0.5468465961765141,0.5479622029647142,1.129566911149794,1.3881912687552083,1.2440197360060794,0.3084434224469531,0.6704267871042314,0.7814782577641431,0.2311116960596528,0.270169736413119,1.288084328340863,1.5106078171731412,1.4361519722141773
0.34236079860612534,0.4370858472091878,0.5593369106953424,0.8671360504818661,0.9580883207372025,1.3340843583110777,1.667964683118236,1.6587987645393762,2.208525377065894,1.28840067877781,1.1134557206858582,1.526467707594849,1.011482616179982,0.9240289843972264,0.4426251237887549,0.3927529446593587,0.8714477109701032,0.8568983131661019,0.8114419884591693,0.567625699023662,0.3422307126462692,0.5051793388692631,-0.041393368305054086,0.023120147601071755,-0.6125390083646454,-0.5546028581657867,0.3024297905415221,0.5976312758456102,0.7463564749322136,0.4912363782789111,0.290628426936876,-0.0011336080772608207,-0.046957317752805115,0.04959863203578106,0.10066904363591214,0.3865406645066247,-0.14286085190822706,-0.11764017738847722,-0.6963191528976874,-0.01970701588443014,-0.2634919696065089,-0.04560785891541419,0.4720315890204647,0.4587311446251155,0.7157330351004074,0.3965143047186281,0.23935328555857716,0.6120655560636372,0.5697991975036881,0.9136138719171618
0.5493369549975479,0.7326621924105915,0.6137796453398899,0.8718078227485739,1.3160378078793908,1.3108469584063303,0.5704432120954076,0.12058324905281657,0.13601374428037705,-0.27990486078715776,-0.6900623394618957,-0.32402010952540017,-0.47785644704763525,-0.37395450010716874,-0.3315961133337398,-0.11902067060014862,-0.2712827014425227,0.11173468825213147,-0.3323914172236267,0.2076482136257998,0.5076275373284165,0.27976044151681284,0.47983785683406577,0.5428563892027511,0.8154828260477328,0.9177865242860608,0.9651972803069554,1.0561342336019426,0.9326374040708294,1.5790800504009983,1.6464302275359854,1.6042778109218891,1.9520084583699537,1.3479012536496324,1.1355884033051695,0.8917789156806922,1.5652250179294271,0.7610228764194876,-0.302416846990842,0.016319355646007585,0.008283810163532282,-0.34263170595666437,0.0857913289914659,-0.009181495808959807,-0.09010757499100835,0.40479336295492296,0.20041701364159606,0.7542468094465474,0.4815864758666995,0.3194045329204733
-1.2084279908641682,-1.2906152830336435,-1.0627103873914183,0.032316925649484116,-0.45358625954352616,0.03433968265667362,-0.31641815235986637,-0.6306909917410728,-1.4452365814329386,-1.0850585883269597,-0.630278368192038,-0.30849193267761743,-0.0167524391316516,-0.0235926572932182,-0.27225525675351087,-0.49291509339620965,-0.6995777030921768,-1.1202343614536208,-0.8399211008610219,-1.207281396663065,-1.7937805678121417,-1.7098878198351237,-1.3412179180541726,-2.1395750834498526,-1.439319042946423,-1.4465834041485082,-1.4663828088468684,-1.2382885311498784,-1.2746820162483643,-1.0116588415368655,-0.9979156980280783,-0.9767273767231291,-1.0752223551684124,-1.2571324668896564,-0.6915727475461206,-0.8121690796948225,-0.6577364260724472,-0.20157205297932196,-0.2669118070895609,-0.7257263453075974,-0.8469238166099838,-1.1920061189574316,-1.0027982126495283,-0.9203960386749579,-0.6002753764770454,-1.0525108778562065,-1.2722081044697597,-0.6166684008961394,-0.5651953609393348,-0.8212594438023548
-0.01263867861876912,-0.06580798976817634,0.06475326666312517,-0.6852537578212013,-0.7016607153830583,-0.3081137338572328,-1.5350935767364993,-0.8016655491658997,-1.111678295852129,-1.621470874009997,-1.6256191441505947,-0.6762930499141232,-1.0841705119130478,-1.3278652927081507,-1.2531353589214527,-1.0571667233057038,-1.0969806410622753,-0.9547183595253713,-1.2107477519391094,-0.6678115973087256,-0.9638238503073228,-1.2548158924358561,-0.8558959302942203,-0.7908961533083363,0.18974829351454015,-0.19010783374177573,-0.5249449136788765,-0.5246285324440882,-0.45476704544617663,0.0716300132750207,0.5258786190710119,0.6902807041202645,0.35717666039487084,0.21653800936687215,0.12301526539780788,-0.34075653612223805,-0.44789768248362044,-0.43041462551608106,-0.04091068939494259,-0.8293299998315007,-0.6708096570029424,-0.9137844045183208,-0.5503813155302099,-0.813564117903969,-1.0537959216356376,-0.6583665758589823,-1.00332573674279,-1.1185167984344568,-0.3307640871902638,-0.13679204646491985
0.01465395176738241,-0.25727947572475446,-0.11819896835838795,0.1382182684197557,0.9270088602222667,1.0336349123370348,1.3109768826713746,1.3986549569172169,0.9586776245814835,1.081093227357755,1.3887206461143058,0.789664706938581,0.29584699883529936,0.948766589123178,0.7681424739346703,1.6763004616349702,1.4801544071577868,1.560706417770296,1.6533575436917818,2.063927798378455,1.3631515042710667,0.57053958433973,0.7885590887696861,0.07568607608403273,0.33962279840512016,-0.36585784830712287,-1.1689435836719106,-1.614178595304291,-1.515733795604315,-1.3005946816025022,-0.7794934420905435,-1.29558192131167,-0.8037829082867702,-0.5632676115054884,0.4027343689813023,1.3068343553152073,0.7390633245803968,0.12163313299140421,0.43233929414350797,-0.027245719484144205,0.38676572174412577,-0.03921436865178828,-0.0429721102083898,-0.10684385277851671,-0.18400667680840227,-0.3270154029368663,-0.7820662410129631,-1.0466637710905946,-0.4743851527265077,-0.007083331607562915
-0.27780318343548993,0.46310563987351416,0.2968537907994428,0.2365075503969838,-0.14585657522783582,-0.25378110021513556,0.2947848197738888,0.1654179617903312,0.5102692684856189,0.06948661159507755,0.7726751516619178,0.36538822690674483,0.7710621276509021,0.9719460676031387,0.483978482270798,0.35841438922638247,0.19872133429549058,0.29342329767743786,0.8509939318449725,1.0146855880941714,1.0521475356895087,1.1284493964262303,0.990005824433388,0.7237781175912731,0.8670467203486291,0.8183373686702903,0.4366003160331266,-0.011749877704171659,-0.8823461132533088,-0.8634464275638565,-0.28245844802783376,-0.7192633787821374,-1.0385135943775041,-1.5783840241245386,-1.4712152725974332,-1.623097939432402,-1.6055591327922552,-0.8382126752104723,-0.7114406672329044,-0.8388135590785047,-0.45501244818111763,-0.450262867246937,-0.08364403399816835,0.3008406347015308,0.6893342623077815,0.7931799427759463,0.7638500042010569,0.5727161855278268,0.12508547776530987,0.550775388855479
0.5735979178662879,0.3309740332095492,0.3397152364032976,0.10519060172335304,-0.10616901978971517,-0.05518799770075418,0.3775172151767036,-0.11232641778481313,0.09101204867242121,0.9828180913003431,0.225772225316888,0.514255040166807,0.989084308998696,0.633478716156546,0.4252252466192262,0.15557215869178598,0.5971524487842281,0.7231024522531219,0.586052941483216,0.6192278869438101,0.6114404959190788,0.651594868541508,0.4881287971072838,0.28856908833132616,0.38865340796509423,0.6130346867966159,0.9387826678004825,0.7816477429537566,0.4042466761900593,0.5968181782243026,0.45255088011731076,0.654842781576529,-0.49915533073356977,-0.4144412007748125,-0.6772371317003738,-0.11091508740716717,0.5006700585656654,0.013504092613589045,0.21196892447443022,0.531007341817252,-0.008701546976248614,0.5177976267771331,0.5978485037729036,0.45852007811021456,0.39759208221091763,0.13764226799943677,0.20908674286519466,0.2263182507420119,0.5263809089847858,1.3765676556692117
-0.5457797948517953,-0.6593155078718993,-1.2879821425796893,-1.478488839220152,-1.1418495249599847,-0.7127172933626977,-0.6741711867797245,-0.21744046433561326,-0.17316574625504016,-0.4900782191463877,0.17466589680128974,1.0048390793063586,1.5494078699031133,1.4431529596787078,0.7803942964497452,0.43584009288269326,0.284120154468289,0.30934847386859415,0.21656979241647847,-0.22857269318340495,0.34169726055388966,-0.01870628362502021,-0.6320641411013042,-0.8697669923758723,-1.4733559164436452,-1.076212961655882,-1.126386295053855,-1.0238344718259402,-1.036803026362642,-0.8545527649443346,-0.2665963279222684,-0.6971715858628854,-1.03167099009286,-0.8627777239539259,-0.7997638978219613,-0.43535163858469555,-0.7747202577310829,-0.8089304100381361,-0.20621050853273853,0.03660111331967448,0.37224227655978387,0.6458379143402935,0.419413575514137,1.1000891623270201,1.0275519297782343,1.0369143378769168,1.4476856133431273,1.0557013023200195,1.1765811908152979,1.5924115456150578
0.6624163787787978,0.5889205996540663,0.7951180580623824,1.0183635432334435,0.4300280261333624,0.7870279437280898,0.7588206897269477,0.9159967126688406,0.6123416392429375,1.1682204649313377,1.2096393227453626,1.5856044903800852,0.8438791858517198,0.2145606059247098,-0.6108326310198726,-0.6518796359409701,-0.25228012110649356,-0.895757215576196,-1.5594837362566893,-1.5925799147677642,-1.5085933385960224,-1.2306648368313455,-1.3195758564565383,-0.5835650694648293,-0.8760385033248845,-0.2385367482613486,-0.12306237408620926,0.18186260159960857,-0.11803095230791998,-0.5375353842659334,-0.3347061470867312,0.27112408575668673,1.2691215604526505,1.23723680498049,1.7977579731532416,1.5827429630683818,1.3080262460371714,1.83387991293943,1.447717684624969,1.2526121389369143,1.0791118820258674,1.5006814415427676,1.5685935049998239,0.676467797249684,0.896837303920656,0.15410376038113605,0.31221926993500915,1.1533959898673176,1.3258841054749142,1.364463473266324
-0.8591223398740859,-1.2035276827711578,-1.7780470279001546,-1.8068136204977814,-1.785164941681944,-1.5559266508241507,-1.2665090495910927,-0.995243106848693,-1.4372521159376894,-1.5999336485852267,-0.9155576484971669,-0.9938511994528839,-0.4576487141677273,-0.5436975354230443,-1.4141913995707043,-1.3624137937361247,-1.1717130507257842,-0.8224542817269077,-1.0549894235834723,-1.2000389857763887,-1.1604812552398804,-1.108539472189412,-1.1882269066488012,-1.583960711674828,-1.654182223183712,-1.6197611453467116,-0.8914465286579052,-1.0484400518829236,-1.2075666246540624,-0.9750649631258379,-1.4499091833534692,-0.9281780645784282,-1.3096178652134258,-1.372352101969073,-1.0316425783160874,-0.4194098642803648,-0.0008659734299295734,0.12870865802155518,0.01892769523228949,-0.09517904479917633,-0.17321518519563345,-0.09502648892220869,-0.15273219969304974,-0.3478112481601963,-0.7692229038717556,-0.7817164144361347,-0.45790912838975406,-0.19773277559068186,-0.5591847477140022,-1.2262626779389487
-1.8085747852203322,-2.2557288071963524,-2.3564531238236164,-2.2671036929705433,-2.3603248758067314,-1.3630162891262798,-0.7709809194244192,0.11126772510859553,-0.41962294659474253,-0.8971637292442585,-0.9712884626714793,-0.6529900543379812,0.5913747913779621,0.8478797681634191,1.0151666339503973,-0.1676160782141018,-0.43233543007625586,0.31934646502010683,0.9890061255775251,0.4987864159915197,0.8734813456112177,1.1526965797333715,1.0575216345228684,0.5666325818428861,0.26460150744267735,0.3682821458414166,0.6274934139897062,-0.053162727676644886,-0.17482243025533228,-0.7192063789374854,-0.9009564718255563,-0.4397953214776083,-1.3402925019393859,-1.1756460254145054,-1.82666429665993,-1.5713453685359073,-1.6035676089336555,-1.7693712685329364,-1.5194704926787612,-0.976029458051038,-1.0085759127379184,-1.2350138276510625,-0.9024056018229075,-1.0008336435888907,-1.223609483792528,-1.5454942654894055,-1.9121862869186494,-2.4913802595838495,-2.315001946077967,-2.124094406954794
-0.2901062613528014,-1.5674619193548713,-2.0765425697073026,-1.6597424511891672,-1.139603423947105,-0.4399668641103487,-0.38413010202005365,-0.4554790968603023,-0.3546591514830423,-0.3668583123239284,-0.4585533592924518,-0.05902098320295511,0.8566927137540403,0.42314787336785936,-0.1486040603616672,-0.0609975374215609,0.5754585481439449,1.132519842286063,0.8131144968504287,1.0348583269145188,1.2079406579032526,0.8913914683727159,0.6030920921168405,0.8955442321402665,0.20660023690844267,-0.14324069553699004,-0.012560180599637675,-0.5739400640434724,-0.45447461085963897,-0.8662460866482344,0.12246372623258163,0.080817390419671,-0.14374370626134436,0.22246716341637682,0.35576870754369866,0.9153723932451329,0.6207281392202687,0.316571125758621,0.16705424768565266,0.4750650203132106,0.0013179868385959296,0.04165790861527935,-0.8501721500882906,-1.2955456202521378,-1.5655717997008343,-0.9481525589276274,-0.8558172887675934,0.46700784007807067,0.48821907518741453,-0.3580310283711635
-0.3778045119323267,-0.016411850734112415,0.17491291868953043,-0.022075304431791343,0.23524375186243476,0.3115554316821927,0.04784045276111847,-0.7526151191183339,-0.9862031086276816,-1.0410622243503873,-1.4605475622380655,-0.6816874870004511,-0.6321023443900416,-1.2055965345775863,-1.6736633580251128,-2.304470492696327,-1.7476752551719972,-1.376816370616195,-1.2505405877264917,-1.4034321944513262,-1.0493146003238052,-0.8816181465880206,-0.8151758119801163,-0.9448490723248111,-1.9087877966632254,-1.415014003028184,-1.3187758558523022,-1.7637930930639176,-1.9476137221817138,-1.8906427163659318,-1.1736953450014256,-1.0508279070865867,-0.9278053760883929,-0.5664075901672471,-0.10544612024032879,-0.11702843747752585,0.36777862255382593,0.697146893069539,1.2177770937716235,0.9313037466841421,0.8884397028016516,0.7154867809682913,1.1258562650592279,0.7235010732349172,0.18229167471080426,0.5335955654524537,0.832483378764071,1.1708685148819908,0.6627368597057631,0.8241479078696562
-1.4120043581636634,-1.642360790888316,-1.7107900572931538,-2.0071616213322145,-1.8081815575321236,-2.4232736710368514,-2.348943842149049,-2.175327182500337,-1.8784604701427865,-1.7675917905282077,-1.0624889588583726,-1.52380271885395,-1.1106147518036258,-0.46111021508783545,0.06459125832552123,-0.5719896034227643,0.5173824041834748,-0.06190951350758513,-0.2603230018968824,-0.4409923395938236,-0.1550841774506248,0.609374557021311,0.2555414257821635,0.880014837375956,0.8051133575746972,0.7395345474566308,0.9352943778855399,0.9691803730078926,0.5983162660344522,0.20702506775029753,0.8877998883431462,1.6352375223408102,1.0363324810196304,0.8730671031536706,1.5172831269851146,1.3394819226471022,1.5101644671909737,1.498901330646291,0.815798290130742,0.31443476134071036,-0.17003228255819453,-0.8495529546781904,-0.5769098037401476,-0.12638079827576673,-0.14961061688421473,0.2143993879550354,0.6067464442028313,0.8573856824091526,1.3336717143182408,1.0920388275025075
-0.8439048424732914,-0.5093861150382085,-0.036183448657511705,-0.34779821781367554,-0.6775015882096138,-0.5300385858886945,-0.4099204211144102,-0.16937758942778786,-0.07132480500922164,0.03145379759591757,1.0289158213422611,0.5311275179703658,0.8201113727290418,1.4005193822439097,1.0199343699214751,1.097618699547161,0.6969236744262909,0.3232976070712627,1.0351268572046843,0.6223147732299322,1.1002267987808594,1.9885115251142844,1.2266764315175926,1.107606184777542,1.4635085816467401,1.9414763234778256,1.6406471301912777,1.139537693144118,1.464829394424681,2.3115781245647318,2.4467019640133056,2.1307233573039217,1.7015138390599147,1.8578968909310638,1.5556660872145904,1.3170846513022467,1.2884779070778454,1.30314238419292,1.3641228166522952,1.1012724107831122,0.46875920280055217,0.2577104545226906,-0.6003409784910426,-0.8006589993353396,-1.2004078331428585,-1.2068340429274969,-0.8491756756626171,-0.06544173176345759,0.09776734629724523,-0.06117186518749059
0.5823385950431166,-0.060384789780707195,0.26394363927953185,0.5350149299488343,0.8116502117737386,0.6604539431622354,0.3621712532423935,0.7995107917491033,0.6375317687784728,0.4480851467912241,0.2411070971976804,-0.12290447366266914,-0.09936326365741642,0.010377338790946307,0.6268834400411148,0.12001638492791795,0.41923244138655313,0.43106761809883015,0.272389073103161,0.914367473804096,0.9284934422254776,0.843149654879099,0.8041172810150677,1.5309309017928572,1.0453717040413402,1.0546224375799003,0.599384949980102,0.6639865007817338,1.3811501275421416,1.4380240739361907,1.9746028931836612,1.723805181339557,1.1143131704241886,0.6836563517028991,0.2120927704817941,-0.045272673929846824,0.3420739057461724,0.15077345069642956,0.1650465585557458,0.16926210651452378,0.19817565776140122,0.7877633480300809,0.8097207649469558,0.7195081326595502,0.22242903394820457,0.2742919562746003,0.5525316184461466,-0.06181664956893276,-0.15972994052359638,-0.4239168467251517
1.2366534867719023,0.7849253206872691,0.6538800587481536,0.5693854153927507,0.9146590956773968,1.0449624382799307,1.5334207888365037,1.8719290585124235,2.059310249639509,2.338827944704356,1.311576823848642,1.351875499660901,1.855678977022799,1.2631523430891198,1.186299816653478,0.36189607868253315,0.25476163814663283,0.2958910628799779,-0.21790817576623217,-0.7502117024833043,-1.0470453310185865,-0.9418080670879655,-1.1537527286035072,-0.9870982915108887,-0.5352704884125667,0.059563300492970386,-0.009506245923449182,0.3443412281047099,0.4679025736107407,0.9775705018177498,1.1093747633698905,1.2487008603917746,1.2053339947476396,1.3643021430455775,0.7745203300209503,0.6796606382350732,0.7893191529566275,1.3091060397859888,0.5427813990807357,0.8643210970448393,0.7943372665663466,1.0648378325162702,1.2755247640009826,1.0520091605940918,0.6880046440237688,0.1646447620663761,0.03365885936267543,-0.616427598227755,0.24773257228920945,0.6423050374006646
-1.1066938443109948,-1.1347426902016295,-0.4795086929915151,-1.2413706925337407,-1.0029974553010785,-0.18263082475084627,0.2847914122420337,-0.11887331631287633,-1.0831804757318924,-0.9664237519814131,-1.5501273864249774,-2.3585147695998203,-2.228185837741189,-1.832020844768802,-1.4958919032125453,-1.2305824768975313,-1.0239785866102475,-0.5336441897049437,-0.2589407277360252,0.042022992817449194,-0.14250566711940743,0.03306974505340925,0.3658500691781015,0.6206526347735215,0.12538811633777205,0.14978976461407528,-0.3433535291627131,-0.31749071085146724,-0.3559819052972479,-0.7985444678440724,-0.623650004021853,-0.23258958049676481,0.1336887399011044,0.5047782651034244,1.011792237299582,1.1979627930019392,1.1156150117441967,1.4988932848567633,1.2094569782547189,0.8094626840591934,0.5864949213274845,0.9776871572468456,1.3168240479618443,0.9097168984782319,1.2856991164546148,1.1242522508595472,1.118167823435342,1.4485531227886534,1.9060016898352639,2.278882921007158
0.4620669196895225,-0.34509207446983775,-0.22623551964649108,0.35806597170552085,-0.3669208921198356,-0.7568828310725255,-0.7557011966278747,-0.4602103349085644,-0.28112192758037075,-1.1154458334066097,-1.432022907159144,-1.9493378425202268,-1.177236433734635,-0.6661944112132084,-1.2139996469602892,-1.1895728690351342,-1.064238316756662,-1.1521324063465899,-1.4763054890684355,-1.955275514899506,-2.0532076428649244,-2.2964234757333033,-2.8451098221266617,-2.2214642921246,-2.4610861095118097,-2.2829613315371216,-2.3714260756632988,-1.9919047910285108,-1.7464550229564,-1.2872904475119666,-1.9815363274002717,-1.6749812325179105,-2.186366772094122,-1.9133884973949926,-1.5813749799918442,-1.9194001476783356,-2.19212202891535,-2.212180121775557,-1.7665394153765894,-1.6183111134210837,-0.7485618969368808,-1.4601812141035055,-0.7601970211899012,-0.6294161132738451,-0.7016460638055498,-0.27705245489482627,0.40429036979983557,0.4858151655146247,0.6282472657725054,0.4418325133043984
1.1544262823615294,0.48829493853156075,0.48073304362207964,0.6002288255135709,0.9947864031736201,1.3054883147645298,1.2429262800118608,1.200981202587892,1.274088476380435,1.2717717607506804,1.7943747879881171,1.5179796897727318,0.9155936799033568,1.2076082704914763,1.200377930853383,1.418739454235472,0.213593953509844,-0.23028738933880996,-0.47390650192703815,0.5713968739630624,0.9344079207832349,0.5862331391783442,0.8915924792616755,1.0265882293110593,1.1781207605953559,1.0651971918926566,1.2091607889973506,1.1580791935049033,1.3152217073926997,1.2195244853398697,1.638763459263431,1.0076187018934741,0.8218182537136395,1.4762116002796608,1.3630164930729474,1.605050815519581,1.0671998857920924,1.4689756548140727,1.1051574136648543,1.0337761475524307,0.692646778610247,1.2209059384294114,2.2341219527025737,1.69195245966513,1.5561583806818762,1.5027196663621907,1.0512633372770173,0.8662794564024465,0.6698613639897175,0.821437302416301
-0.9604420596502581,-0.39873050912259167,-0.15585890634301733,-0.23793813419949206,-0.4157316293012776,-0.8336361002130274,-0.7791883364098329,-0.519510353224187,-0.07067629864980766,-0.689454216892075,-0.8087846056383031,-0.9640341550573409,-0.9427076026989326,-1.1618361621007358,-1.089912125367431,-0.3430042071488315,-0.3780407117358575,-0.23947932951155032,-1.1674642198348637,-1.407774440586765,-0.7381267293615589,-0.9121447513218373,-0.6144640752314868,-0.2787562221414008,-0.5549585531241602,-0.3453284569117458,-0.05945532625154749,-0.024358861103738732,-0.02399645859841372,0.8228574761552803,0.649517925953554,1.3085622512442199,1.094666684417819,1.4283426442747889,1.2970567003476239,1.4836136789169672,1.0826480004779258,0.8860746300557472,1.1269827444929759,1.4512675565677116,0.6304030326149589,0.22725573574064936,-0.18028049033209892,-0.5059055592316598,0.37409133078194784,0.546256193805895,0.23303244267030873,0.41019429868758905,0.17107347802666772,-1.2447111804416686
1.8581743049812884,0.8242471136874324,0.9901859128323041,0.6691083159144638,-0.09868047578504693,-0.10067186323652723,0.4889345488920455,0.17977642732883445,-0.2682209408953906,-0.25760842158881336,-0.3639041481600086,-0.8743217602931097,-1.4521401607979056,-1.7736377922502535,-1.7019351000423144,-1.692901220503367,-1.5271156063444764,-1.5168762894434986,-2.081197343394611,-1.793766008618022,-1.7131295936696602,-1.2173331437324764,-1.0269271076384363,-1.339976030019672,-0.8896342322183298,-0.7824144019135676,-0.9217385988469371,-1.0531375992736325,-0.9083592552547324,-0.37049631678348405,0.026730619723620713,-0.0049889617477357345,-0.04904324708585808,0.29784905901568853,0.5819312201948879,0.16150734308695716,-0.2938828808453087,-0.33945355263854665,-0.9814718801146849,-0.8015068162000998,-0.532501522477611,-0.21641177236954343,0.2328927154747971,0.5351860911653294,0.20070856181330987,0.18232892023477912,0.0926488659013136,0.3279867180666137,-0.018141937609518183,-0.3214822465435792
1.3274040745654725,1.1153425832927342,0.5054849797406368,0.5448140912917175,0.27551576071492334,-0.22002017990117484,0.575041592868688,1.1398039183958175,0.7670104750321844,0.18503806052206614,-0.1819724663213832,0.003222236632752606,0.42937173274511997,0.9040984046620133,1.362081433519365,2.0053208274778656,1.5821766380359665,1.509496802251787,1.4335777267484502,1.2494284343754272,1.346849347492134,1.3604383177509936,1.7119985886693525,1.863434710712418,1.719258013668185,1.8711117996437483,1.388874454458514,1.359998525002839,1.2795896299772604,1.4140828274619122,1.4979623225390137,1.8133140152565954,2.277514135637385,2.631758549724963,2.192984571199276,1.9739309645043055,1.6131234331799078,1.6404380399773657,1.3696940678548009,1.0172403992644314,0.6983015038873605,0.34394671400069154,0.7945950269380089,1.0505060278474923,1.3307948165366557,0.8298148976222978,0.38239489992040493,0.4761617340463643,-0.2613237658115244,-0.09873712981883585
2.106369382358059,2.7631546325763603,2.7086954638128673,2.9665145240921724,2.5683356242567035,2.206381782618567,1.6769679134641973,1.155043639630712,0.8668232550134815,1.0890338670405169,1.2681013512978032,0.7063664190609447,0.4893249210506156,0.7157137070254616,0.339995792957115,0.4468982135428834,0.1303668908844212,0.5619127875846933,0.10326032635872423,-0.08216987077045963,0.014739971472287968,-0.3912179776870987,-0.7250510353307474,-0.2401558052038118,-0.34498864586454364,-0.13174924405319013,0.3025200918650376,0.3216309908174169,0.2958887396547114,0.0016822949556401406,-0.18096876676199203,-0.4067899333774924,0.025063618383966126,-0.2419731002018,-0.5300395814396828,0.017387239545708172,0.17846952896769594,-0.17884915020810913,-0.01587302943646457,-0.43727389205961725,-0.09477388550905003,-0.5940645631962604,0.008175010622943735,0.07978627625383657,0.42779182567301166,0.5944477329557859,0.16541909453235482,-0.470788231054896,-0.41583308191418544,-0.9389350810784671
0.15531883150417472,0.40817950320547075,0.19198289935678522,0.6958668479674464,0.7371823842720425,0.5473418820398679,-0.0026304091516497602,0.21405224235407544,0.03764246544529568,0.20481129227506392,-0.002286969833381551,0.22137244821200025,0.5263578768178556,0.5262074049559975,0.4966040178573168,0.11615936389748213,-0.2843779554538052,-0.7854904923268279,-1.6019625464136567,-2.027559067625032,-2.109263792378284,-2.212203839357382,-1.4853041931166897,-0.7882832471555354,0.2680701660639689,-0.3318770828884812,0.2619820145621404,-0.2560620659877459,-0.21564069902720184,0.09327983629397191,-0.28181514384900475,0.5385265718406982,0.6506412715877846,0.6414978023713493,0.8280940971317553,1.2565621647387777,0.9473451033068371,0.5293489996756454,0.32839169547476216,0.08829436923927887,0.879243919849947,0.339925615043171,0.011457537885189878,-0.13595348424413511,0.6511937047426575,0.7029610652878809,0.4106998854078243,0.33965558565810877,-0.12939046145191593,-0.2798446619272136
-1.1652219319841883,-1.3342952752251933,-1.2777746904091813,-1.251876580625583,-1.0010905312552618,-1.6697837960289486,-1.7677604362708623,-1.7531678511637476,-1.7353708632827796,-1.4861206503000073,-1.4679437944942388,-1.26415006847678,-1.41497555968047,-0.9854992870114913,-1.1424116326262728,-0.3782647370670201,-0.16815686459805507,0.2545934054301922,0.03616619412351272,-0.4440797085617677,-0.36769395819861506,-0.7426443253099432,-0.09249681379889593,-0.6942620567111806,-0.828798635441586,-0.21272293678222912,-0.7942473068366295,-1.0419065383277344,-1.9644643747506245,-1.9434294358110267,-1.2845799523749408,-1.6562803284006122,-1.0992061939813593,-1.2236774090472378,-1.0253845609246393,-0.8765318880824019,-0.5218636629733179,-0.41926532137272304,-0.4578990755112001,-0.09001389804246743,0.00038518894683978557,0.5760302947392564,0.7820263530369808,0.5843818764839782,0.35188131415253154,0.2584897588393894,-0.36061621648567155,-0.07176318478153515,-0.12911085498776936,0.35008538213441637
-1.34764608098871,-0.7365331003358959,-0.8468414565309611,-0.6450202917374449,-0.12152564142646745,-0.18560621038492928,-0.5911352484484302,-0.6022165410828052,-0.660018536213382,-1.084169962272348,-1.2287796006253229,-1.0079218755223105,-0.2961085858102439,-0.4423769766236775,-0.37691661914596586,-0.7784517363137212,-1.1289672886307736,-1.0304220192865428,-1.154888910151805,-0.5299680856625085,-0.27867200438236256,0.5237604591065438,0.9221963882320985,1.2015697949050934,0.9243463313797946,1.441985852144427,2.284835676052952,1.723701017944698,1.2518534026638146,1.4858081110433132,1.5591556621518994,1.1353411697109688,0.8773307385082542,1.4438927257438303,0.8670094299771895,0.6348237595857905,0.7846348225657496,0.7425925572707603,1.0997710800617706,0.841989343813102,0.8852959445691367,0.5395873737393655,0.8515720373582278,0.6260839411416897,0.8699100991617322,1.6510506156828824,1.2307324348259845,1.3097753798888216,0.6470000114831455,-0.10407492025126501
-2.8729865153074083,-3.017429800765171,-3.257777375281891,-3.032818913703217,-2.8327773133189145,-2.4481568777606024,-2.4519400298374303,-2.9175440713753176,-2.9355585623435685,-2.454025050677887,-2.2908835011194855,-2.117438707895457,-1.9239965522261213,-1.6202075149020871,-1.5463475061749952,-1.0741483295112793,-0.5524623623368139,-0.5114550986275931,0.1484327243675841,0.188411302204007,-0.4870664860297058,-0.5825527353676356,-0.4643046144695022,-0.7239258986829595,-0.7867955385155367,-0.3988633923322559,-0.4532370450247637,-0.45515071333532625,-0.874849510404456,-0.9925254706494728,-0.20661387802209016,-0.2885634119603793,0.45628747846124096,-0.40966474465594493,-0.13862097853128638,-0.026691077267022453,-0.1291378702336158,-0.3325136140871265,-0.11752443242969765,-0.6226894998724757,-0.16254741842159673,-0.037425993844060375,-0.11068849346404479,1.1374307869185294,1.2568596511812862,1.0249143247761239,0.9237863706770253,0.466805593195162,-0.3965456611576754,-0.9086843471967786
0.6980476217587493,0.96153684449484,1.027347461233505,1.0463794197931429,0.7766715569155739,1.0796645865770582,0.8419179951969384,0.7749109044304566,1.0160118855500297,0.40257205463458556,1.0587488498099693,1.3701758299941513,2.40233466784702,2.3520476687500143,2.25388706237543,1.5828289549846313,1.5225802363149334,2.0832873580572704,3.082947151937544,2.3950585003171754,1.7244941965077187,1.9016702343882304,1.4722172211371252,1.5444239469768952,1.422542702208435,1.2055250202803296,0.905206986713879,0.5064339416996823,0.10240299721652368,0.5339222414801292,0.31728397978877676,-0.5108589954679535,0.3825210916230344,0.12562107659993588,-0.131723486551135,-0.18944485631877406,-0.3168095940696566,-0.09036217078693792,0.49562375875580805,-0.037624387251546335,0.615116193046548,0.684609829063127,0.9633774576276835,0.18360738852471614,-0.1611141342530049,-0.28894581845080614,-0.5977834027403379,-0.2277278275108873,-0.6021445264701774,0.7857066971049229
-2.552954962406522,-1.9301359917929686,-2.0292466458196494,-1.7135758284999039,-1.3885111163904547,-1.677115776116878,-1.4551413010892966,-1.29590291017587,-1.4655838582941532,-1.76887711645968,-1.9349168720321184,-2.3890206458045724,-2.789245022840515,-2.844005142268384,-2.5847320157394975,-2.0381999057454014,-1.9582531005188002,-1.994518387582022,-2.313044492130305,-1.8190286875351371,-1.781312478823876,-1.6599961027503967,-2.1082704586021768,-1.7357901707011234,-1.7855034257824955,-1.7224838217344884,-2.193473314253643,-2.2352239659423607,-1.901159891480183,-1.1846271300688218,-0.7665546405941578,-0.7646232140522103,-1.2818148360052104,-1.348445690899611,-1.1633801055817925,-0.9526872864084006,-0.7530278164931495,-0.5733693416218055,-0.6193795550727638,-1.147022739699833,-1.7122314180431082,-1.9487952548549934,-2.4635876515496697,-2.1081811233335506,-1.0757811213776793,-0.8508720860637585,-1.3127630309563265,-1.4893787132132592,-1.3169713938203071,-1.838934200625117
-1.0198143353785267,0.06695363917217248,-0.23342629698690748,0.0720538205148573,0.3215635958914582,1.0828779335275376,0.7082756893474842,0.9866951211050143,0.6823855677062944,1.065592915829154,1.036265363127922,1.0996674781865112,0.8631781845965893,0.4175455789486914,0.8650249428746203,0.7548826957259432,0.9364036994722786,1.1119487081908326,0.6117184563915453,0.16206600382121258,-0.05572667690212392,-0.2503244351377126,-0.5002977524318178,-0.17447792594967937,-0.57511540151386,-0.527665219194913,0.5708740482145127,-0.24570566543522923,0.41880760916750637,-0.21572171959100564,0.22248676996719663,-0.1563456542850179,-0.0595944338534345,-0.03409811348632228,-0.3727739006866447,-0.19386519873697047,0.05340156385385865,-0.282768609058837,-0.6586534137591493,-0.598677262454435,-0.5351926131649982,-0.35053616138274574,-0.8321434795909964,-0.3419252208361285,-0.0855506245831561,0.8328219673562206,0.6514864765984116,0.08919200830764822,0.008039399870946075,-0.3130719959684835
-0.2320076613738964,-0.0796558676906426,-0.40872224294881265,0.34116232147198705,0.29790529544265587,0.1787966007392227,0.3062122420875257,0.41087338319044453,0.7097720826493161,-0.3975503080443765,-0.7708581529101155,-1.0243150621792676,-1.7027966785106214,-1.3411130734335361,-1.3201326455741516,-1.567118062351566,-1.2087234274343548,-0.9653704768913831,-1.109616717114387,-1.246970151434207,-1.5576427484221573,-1.3580357670005723,-1.4896236250306856,-1.6149502136122882,-1.8959377629688152,-1.800557843690334,-2.2674026916967427,-2.801450334263306,-2.0764054477531038,-1.0736928252563172,-0.6511993446074799,-1.3395092071475052,-1.4087030832548681,-1.6571771650802485,-1.762436461972185,-1.3761276873558634,-1.457552343908934,-1.1766838663852324,-1.6536245194039787,-1.6910870913771812,-1.7680918966877939,-1.5693530940284184,-1.9468056812167371,-1.143137663904131,-1.0005270262558086,-0.37294826159558137,-0.8468925629723656,-1.5941035641605108,-1.6085820439759357,-1.524836480544392
-2.224747106227581,-1.052994981919874,-0.787790227959694,-0.05377610761940055,-0.16567605860977153,0.5954354384643532,0.5262096905784421,0.06269714709577022,-0.06619342706292147,-0.13164890802444768,-0.20286798043722426,-0.1690684611735463,0.6622675404419436,1.3536968021452649,0.8544721320264455,0.9660442852497917,0.8752191065442282,0.798563001399486,0.8351487534202695,0.9903350853601892,0.735530622203089,0.7088198478104036,0.95427672947394,0.8413594599883468,1.5759615168349634,0.7779379603648591,0.7983999831317815,0.8324282335432751,1.1510266970465177,0.9474230277879105,0.5596924975476067,1.299979727640755,1.3752163171536536,2.0198790204336063,1.946132976843577,1.4509890149125324,1.643358555974141,1.8648831706023559,2.246705925641459,2.2165827109728684,2.3144547666169584,2.288586347829874,1.4673211856709403,1.7563011213613882,1.3034017455832312,1.550815446954234,1.665398746071451,2.365733952586393,2.2274557358100857,2.4245833103798082
0.2816536972281334,-0.10108228547144746,0.06162278581327895,-0.13644214822819975,-0.10211290214244434,-0.5563366818634756,-0.5808326180139786,-1.0679459593655878,-0.44486102801228533,-0.5112031453677752,-0.8312494706494019,-0.18482892269824838,0.041933348324258414,0.3144513858799634,0.08122853140348299,-0.37522452753538404,-0.5473537374261941,-0.31185208727021646,-0.08568244301876816,0.28006457506188587,0.8387738634807886,0.15086815834554124,0.3355322603126893,0.41466917877327863,0.15768518400909795,-0.05006182953990273,0.2934605082308366,-0.14215674760572827,0.0985454508311478,-0.14898842439277005,0.6128879957356224,0.404459897933674,0.082572529243864,0.12868046019843823,-0.28385258982476214,-0.8801209403969049,-0.550276775515582,-0.29413353155109945,-0.263639218510976,-0.27661829938738447,-0.29141000911580783,-0.5587744268331769,-0.18925330091260317,-0.8816413778529546,-0.7244661626144232,-1.0278942827372828,-0.4385385548292283,-0.15288231001282993,0.08596312495783537,-0.299356887513381
-1.7042754293905586,-1.370470786675186,-1.549308817863323,-0.9112465796937506,-0.10906720283896595,-0.027077260432363564,-0.37681199052623415,-1.0167142938359681,-1.1507055191890256,-1.0817277425280913,-0.7984110227774285,-0.9533736101866906,-1.0888597240974507,-1.3886457526996658,-0.9933828835112652,-0.9121403826992287,-0.8469809586131223,-1.1682941461376766,-0.8219932836962599,-0.9837548436772329,-1.047565947675103,-0.43289708808177335,-0.4233746648203002,-0.22111199843578322,0.09345551827830711,1.0496974268238295,1.406623393960864,1.0448016944312537,0.6021091179485976,1.0451207581295423,1.2840946351589846,1.1929733970264789,1.1991137628568664,1.2840173411688298,1.823596904308754,1.500009260749831,0.5981179739896766,0.1515230466399224,0.22015541549302084,0.0011927744284197057,-0.03504180447222061,-0.15817656212227166,0.4949193040684669,1.0206447402422765,0.8722557861343393,0.4869644946397758,0.719389472198013,0.9016258647331289,0.4409259845801296,-0.25215735545665663
-0.6698095558829262,0.09299778374765376,0.1841590113563829,-0.023241824009059196,-0.009521201571483649,0.10684965601531302,0.3285209291249602,0.14140940324990722,0.27200355245912955,0.35621941069417945,-0.15405384479654716,0.08237370836549571,0.5295767045488726,1.1767050822880751,0.634544351712042,0.6312876945821229,0.22889339554535562,-0.005609939637234853,0.20384461117113034,0.9807185426148723,0.5878700408452701,0.883215494921036,0.9030357066641036,0.7753428189450606,0.6030002532172419,0.5012078280203124,0.7397413917427031,1.0094623872453663,1.155846276324702,1.2114052700847326,0.7439335956305417,1.7797229586862235,1.5068497201060393,1.136171264507536,1.4634602962102359,1.5564874599060647,1.7342097462590256,1.21582707375367,0.9001255125380544,1.2535161835382254,1.2799168443460274,0.5791242607855074,0.4899620646093601,0.33459871999721186,0.0397167608762618,-0.12943958996662125,0.3552216202680696,-0.23813776114369586,-0.18250792095798085,-0.03427078608957453
-1.7810102317800107,-1.2782950800117878,-1.002157535389214,-0.6305767313740421,0.07862431954274353,-0.4861972441018158,-0.47704912514018666,-0.6369751989592953,-1.1790205160505423,-1.1337109698549037,-1.3535548423450652,-1.1035115486010452,-0.8796571781237487,-1.1181930176537629,-0.643230185412803,-1.3977459232149456,-2.001863047490194,-0.9015060027246117,-1.4817804299666253,-0.8555674953555087,-1.4151555187742917,-0.9856997500070755,-0.8307280089365989,-1.5912239694937573,-2.0586828187154778,-1.1635425102283958,-1.3229757701674147,-1.2377725500081465,-1.891353780446226,-1.7634308472908153,-1.4575957872453125,-1.5300145447783629,-1.1039149956077556,-1.0926966881561764,-1.2808976538538057,-1.2706591179729463,-0.5770604458547081,-0.4055188704571242,-0.06470620882908171,-0.18428201684743917,-1.0050169758793013,-0.4432954271071503,-0.37575222533530295,-1.2294924881205478,-0.7427868352702544,-0.2488468866475823,-0.6705809237445383,-0.37522072775106363,-0.05725008871568773,0.032734254858412894
-1.018084957018341,-0.4256990086691123,-0.16690042542080108,-0.3084181407372458,-0.3601721691380696,0.0895294683038501,0.2404080727776139,0.8756422112539439,0.8477957074808595,0.1368577800298166,0.9589551291348501,0.3903833156501938,0.9357249656319286,0.30969892385905834,0.7154772781180272,0.42119702526913955,-0.094079836012312,0.09871656527372882,0.12485266195739006,0.05623047335007502,0.40469505236567793,1.4708110843240259,1.2180995041499234,0.9554442767610931,1.4966216766402554,1.4621015471381233,1.6493326576210037,1.5877033634112474,1.1684082611103312,1.0411677260977872,0.6350315197030458,0.7931765355431499,0.920747243111303,0.7203488860270704,0.9507754742836875,0.5309056371392814,0.7174423453040009,0.9870656417464716,0.5978098474911226,0.5957113549838479,0.6022809427526357,0.7781673187372639,0.6765514813766674,0.22809956281676538,0.141017969085343,0.3882432287053788,0.2827676964904958,0.2136728837512087,-0.6406012354785896,-0.4262896093267479
-1.2011312040875666,-1.2923079159519906,-1.4961470598939597,-2.270431623143675,-1.675801776173376,-2.2614607229471337,-1.858308895603834,-2.0836888626949244,-1.6042088624275337,-1.405724121603934,-1.0984734582545004,-0.9345956631120638,-1.0509986953322534,-0.7547459952981145,-0.9480780925594182,-0.9227900121171244,-0.5829211925442972,-0.7516721395788644,-1.531854677377708,-1.1339128123025402,-1.4109622786000495,-1.4662155564520554,-1.1538278127475037,-0.6029630916669,-1.0049166685110102,-0.5248091772361122,-0.4528854958168237,-0.47727750184560647,-0.256302908739303,0.08226309631525343,0.4072536005604236,-0.16754758219318738,-0.4385950108081094,-0.3232933719968379,0.013879011698680414,0.3910798293148909,0.09853928881813315,0.3676471801794735,0.7348503624879597,0.9842421974219827,0.9013334831556097,0.7160309499086724,0.454649274336797,0.028363651231822735,0.31666221831933217,0.3113980765140582,-0.018164702717332414,-0.007701785538154657,-0.01754038598381773,0.16856058838601248
-1.5087693955816057,-1.6582748139115209,-1.6084810886368115,-1.364954866558316,-1.1229147746737447,-0.9739033646387415,-0.9104876992438704,-0.832685009480149,-0.7649746907063386,-0.8405968879732671,-0.9975926837276087,-1.264715593603467,-1.0995917827048258,-1.462941265867786,-1.426921180989721,-1.6998014731689262,-1.4280306787184847,-1.3505478288909243,-1.0016523224259715,-1.5017757840813866,-1.6593464142240695,-0.5100163590356158,-0.338862146402922,-0.6472947637371818,-0.233727942297309,0.1504363950986511,0.38530076097377225,0.09242869356744354,-0.0013097987746623254,-0.21647972723401857,-0.1800476071614229,-0.2225208519739227,-0.06327915498686695,0.027322938062737355,-0.08606718371725076,0.25879992411455804,0.4279047963204215,0.4202804133991792,0.4559121048426984,1.4790427674054811,1.5296213057332115,0.975587636224398,0.6228785935367529,0.1611337750524526,0.5030081098636995,0.6529700962174961,-0.5987918564656437,-0.04505323592686094,0.1806908473294364,0.8494861705887832
0.49879447735384363,0.5938797390184457,0.21716465427523693,0.4785897212968953,0.2840035551713734,0.07936497564785877,0.16608468835604634,0.20375830344066256,0.4101656143518702,-0.3604289848679699,-0.6807717012355429,-0.2541428531653723,0.06602023323275746,0.2763736157388683,0.35032530247497945,1.0136776683788797,1.1516122716844348,1.3482890869510546,2.2366353948121533,1.7781547971387797,0.9809068240406155,0.7076316424366138,0.39598146982908533,-0.1713633756755921,-0.3684395868378688,-0.4336036281393992,-0.37055945930062983,-0.17134799260340727,-0.8825834063552978,-0.9156916626557821,-0.6473462168542068,-0.4465667732648551,-0.36223946926695066,-0.8795749413059515,-0.8789402369836937,-1.0973390785188168,-0.7035512865878111,-0.43613497337241885,-0.8407515082767606,-0.41101334104143283,-0.6725986441865103,-0.03819575746968492,-0.18616030510199982,0.15381784117506467,-0.974065226680061,-0.6963125812901858,-0.3116710633633723,0.1043167058964872,0.03739227093331443,-0.7826763158200039
1.524676642039296,1.291680995105186,1.162781272162258,1.583215710869883,2.3797651479548017,2.1335444094715097,2.0099892282879117,1.5631186338898977,1.5024369120047152,1.7643059124616158,1.6678745257103595,1.7123955846010388,1.4047839395121369,1.6695553374356915,1.3989167397822577,0.6708050591056292,-0.1094957697126562,0.4471167310567835,0.13216069504931682,-0.05324991900590214,-0.8870814354585669,-0.03443307294964209,0.1769634798005077,0.22947615625534717,0.42897369633478777,0.5979420381214319,1.3269948427156837,0.9794524107888035,1.6527457581350384,1.581880926195733,2.0466158248003103,1.463843050036343,0.9384559196230963,1.5394946657521884,2.0447305666458218,2.4051199722653926,2.1348185894683374,2.244404186692024,1.669153373152048,1.4881000411491088,1.5676920395758078,1.5723102179215496,1.4196492750948217,0.7078464520432395,0.9510076948225743,1.2230928622459254,0.2908791243730369,0.5351091317886831,0.48330873819304193,0.31523724999507846
-0.21948023819910625,0.15128964995450564,-0.05336648102982403,0.6642182852660968,1.322767601222871,0.7959825598369904,-0.06393613594555878,-0.3097262802387503,-0.6165370760355685,-0.4263584463100031,-0.7410832564015276,-0.927974557777814,-0.6525416469145885,-0.4113324265470157,0.18090642513583036,0.64485386847001,0.21799051041632345,-0.08585497748614553,0.18392649502984673,0.640355191550871,0.49187037423411684,0.8472279614376619,0.5957332300472354,0.8422655397050046,0.8260349650848235,0.5016589019966554,1.5639449905661507,1.1124064360561456,0.6638445702965139,0.6716092252648832,0.8008880209555758,0.9301244035901063,1.0561807896359754,1.3658654870930083,1.6766518805053459,2.7712362368867427,2.3967123196352103,2.169242587812245,2.4909438145355405,2.5044539166852253,2.2235408068611084,2.002712537816715,1.9074835254322844,2.332980401303096,2.3623612650991963,2.028413189054213,1.8943515651029166,1.6310629564577699,1.1109347727404524,1.221076221271994
-0.5337953763581846,-0.047304242415732584,-0.11123761191038652,-0.5218737280464477,-0.28455980069987635,-0.8905025406561019,-0.8957609370728091,-0.39086378950924383,-0.7919234828714604,-0.6226539944549253,-0.5223438497819713,0.40052350472818926,0.07674088633332567,-0.1167926089372027,0.4731844609340112,-0.06167116855861339,0.40096499753333775,0.9515200986499261,0.18967771463125918,-0.17938078666715246,-0.1504397201459338,-0.08458964589831441,0.05263645498392096,-0.04579477858943957,-0.01089231539222855,-0.15366453347131176,-0.2732433600705137,-0.11401004901175965,0.18780346161987876,0.3491171651625915,-0.34467438505316206,-1.0977381612396833,-1.2172479149457331,-1.2876749484892651,-0.7167353429789224,-0.6281227165471256,-0.609706409233457,-0.5237828052805351,-0.9182140147934126,-1.1916299223468605,-1.4056316089643457,-0.39932598624334115,-0.45141682366405356,-0.3821266111112616,-0.029453581940486,0.6231592957393925,0.005830362525684054,-0.2465960933344844,-0.8615453516484598,-0.25132202587850505
0.6298032605197051,0.5580004778587433,0.7937687080115968,0.5635587492440549,0.14336831599840585,-0.6751913964283437,-0.18110459942412108,0.4907195286348393,0.43261819331338713,0.5359505750022803,-0.10292406760221322,0.2287184430423134,0.987890087743852,0.49066711072604374,-0.08931159211636411,-0.23277512292961028,0.21429169799902245,0.18525895953853638,-0.20599926427371326,0.2209574430964722,0.007577883454896805,-0.28178508342749214,-0.14901805424479664,-0.1522128538706769,0.007213404856993333,-0.4615079235119877,-0.5942778276989759,-1.1815893571854572,-1.4448239824660352,-1.2445794857302745,-0.44759147221284873,-0.3641375463735834,-0.2184527644707435,-0.6812708454591658,-0.916169285625172,-1.2275507921679194,-1.021520576178878,-0.9011668765864753,-0.8639869062425638,-1.2816781270425144,-0.9286470387744636,-1.29468323162206,-0.59458705203018,-0.5812285696059946,-0.22734378068080868,-0.13539158634965576,-0.3011245851753189,0.39850260052413733,-0.09648772494788616,-0.5631129972256403
1.3688166706567249,0.6206255805738506,0.1724528529822607,1.0308146576446038,1.1127562552396573,1.453599876763302,1.3779445936202253,1.4236885224420344,0.8170664092677744,0.8220041304633313,0.9540460623056695,1.2166803910295685,0.9445297618027738,0.8241999094926679,1.3236617112449667,0.7433265771916208,0.8511326234118982,0.5686272714879055,0.2957263555662307,0.23284387932178302,0.6538892119406632,0.789085029715331,0.7030485917586116,0.6642639417821595,1.0952198979292604,1.4303496185821645,1.6536442559377218,1.4409591505137511,2.005919445033574,2.0633642091184847,1.712259872337451,1.1087721349772786,1.0745058391588411,0.2778921135712616,0.7208464430269724,0.4828478791237854,0.9207546573036914,0.9742425491998618,1.2155012705815822,1.196353809413185,0.8783531897020453,1.0503050222992902,0.5756796233477175,1.100324927626405,1.5296394684426744,1.12069919156923,1.038062923863487,1.164940662087582,1.1212501907955992,0.8762146914515547
-0.5579362725397112,-0.20174488781766337,-0.3126927974532254,-0.9981356288714999,-0.2199613529146998,-0.4646890675212665,-0.1648847057663147,-0.7707596741127224,-0.5641361763726167,-0.8788200516990111,-0.8669800965749089,-0.857532893779158,-0.5912801875689471,-0.15775736956235958,-0.23346521241208737,0.19640123419762257,-0.07350869197736153,-0.0543076640658176,0.07487525993047764,-0.29055858041388427,-0.47900686439648754,-0.3584595844611811,-0.21803291004669298,-0.12908054769640914,0.4756850827624809,0.12567850775109504,0.2804997470048583,0.7675134346320982,0.9463344677392982,0.8456058395240422,0.5014597978014579,0.24855493723082508,-0.45459285833414953,-0.21837847253425288,0.03639171385435553,0.20175142336769872,0.0295367049021701,0.060756290169449945,0.10073633760712548,0.42376201937900315,0.3155224066202579,0.1464523369621983,-0.18991592801945673,-0.29009147109628114,0.2358155009311317,0.349922503559017,-0.010689169081347514,-0.12316637563766772,-0.34641016043040307,-0.47580971283056067
-0.9382230069525789,-1.061513431140359,-1.6157801421481774,-0.4709216615772874,-0.7269884406813898,-1.1231570426533297,-1.1401851241287655,-1.1633186678121274,-1.3480613263856096,-0.9331396593009788,-0.5626236802161007,-0.4920557228468983,-0.7138417969922682,-0.9018695590194205,-0.8829330731393267,-1.3136231694073233,-1.3733863937980315,-1.9005896831476692,-2.112992729816234,-1.7995795924475264,-0.9021858603865818,-0.38484042308663313,-0.4698433741798533,-0.689894226994084,-1.0161456640566144,-1.3105387228302725,-1.4364587541922285,-0.515300851937404,0.3656897734718423,-0.17625398773349626,-0.08420571582963916,0.403681379004014,-0.0015392703298635958,0.4959609230828597,0.37003763167498416,-0.397002576120966,-0.41104524497311035,-0.36328312347331104,-0.02462269858001842,-0.10999282260185936,0.12733717468973982,-0.5206877801746677,-0.26620644224988316,-0.27435289941183477,-0.32926562748074856,-0.3325510926443935,-0.7011916457110263,-1.024263213154693,-1.3389825807015114,-1.2110957905254576
0.4665803823021378,0.5895860152297295,0.23101831755338112,0.015014978768788826,-1.1157525863710334,-1.3066158423860141,-0.7698790871607343,-1.390881367527282,-0.9856214327725097,-0.874395151926702,-1.158071598868912,-0.7970651256939142,-0.7471822216762336,-1.1806938973847565,-1.0881704177723095,-1.1049653337749339,-0.6451159660591396,-1.049503371575025,-0.5982527592775859,-1.1274759285865765,-1.2534827450115085,-1.2876014932390634,-0.5476697164027836,-0.4775892643726326,-0.2429776741518196,-0.3511217000571485,-0.32332150214022753,0.3448091181780942,1.2354066261237842,0.9031904307608992,0.8791439799827865,0.397451269362093,-0.2217506182388649,-0.13740427182885814,-0.751585269400798,-0.7913560205572212,-0.8949893338846255,-0.7338261783908719,-0.7065335122112841,-1.3692463162420678,-0.9352839175837526,-0.2551972248264147,-0.2966665902143267,-0.0948697068206555,-0.7275303545167042,-1.038041615181537,-1.4448991422455728,-1.6187011393950599,-1.8657392547210865,-1.3647214378238306
1.2757758704562845,1.3395872140201877,1.7665970494274776,1.3238986218857538,1.2566837430770057,1.0937370547181464,1.1796011859422613,0.8996063340756326,0.5871659878523214,-0.15647831740810514,0.17358823649327496,0.6922732092070204,0.8536604741146884,0.5365918004151016,0.6406853626802494,0.5112502609598906,0.7153982862482269,0.9669103453191441,1.1838852845901284,0.3591960700819831,-0.27567886751143317,0.03920504952759746,-0.6819155895356408,-0.3633697167406272,-0.6226226174213498,-0.7932866594955855,-1.2852859389041744,-1.0405452482072586,-0.9392523058129921,-0.9337452620782052,-0.749173984389549,-0.4997837731201898,-1.01270625921023,-1.1205082739494419,-0.8086939350423709,0.21247982109332886,0.5406394555003313,0.9121932656410114,0.5165433402303753,0.35096103056528477,0.2721959224047084,0.09933699930829737,0.7213504557619528,-0.3223649226470034,-0.7763117542419339,-0.7943317714680502,-1.027728785309106,-0.7505799973199159,-0.3601831501122397,-0.4124632587630594
0.48711670126405554,0.12133610414554376,0.7974383716930646,1.0021565835739046,0.7017476507235246,0.6635420191541594,0.5510653293318732,0.31536424612124403,0.36451178914281457,1.1743601711470175,1.0634251083652273,1.2168462914650695,1.2135143116031464,1.2908297760862095,1.0524440609255095,1.5430234214932108,1.6853445211612208,1.576768566559784,1.5047035627080458,1.2931338970125899,0.6408685728572271,0.6368082968444154,0.5689916470580499,0.851003232416655,0.9803986333993793,0.2520351746403376,0.24708504219901842,0.6393820484874828,0.3094744018452103,1.1552539991263997,0.9658450287521744,0.8266947077639341,0.26777017331948283,0.8499683635146801,0.7499402297915172,-0.14516039749310888,0.015964852724898494,0.2847179691109108,-0.09461940775355206,0.10201934810125164,-0.6953002796481712,-0.42879614313610426,-1.1025122346236125,-1.2313255187867322,-1.7161440142879267,-1.371566604640746,-1.4647377259048953,-1.1786857974969096,-0.8789552260614555,-0.7755749906599633
-1.1445706387776802,-0.6264763359733194,-0.018935779385791128,-0.40795504333395466,-0.1366794819589827,-0.7626196539285091,-0.004423305221550755,0.06365139756792149,-0.621996747981787,-0.06840886174055681,-0.6100915930841586,-0.3719605021333034,-1.0896411389861325,-1.809552780063732,-1.7086212465975932,-2.3032438721206043,-2.3410160398268394,-2.010261629431378,-1.8539230667707096,-2.0237528356709813,-1.5975392639026944,-1.383757888286336,-1.409325316166173,-1.473214282253632,-1.8652020357159376,-1.6190027202142072,-1.3234493331358324,-0.6374351059615243,-0.4211797411198209,-0.08710300577584522,0.24393459128715836,-0.183032682592439,0.15061510344158385,0.7416555457525895,0.9588524066733252,0.8467778837050967,0.8451911559373266,0.3487379572739556,0.9410518228152266,1.1299642309116968,0.6609315891724806,0.9326028012167094,0.3775327062790021,0.6359754372276901,0.7409084252721093,0.4034624219733473,0.1497892285562921,-0.41610493099922485,-0.9076800232225979,-0.7480799432436254
-1.262489648433748,-1.3608456221217102,-0.8284419136640092,-1.2722023221866599,-1.7370135408843674,-1.576464821173832,-1.7590743578990327,-1.1342225975335032,-1.0048312727213444,-0.928149558983642,-0.8363724035593312,-0.5437775639296571,-0.2555537966294508,0.11559001567555835,0.5596605675059869,0.5862372734396719,0.20065863669084705,0.47021105356132525,0.38546579378639795,0.15895323374623785,-0.3157980244722079,-0.6478708163469189,-0.1573973469315574,0.15185560317840197,0.07936892007386871,-0.37368968612844816,0.10039964684828513,-0.2236576621604275,-0.20759575806887115,-0.5173358553207279,-0.8402408414189305,-1.3494790277629312,-2.1385737129159677,-1.9838960615694372,-1.520115464211569,-0.8981776849693436,-1.7168109685776984,-1.745137501568587,-1.8787481610418717,-1.948831070901987,-2.022610280786457,-1.6379928468573208,-0.8094728952299169,-0.11523701844427614,-0.14642067576472773,-0.3700307665396122,-0.08864989004151783,0.4947764756898754,0.9835140122938995,1.3169141126964021
1.0541915276951872,0.38786312817777063,0.8924174847972809,0.6009817572269919,0.8681752977409909,0.8375040707087062,0.6960027998803455,0.4320515276769355,-0.1273957510649841,-0.043113611289196455,0.23361796668056864,-0.014402537692112636,0.08387648124329558,-0.2098235642782229,-0.022651868904398055,0.19643382502769527,0.0986259228319614,0.06721953830522649,-0.33910918271329815,-0.7028962987131345,-0.5068796940471373,-0.7187230608278771,-0.8189869301961143,-0.6271098975610447,-0.6642265271376785,-0.10029799320557584,-0.6393396963775917,-0.6790744530221325,-0.6656335060267737,-0.5518484820182418,-0.6699277329487494,-0.49660308942562487,-0.8476236018033675,-0.54257689251418,-0.969534166829524,-0.40709633781140087,-0.49492081336158944,-0.3807356441782254,-0.8874561923214485,-1.161933547202005,-0.9123274560181105,-0.8427892774680364,-1.2055792711548063,-1.2877161445558698,-1.6807517887127728,-1.6203275277339217,-1.806521415308812,-1.609745158957167,-1.8919827731534506,-2.2241681276336625
-0.21022933127273527,0.15911885239228088,0.22408045321121658,-0.028975568580776212,0.5273227283734611,0.12116176098491442,0.18570964267437515,0.7231577820036617,0.487784031292223,0.2386767011728591,-0.262885504136227,-0.8376844954153051,-1.1738674012675083,-1.270463366796429,-1.5368994986995401,-0.8322046945461201,-1.2228274874631992,-0.23723976619310633,-0.4743873927916072,0.052805364543234916,-0.39949234990522126,-0.49797503742776533,-0.6204191695140192,-1.4317348625586221,-1.101803046374544,-0.911965798372008,-1.0140421766275263,-0.921436208752242,-0.969972105745743,-1.0981794476656914,-1.1677057833380753,-1.1005487867766917,-1.0934125899128606,-0.8738115098166414,-0.6456336435641914,-0.6432437331575832,-0.4514968928254898,-0.422045923021247,-0.9582384965824641,-0.5486767772329681,-0.26618785124182237,0.8344419793658752,0.3979233772612105,0.24852498543748328,-0.3460149687885141,-0.40008018679476537,-0.4865954598791718,-0.08265340470526669,-0.36251318459752363,0.17281440136829795
0.7264959587831993,0.7218642725729564,0.4191945026968648,-0.3062065857545554,-0.18378321344276882,-0.30678860077813935,-0.32945014849007087,-0.045562333454859785,-0.1489127665167929,-0.2813116258261597,-0.29518531044200585,-0.6526519509554728,-0.6668472431035624,-0.9169785272901521,-0.3889696630310218,-0.5839772469191576,-0.27018616655955496,-0.2566041860849693,-0.6713099262710578,0.35836915075285536,-0.2542247719815181,-0.0004570148070020352,0.40973506306804347,0.03204037921377076,0.07224721573073979,0.9870629140541272,1.137953172746796,0.8211227800128534,0.9253910472540328,1.8943752888301064,1.5754141277368552,0.8502135960713557,0.6415865186067964,0.9556484867430387,0.5366965412127196,0.4729792655171548,0.010102520855908953,0.16425645091683963,0.10509275393079602,0.2580811695550236,0.20686807639496985,-0.0365978448986788,-0.23948102102467478,0.11484719143632163,-0.34340323888410157,-0.46218864650928443,-1.1464032749007138,-1.3543698284204346,-0.9210139829437369,0.11808928784432425
-2.9385810416046825,-2.105223611662994,-1.8961428594700966,-1.771802982992872,-1.6448398314519634,-1.3213587325606213,-1.738677210920889,-2.2099287504224736,-2.0807042354605567,-1.9330590642973318,-1.338442536121983,-1.1478857105342621,-1.1285456389064328,-0.5999819868408028,-0.5949629786086313,-1.1725052671580993,-1.7113890039659654,-1.6193573227511773,-1.5549671902425186,-1.5388779641203223,-1.7782795492126982,-2.0275653025595832,-1.6299512015707645,-1.9411218268511046,-1.8282448542945333,-1.9161977819225724,-2.0523194611676896,-1.4334309890203394,-1.512269144208759,-1.2823555493157266,-0.8699077475944793,-0.1598438716695392,-0.6677847515523707,-1.2761799099497981,-0.6642499100976158,-0.8817428956510249,-0.9878401133239014,-0.9835401882514364,-1.230551150937612,-1.541619998266336,-0.7124146114850219,-1.0670919154270644,-0.9291192901172404,-1.396136297126541,-0.7792291356722436,-1.256507233722445,-1.5626108769949831,-1.009383274768903,-1.0084601419605699,-1.1416995269550565
1.1876181941043351,0.6816012344884746,-0.1744909393341102,-0.8303041714326527,-0.12677583852078037,0.4442923821441787,0.7728174200966037,0.42719946664249775,0.8319200590591077,1.188641308750645,1.1347584317540946,1.616159305072541,0.981658804986094,1.2222423151650295,0.9173127667243292,0.8480118046110531,0.482148454847948,0.7243194686744621,0.6285126857783131,0.19837600642770373,0.5052598695286425,1.2296463848072805,1.5887294956553202,1.137888490611966,0.7666369211550714,0.2985476993128762,0.24676843809678092,-0.29984164433762783,-1.001561367268671,-1.2199924129452273,-0.7116631639766049,-0.42216539061588454,-0.7662825132778476,-0.11670334204592595,0.17220142881262512,-0.6923180381658819,-0.36559351415702557,0.8234798439736576,1.2980489085759501,1.1532349504278316,1.4754916159967926,0.8381055608816897,0.866627426488423,1.0180457738453794,1.2350804582305452,1.616271713550483,1.21169722874895,1.5899703329796944,1.4498982957040045,1.2110061865233956
-0.8126896535580084,-0.7966467311913547,-0.8809742667983843,-0.4962887175570474,-0.008334564180515739,-0.013667663248329414,-0.08556609030187512,0.1556833501071564,0.2812183202014137,0.06792453480822434,-0.19578662233003913,-0.6873707317698422,-0.017609659621988235,-0.5246209824062651,-0.3614361023588633,-0.3863197058758298,-0.4295641764091914,-0.33097355985130106,-0.7137197685471767,-0.7625732494145785,-0.48315611569073386,-0.44483305485509955,-0.38081593650290524,0.5146233724174151,-0.09424077352533203,-0.357220667138982,0.016084821097045315,-0.3025100109192316,-0.11314774694030354,-0.7045591115741703,-0.4880322877434255,-0.9307728322691438,-0.7707557704497445,-0.557872612395493,0.47168525408369316,0.5544710542335138,0.10494808121934482,0.29870268145628553,0.06465453921936365,-0.7106850712850544,-0.7949023457814559,-0.8777380028290489,-1.2571296101298306,-0.732959479981506,-0.8254490266490232,-1.0151032992311202,-0.864653196471904,-0.8531754828926823,-0.11189770691779548,-0.04698393736615098
0.9590794380762049,1.0878399154084053,1.25165736163156,1.607961256792059,1.8323782584685653,1.8469542926239202,0.7304530423358627,0.7020481316978547,0.5887838947873449,0.6267314517755661,0.2812316940404136,0.18998528107738585,0.8260954569870005,1.0464677394111788,0.855939523250261,0.7729915255646999,0.9368965753826559,0.49997369854562745,0.5950613899211651,0.04624891622217409,0.9170978020692856,0.43092341992931044,0.6188866271774903,1.0792606817235764,0.5691280922812467,0.49072086171247153,0.1045453605182802,0.5755110652170133,1.3103240179162796,2.02248901164416,1.8895533683368255,1.9788884743244475,2.0920951642071413,2.2606743134882814,2.542328001146977,2.5809131202380886,2.0383587602097744,1.8146366633149387,1.6389813415564793,1.1955848980312913,0.8138507167011787,0.5976427386537999,0.6991090998238624,0.8612117725936618,0.9770204139423122,0.8940551058948917,1.2680802535278675,1.6838791195630443,1.6186021134477713,1.8538651834110138
-0.10915673880493797,0.9484487422061072,0.9620090279058174,1.6226191927615454,0.9316377989920119,1.3263766419504373,1.5103722516556737,0.9761036563607465,0.6426996220446571,0.872570167684418,0.8527897167542496,1.2767929191299523,0.8969958906488446,0.706625693961926,0.6242128368925407,0.953435876453572,0.6395142678878322,0.31930029252480946,0.4506932710354868,0.6476665869288536,0.7700992542474743,0.6930203307320669,0.3111925654596229,0.36012838574606365,0.1753375272368278,0.488386722784008,0.00019665263442494822,-0.10850841131158101,-0.1982392532014408,-0.054521002376694355,0.21329358195460557,0.5015403931713899,0.6237535566354088,0.13514927201833143,-0.03656509276060647,0.10562885083307254,0.26269104583632014,0.11628676418090257,0.3940965197614158,0.04201381266169785,0.1844057758898476,0.23162987735704083,0.0692319514630071,0.4307428584461805,0.40035088155285103,-0.24065581929435526,0.28072450986998787,0.8099516013718528,0.6227036012578511,0.5919339932495943
0.5237084883882703,1.3615835175446747,1.1926186116801367,1.2224432471500266,0.21767536492908277,-0.328453354263119,-0.31306930446429126,-0.2827961271044074,-0.3902805044484711,-0.24449136356295698,0.17396669124521094,-0.24573995224746442,-0.11843339119788328,-0.36228583638655276,0.25454231311867886,0.38837176697569914,1.224858958828584,0.4599781301505433,0.4462059045585346,0.3609989560954078,-0.04473339800396141,-0.16727753703144063,-0.967194485350377,-0.7030813328602752,-0.9424609814165618,-0.8708729728767882,-0.24534867450309986,-0.6544850655902388,-0.33931430253016415,-0.04736045448927052,-0.05596447618615078,-0.46101703348485024,-0.34784880043457495,-0.48090896893845836,-1.0943948822836704,-1.1518267043942862,-0.9219734857986677,-0.6261521962141521,-0.13716637244434213,-0.4835335278119697,-0.10050901130976872,-0.31342640346728584,0.5788434592135538,0.36054742419850283,-0.2428984090234598,-0.02090623355697711,-0.020495637516841407,-0.09411048698206333,0.02123256154501531,-0.006394287248721177
0.9100740935426346,1.1254624687978203,1.510877579678796,0.902896012705933,0.8971626947500957,1.0583766220365862,1.2756739841011522,1.6246139964081827,1.2523217560836322,1.8238778847279875,2.1137913252700513,1.815019158733976,1.4844894815337708,0.7178491821665637,0.5471337715257547,0.9644653007467764,1.6315321992823777,1.2040994959109093,0.3707646469280408,0.026536010898944917,-0.06257213514590819,0.5734588541937263,0.9390195073461015,0.6093709157194928,0.47243765703671425,0.59403949068185,0.014387899582834247,-0.05140562666746116,0.16694420070994717,-0.026701869542258148,-0.03871351970986568,-0.23537779644607448,-0.11149828063379554,-0.13231754955554695,0.5893086109929357,0.9497210713338338,1.0511001083067917,0.3034183923071408,0.23902397608584108,-0.05203696463525588,0.3418964097285435,-0.5267199426373947,-0.8668301867782171,-0.8909550948356729,-0.45652755947147217,-0.40064723401543334,-0.10108377375908616,0.8482007092163024,0.3834069414936631,0.6377595184715678
0.06212753291244251,-0.39923391820829834,-0.2848708391316295,-0.28075268927502334,-0.7749084211795723,-1.2113813688324475,-1.0971192398373166,-1.152691161511073,-0.7979587246588631,-1.1447430925297408,-1.248982093452852,-1.220220754064396,-0.8419697699369758,-0.33374844906884626,-0.7046525315426223,-0.6152950492932411,-0.8713757584386472,-0.1905462778669369,-0.10838991823541345,-0.2983502974267431,-0.7409339517076227,-0.4478749533489571,-0.14706100784215126,-0.2795159167064315,-0.20190514547653837,-0.03473079627872186,-0.7069661700187119,-1.4387804516999383,-1.5812029211354395,-0.8416581394165566,-0.96677989289252,-1.6016673918389188,-0.964342837056633,-0.522063398779595,-0.6902218450775288,-1.0984792412996478,-1.3434097956910995,-1.051177826673797,-0.6029919961393467,-0.24135854100538975,0.3469577738980622,-0.0983601606202225,-0.2873367598965641,-0.0008264408879697182,-0.5347047149472569,0.5645453616803028,1.113578869257999,0.9558593939807278,1.201396370723028,1.0679470401566642
-0.20970770573333963,-0.3654143314224357,-0.4983856902968772,0.32250088731699234,1.1296560715861297,1.4648719198701885,1.3381364713187895,1.4596697837353878,1.543026909637059,1.5880924002153602,1.1424203633926722,1.2990320848376462,0.8640750053797338,0.5075187196528578,1.2600639498558817,1.0241144100216244,0.9218728361707735,0.7282144987444477,0.7982318417359171,0.12048022211139683,-0.2632311896561759,-0.48317534946659635,-0.4089205023919979,-0.9396936206483446,-0.9425980167915081,-1.0524522626012678,-0.40024948404123406,-1.2856027382761215,-1.3444022212694642,-1.9509008572505258,-1.2377079555390489,-0.49358199338180997,-0.9071508007293617,-0.3959168045615335,-0.7803540602707159,-1.1341530675220972,-1.7906778890346613,-0.7497203615585577,-0.5269761186193417,-1.0988931990306414,-1.1405334866132095,-1.1305240938987555,-1.223691674975707,-1.4435273998936988,-0.937070967077015,-1.0239090786867142,-0.7593225417448117,-0.6516944473706503,-0.5234604045330735,-0.4203640811419592
-0.009472049205571619,0.12308772057132668,0.05618110927268853,0.34733761315852146,0.6540614178715618,0.5213128332333786,0.6503065772514225,0.5604597590564441,0.07412145704273182,-0.25224176080456145,0.29409262231551486,-0.17017764911890695,-0.013659679741364027,0.2947078753824398,0.3814466237633401,-0.0721185805022548,-0.01378875554092095,0.18893002976767195,0.33259077065336073,0.611449603934576,-0.044505412294268555,-0.017644442299459252,-0.29728942454214335,-0.48404617338005085,-0.7780132179156867,-0.9588321069642913,-1.3578092649273499,-2.1042404235994203,-2.2068278310024456,-2.326544064352673,-2.328176299450529,-2.200691393759274,-2.1659085552310953,-1.679469132392692,-1.6668093801300405,-1.7122430827009867,-1.7291587502259695,-0.6556942352889676,-1.0547929673371759,-0.8590934980194714,-1.331597695172826,-1.3511947126180612,-1.2158851741344687,-0.42406025139503006,0.17237298892252267,-0.32632371968734425,-0.8049419354442509,-1.426017588312071,-0.600252419898965,-0.4170298731415874
1.19795194645393,1.439522658550482,1.2916167099920346,0.5066876449420756,0.7075268270665825,1.1523070322488576,1.196863349377124,1.0691404159853246,1.2824032653949833,1.0286355251945734,0.9029781889052139,1.238913405222268,1.3757217437119582,1.8331636496837194,2.1485077973339375,2.576252805987466,1.9553554433064027,2.099443704716205,1.5315935003733698,1.0830108548952297,0.8325565117710048,0.3072938551466783,0.47555243360741656,1.0015864628208078,1.8757856399618464,0.9070229821433907,0.6893026619658226,0.6103698936395522,0.15986116330719913,-0.8072608337439755,-1.1015265788338036,-1.5110365218820727,-1.2498350155219904,-0.6518698955868201,-0.9820983461036957,-0.9805800782831522,-0.4284705432167997,-0.4444462770306695,-0.8058599793472307,-1.0287655598814276,-0.9335867909052956,-1.6643800990306146,-1.8329164551906554,-1.8275395085834374,-1.6043726827296143,-1.6031837741346038,-1.3456542175569208,-1.2458194835053724,-1.0215914992592685,-0.3926363013380812
-1.8610517176758072,-1.7671350675469741,-1.6817591083900665,-1.963430973748654,-2.067235084683593,-1.1944259295031288,-0.5412493595568244,-0.7388643029438299,-0.7499105294127847,-1.3571851445532568,-1.3071062712684944,-0.7964445116624941,-0.932883098306521,-0.659567171279995,-1.0007933979270784,-0.3653021693129505,-0.39340295222046934,-0.23615610788680177,-0.10210671725854822,-0.5093178244210573,-0.5136830547968542,-0.15336322605087144,-0.1578202824025178,-0.3637784223558808,0.2759362808379229,0.2031443268717347,0.4555894010196674,-0.228646727688394,-0.42532848569562065,-0.050215681550703946,-0.05351751396696586,-0.4593885224133637,-0.6917651929513384,-0.7301833780102769,-0.2078559704513722,-0.030326192518905965,0.07228331944856961,0.6435885959568325,0.8322851854936243,0.8861088416288109,0.47630960896506924,0.6943043067969094,0.40965627469015364,-0.03987596874386893,0.08540849243252381,0.5362262838535972,0.3818160664535498,-0.2651820735956556,-0.5239493912903437,-0.34335326097638164
-1.3423462248336389,-0.9098176354705388,-0.898083575675751,-0.7717744754573007,-0.19488469884921922,-0.08210700336642926,-0.7167805466244823,-0.6059309944130762,-1.5169898742367895,-1.4446444607961113,-0.9222127059345512,-0.506868559785661,-0.9265003766413116,-1.2811871557844088,-1.8334158063036368,-1.5465608141202976,-1.7144160246745574,-2.0507979847143396,-1.7535961256221655,-1.7639473969470671,-1.9339018829688572,-2.112262932614714,-1.3361238738658736,-1.3310267771317346,-1.442558685913304,-1.5992000498926575,-1.6295587313889808,-1.8831743311653801,-1.7052452920944634,-1.1199140613435998,-0.9949903917670556,-0.11567434954210842,0.43081412958019427,0.1797200509570071,0.6776017772283554,0.025450697692878665,0.4409031475974742,0.5715273950356895,0.8974587838725827,1.2134250144081515,0.45130537227554446,0.7612017222843501,-0.04485808403389029,-0.43427168442525793,-0.77288672323797,-1.0063227280510232,-0.43530493766161116,-0.10797782054015621,-0.11089750769192075,-0.6749436125472507
-0.3380029626045904,-0.250952374238734,-0.5740135986853565,-0.5586675844138981,-0.6692476687980593,-0.8720165820381192,-0.6947746611053074,-0.9137183366206695,-0.6033704680413179,-0.9395114201721063,-1.0159243687344515,-1.557906301068549,-1.6205548309657327,-1.3442634935082842,-1.1988804058407423,-1.5384115587700966,-1.5392900223479866,-1.2281028710545223,-1.9667769396220693,-2.049530997194244,-1.868983885373702,-1.3448226580657263,-1.329408879170062,-1.3458666221308901,-0.9220660755354726,-1.4356300509044484,-0.7958809113998203,-0.24110263066799092,-0.6155340637215462,-0.9129548339714519,-0.2782305020193936,-0.5044379304400395,-0.08285308508610266,0.34241317274550015,0.5334945701643449,0.5818559420739916,0.4039264326740985,-0.35836854608976637,0.0698501639754379,-0.1931836812699011,0.2179970386089851,0.09333317504428053,0.408894766711204,1.0113696318614556,0.6088682823278392,0.42224933595451175,-0.07996813341545173,0.4112559212065771,-0.5471457199524891,-0.446983574038656
-0.5938703138605613,-0.38120341756254034,-0.7386503227653535,-0.5130397482647138,-0.8470172828377286,-0.9839282568829828,-1.1109759693589818,-0.2868017319406507,-0.6235217511790735,-0.7764370740249251,-0.9550218902085864,-1.7328960816816321,-1.7055786388415115,-1.2939387336325747,-1.0674322140149364,-1.4164273233291305,-1.5129215508967375,-1.3804534744388526,-1.6207180441961908,-0.9115265761277699,-0.6815161825540762,-1.123895212236102,-1.5676989812921847,-1.8068564207683484,-1.386027982924824,-1.007131613838918,-0.9409124565088179,-0.8627681884233017,-1.2881845108109817,-1.4668243593453034,-1.8291153302865437,-1.085650238738699,-1.242879361680346,-1.2770177729718153,-0.7617420979214293,-0.7114824273605539,-0.4071568977334697,0.417367829040812,-0.02776169802511804,0.17541373761746856,0.4713260998139992,0.47936530409305395,-0.3625348321284447,-0.6254351266502378,-1.3127967602759192,-1.1367035682890227,-1.0462760476637236,-0.9667953096359673,-0.4293003010895028,-0.3468401800977994
-0.6807111580142898,-0.655436022031234,-0.40521508554691693,-0.6864154631478213,-0.7883717458599979,-0.6445506718796254,-1.2383664326349366,-0.9770052762929331,-1.3538629956532267,-1.0865179548634796,-2.012261207096569,-1.6060685458176553,-1.4101165513441343,-1.1418238413120114,-0.9832015361210572,-0.508443309264628,0.08488089609864875,-0.281913896071305,-0.04861544218977632,0.023214469015736833,-0.20603362250738272,-0.47435760757679857,-0.9356947543947125,-0.802259760703341,-1.1454778052742787,-1.3750173583138854,-1.2372148925823458,-1.595484124752078,-1.7483026146552594,-1.8501959955930523,-2.079341533428013,-1.9778223537030855,-1.0803126868095791,-0.8907463929698234,-0.46343381900899944,-0.4135374865503098,-0.6216338114314485,-0.7111087098582768,-0.5411846684054353,-0.7081054878473105,-0.6022640264211231,-0.17190474706879727,-0.11541979202177809,-0.20070579303799566,-0.2492478882574535,0.09445651637544736,0.5381898199932482,0.0886127550115421,0.022388489990839967,0.2638113882063974
-0.5927862709031799,-0.6721731558909952,-0.9196225573793283,-1.260731724579683,-1.0569200604496187,-1.3290484618524514,-1.0853537409520515,-0.7592859396384998,-0.45315268386782276,-0.34528031543262644,-0.2721508945059383,-0.15432869932949492,-0.25747174596091105,-0.1553723503283148,-0.6063311259724974,-0.11340069864989093,0.014720635342797847,-0.12823040308082237,0.03710523394795096,-0.6405020691983667,-0.4503398759131672,-0.5985701547599128,-0.5436818464365767,-0.6959726852099857,-0.5258763503161314,-0.4684861843583657,-0.08554678938303073,-0.01579759412281925,0.06845562346523384,0.575510517221852,0.182908841522375,-0.21016778193251967,-0.2520369942708753,-0.2163949307815206,0.048032719020410355,0.47534141608372943,0.5112969749384377,0.7095961316695197,1.1554058815023076,1.433105655999932,0.9718687883034379,1.039539518190498,1.2659163031069078,1.5700177800269386,1.6224456551774482,1.4615011118206818,1.2599103995901577,1.2604750691078035,1.9193043455584997,1.270448950309888
0.362942979199952,0.2138859711459966,0.27921897187726336,-0.11335198627196941,-0.609433254015892,-0.7095391579693777,-1.048820205123093,-0.7070958128230056,-0.6938975215790689,-0.06398755217925108,-0.9044931532366983,-0.8587026329245886,-1.103494298072016,-1.097366874299529,-0.879908397208515,-0.8484850807728186,-0.271246910147779,-0.015648578422322777,0.28940246060057795,1.384510217517776,0.24509036568457157,-0.23217583222470273,-0.5083112044461134,-0.7962740548908932,-1.566872846988988,-1.8019371562330508,-1.4770373767457783,-0.7520294688574404,-0.13182231517742382,-0.5314450839948534,-1.0708284897300988,-1.1548638090998822,-1.5586769440187462,-1.0785504802627375,-1.2474705956345284,-1.6865626236208051,-2.0152157156297825,-2.2071513192000927,-1.537496337577961,-1.232929697740147,-1.6363708105840378,-1.6348254532271413,-1.3865291293967668,-0.8988251724743905,-0.1655691794122419,-0.1981477602847101,-0.29876153133523964,-0.7302753340813878,-0.7972669395534874,-0.7281379484234078
0.9450272750121056,0.5547988000055046,0.38452572748733616,0.33179378065834875,0.42857857215403167,0.13998006112610165,-0.46698285848095955,-0.7025464220775453,-0.17476371387596798,-0.26791689429186255,-0.2476760692587143,-0.2660619984036265,-0.000772678719414667,0.01921109325466468,-0.31856859426646394,-0.09047864006717712,-0.5044648703012794,-0.3056207230064714,-0.5425495178788845,-0.31874322213385353,-0.24059312576529765,-0.4325200758359195,-0.3805525158289703,0.19838272286099587,0.1633916363531723,0.6818451882422923,0.6205103883099022,1.3104819820308509,1.140725829990965,2.056494820512144,2.0633260390754384,1.9223412326158225,2.417184157303568,2.0888857133609458,2.1391607416124927,1.8024741715217052,1.0569725756905675,1.4251903384742712,1.8303386745392092,1.3233786981515205,0.8207514311923302,0.5694593548053958,0.09481712034334121,-0.08268857374495693,-0.21695265654595686,-0.03645353920268644,-0.29896200940087103,-0.4618127426580565,-0.831647289317047,-0.24629237360481246
-0.15553833244884185,0.2224557162063442,0.5310804126032985,1.0092637791483452,1.4296002752296542,1.0398919709985257,1.2935522242333124,0.9722303492132476,1.4142420607865034,0.8225818705354817,0.5950148376907529,0.04489044974122225,-0.30197761520359306,-0.24430351304921788,-0.9120454379088391,-0.9596452816529801,-0.6004598900814028,-0.3537643723865602,-0.5090551497224435,-0.8334308278655611,-0.629740041155477,-1.422270044440925,-0.9103096764585505,-0.821403091003084,-0.8482211912686359,-1.5968521999367429,-1.3862755398180384,-0.6314436905530713,-1.0202369958453974,-1.3710236255305945,-0.6550932351912545,-1.0215490989751754,-0.8419590470362713,-1.186762165182579,-1.6281541709069383,-1.5129009123543187,-1.5204988893020759,-1.1027825051709872,-0.14684529485290904,0.24793665092436157,0.15838733749160894,-0.02747218713214762,0.5574612713825027,0.30687010080009736,0.6285429479145559,0.07096567686030644,0.22393366829050168,0.028091234204449797,-0.39451477917387745,-0.6136557299418692
-2.0876174356264894,-1.9573712028232788,-0.8928631070528036,-1.1174986142008254,-0.9993623385046296,-1.3000363675848499,-0.9542158631151159,-0.6550462918397744,-0.5800688788016729,-0.2571948363998441,-0.8808383889185581,-0.7164392639966857,-0.6884926225929533,-0.7866425369979256,-1.114319126789955,-0.8984455472510973,-0.9877681546924237,-0.3503364946637543,-0.5615302790991704,-0.2725634410201343,-0.0034892824609328525,0.07630362632967415,-0.04158394382703009,-0.24893166323186655,0.43776852540414074,0.4175573379946069,0.256956520173882,1.025899097322019,0.2612766272062034,0.04664340783936747,-0.21276434638594857,0.24386611957248605,0.5361805879418466,0.005424422980935174,0.4935425346699201,0.29805877411009674,-0.022508835130061078,0.3351153004316813,0.43981841110126285,1.0633653785289827,2.1475480197170156,2.302798662037648,1.6843738799137005,1.01818172913103,1.7411416405863271,1.1211802717981214,0.8543355120782258,0.6346374654070592,0.5058379038704698,0.646377296341554
-0.10375574287457551,0.30280831392985424,0.294731489759049,0.09443325384746314,0.04365834164983087,-0.13356400212111644,-0.2808934834690128,0.11351623455798822,-0.2962724686897067,-0.28148735300952316,-0.1841176489092481,-0.24336314716416638,-0.21174583760210697,-0.9753247363258801,-0.8455450175315662,-0.3693961288918213,-0.2347045459920925,0.4891356668042748,0.41607336802914924,-0.03198776238428311,-0.30176619201771315,-0.3731003736772125,-0.10177099963033216,-0.05996117050217127,-0.3708255001326252,-0.3753645617649288,-0.2698515346767512,-0.7284779657271706,-0.19047904416978292,-0.16847141665582374,0.1446228919298525,-0.8715969434299106,-1.212460365269053,-1.8814061225569134,-1.1813064550007826,-0.27954995522400145,-0.13706013001229816,0.24502269548288236,0.7483525443801438,0.8997225807812168,0.41753715146284504,-0.04061027200704574,0.060260782406892345,0.585153889200552,1.1649208581462291,1.431758458455004,1.1874966895971792,0.5080499405327396,0.1156556792324346,0.030173214601631818
0.2196731527656372,-0.16533577853269793,-0.4833622687229419,-0.19440994434433578,0.5418853587700124,0.8920776948159214,1.4680897042512295,1.148141292082767,0.6329003563285722,0.014801082398717181,0.49881243320583757,-0.18362390722925045,-0.19462494765628494,0.2749927854572636,0.5114173483436146,0.5667777270219478,0.9552392597057331,0.7595763963389042,0.21738193398979,0.8864617069746406,0.9568512727493317,1.307171390204301,0.976268179710218,0.9826492870854145,0.8481591350179438,1.731691605583758,1.1689362341379308,1.441348287659917,1.0806861467592628,0.9655322952959002,0.7753132430827443,0.4857318672453957,0.5936438075218643,0.6868995502376352,0.8268587795807585,0.7217631067460402,0.13365125492250146,0.8675228686524562,0.8389190100039133,0.690565278562767,0.5003226387099613,0.8914090412937012,0.8357554027228049,0.7225755802479538,0.6752890420288079,0.9149981598396085,0.9438837520446357,1.4281084904788677,1.853469131288734,1.4359745467988119
0.15417382079229333,-0.48437283412316906,-0.0689989024560782,-0.8374954037507125,-0.07165432334417637,0.10302119903135945,-0.5369824032912979,-0.09516175295231663,-0.0015664114506956978,-0.5631395070349415,-0.44959379091388635,-0.5937564981642223,-0.429992138653727,-0.34161009463047765,-0.2832356545121733,-0.5041737196197958,-0.8514687668078351,-0.08505693255460364,0.6540257711459005,1.4337266718627655,0.5940771515102252,0.9656101065568898,0.5755517971637693,0.315445696408812,0.48391472160323895,0.7060820223473105,0.3415955502694817,0.6332723391119348,0.14685221282574068,-0.13936672819970916,0.3060533854294524,0.2564589255294449,0.7544299571376623,1.0838498001681731,1.1783164342061512,0.8051721721185452,0.8828699853464081,1.5903719718772211,1.5584524428985438,1.7746035885522968,1.9040969236462275,2.5935223178054256,2.3241795844243396,2.7800648195777815,2.730284528811891,2.2737458772693513,2.315155144998828,2.7350163754475387,1.6348625196499265,2.0589663143546515
-1.2879904763521108,-0.5930175413720196,-0.6390809743554839,-0.738289586476109,-0.35981204713641995,-0.7228507285959331,-0.2122486697599408,-0.24016773535308902,-0.6017896524630053,-0.7304151168626567,-0.3952230117968613,-0.12052604872012451,-0.25593308069296083,-0.24716436374244466,-0.14957301556594166,0.2915034628044876,0.4690440753762916,0.3717486192536799,0.1268648982272772,0.2254011496666229,0.5251926803531669,0.035640885078441153,0.026497053780193066,-0.10968285705942656,0.06266871410695629,-0.26279444955041015,-0.23488525315912162,-0.6935227716460293,-0.9668819787055246,-1.2201066187945304,-0.9964956406860637,-0.815931512123908,-0.9947235989395244,-0.5293399948676143,-0.863033250468829,-0.8933500737990222,-0.9945773171098589,-1.0864058491610693,-0.9798525659400986,-0.7069529400556779,-0.9359464004432727,-0.5526748904825122,-1.0120516793321992,-1.1322514551650824,-0.2591977819462915,0.43455876209620037,0.5723736627318345,0.6916296992566154,1.0106922144940396,0.7425584117222496
0.49182481329001526,0.12821441028285044,-0.8020779609057204,-0.9743378734619373,-0.8351683572816548,-0.8938779628984083,-0.6076757679865877,-0.9382849144125809,-0.2898976859625794,-0.5568145332363873,-0.29179938101278163,-1.3886779288210562,-0.725880952378256,-0.1726534837612066,-0.14270243243436948,0.06253352670332746,-0.32840237698562585,-0.6314197872650509,-0.8056920044940211,-0.5972060294177662,0.015868444597453214,-0.4644708277460214,-0.05559644294174191,-0.032916001376777644,-0.3580435353981996,-0.16083180156602808,-0.33005371732452976,0.14769500694708854,0.29337474041450073,0.5892862777109629,1.2041441889058715,1.2959008318451906,0.9019671297082482,0.5471481677512621,0.580105592848756,0.43530934821704487,0.5841286554365093,0.6165280331600943,0.5814479461947607,0.7512020468580055,0.4589348977873031,0.5535354368409132,0.4677144906198843,0.39130130667233115,0.2111820923059521,0.38813563789548855,0.2485707994983824,0.6502484947493158,1.0108893207944631,1.2581555678543237
1.55435749401292,0.9594840990142117,0.9511703563968147,1.10401048874377,0.7868305084860495,0.8423260434200482,0.7406909580133033,-0.1442086795790336,-0.374645243217842,0.3904451619367991,0.37620238643189313,0.25438774708946255,0.30973473245191374,0.20056779603513353,0.32363826863319345,0.12460720529064773,0.18317747623681657,-0.008605875449008666,-0.07018909720269241,0.5990045735426036,1.3841054045066354,1.444310406544231,1.269756915308746,1.2435883217213008,0.4033899508970804,0.20332819924207718,0.15858208705361398,0.5205762672759753,0.505253221875625,0.6825543719359047,1.1430076803609472,1.0410905741397751,0.8169486016697161,0.7778322277739035,0.7612928890620853,1.267742540265549,1.3822341568903083,1.3051831726239935,1.359835816228708,1.267138921408407,1.0681171257687831,1.7074295782866984,1.1944534712989503,1.1025764043658288,1.5537942675246308,0.9817209611316031,1.2660875465963883,1.184597294170898,0.92224204279413,1.0554997448374053
0.2785567331637364,0.41657121511523715,0.488501766543342,0.8471999815742521,1.0054844325708987,1.273713442742898,1.2599947406000531,0.7179597778744445,0.15071434699295908,0.11734780403989126,0.08684973520074535,-0.19358823494924737,-0.02381898066882908,-0.13246646864623002,-0.7131833160343918,-0.488606808246008,-0.646157473652453,-0.7079645073458913,-1.1298082095061779,-1.1854755797640166,-1.2372172673362567,-1.6563266568958224,-1.6510266366406205,-2.1190364341312318,-1.958704697754322,-1.9493938766117986,-1.7712242742708988,-2.0629531758755326,-2.1603950440581263,-1.8909767244140585,-1.8802573877473994,-1.6907808529261512,-2.3043867073022364,-2.4086418241487757,-1.580968492037992,-1.0244502450220017,-0.9282325945242241,-1.4948734287550698,-1.4132020176776958,-1.3884969069831536,-1.1551150323841852,-1.0021598049409155,-1.7134560169115898,-1.5401584366612036,-1.1447572413907532,-0.5905046150598325,-0.973463275866855,-0.6801841422573146,-0.7176999761928151,-1.0549987414205813
-0.4687400015791543,-0.7803843121207339,-0.29291022148752044,-0.5699192444544655,-0.14151009334025844,-0.3949959087273736,-0.6944920663539662,-0.42973845726730114,-0.5089297298869091,-0.7189255978150156,-1.1070261121952985,-0.9612674835177515,-0.7391455436661781,-0.3053762174620124,-0.5274199845645576,-0.35050130058981044,-0.36132728336027625,-0.6411093121827952,-0.08089555767199023,0.20450483751228146,0.708505790132576,0.4194234419390831,0.11269375075763832,0.5328372427244592,0.7029548506977148,0.6073435823977343,0.882875301897923,0.9713059247102254,0.90466555488935,0.045750240780557234,-0.4149919452258831,0.06015211645711152,0.2876321809786739,-0.16368453375794512,-0.38783101722626,-0.3372742980943176,-0.7114059896428403,-0.960461349609171,-0.6375594308093675,-0.5364861929340631,-1.0309447399794265,-1.204833015120977,-1.9371176990185015,-1.6390385479570453,-1.8260812441451142,-1.39757678550544,-0.8522779484243793,-0.5355709755432635,-0.719777026513362,-0.48050386889130053
1.288337145216375,1.257497552193923,1.1521921710095615,1.3265462565699515,0.8803183824133117,0.4750453141633189,0.0641371340894159,-0.1948957377610396,-0.36727278504340694,0.517969472712581,0.49340862254485973,0.8386648136334651,0.8259402284035924,0.5165191517677136,0.45190835992304107,0.5769001051606898,0.7217697113581886,0.6739052910006813,0.16844175342250126,0.5953703419977302,1.6638447903925158,1.2648134073917583,1.0746910288321327,0.5516984740820491,0.7952101480218442,0.8526089917787218,0.8661156642497357,0.32159528215262256,0.4375262378624957,0.2462960794927698,0.24475280798919247,0.7537009495887944,0.37164329632839965,-0.27745608342922135,-0.2529472674410584,-0.04812499067294648,-1.0448662225329413,-1.0248913690109331,-1.0473358083579056,-1.0837048261567352,-0.9644784051644562,-1.1069525290080904,-0.922225345213371,-1.4029154845584375,-1.1637115824590276,-0.8799416981643339,-1.381385313615494,-1.650980293948533,-1.3263139215743136,-0.7721813789441972
-1.2314645051439572,-1.14345703612819,-0.5434520771360947,-0.3103053966324699,-0.2003685381313841,-0.4425463772147909,-0.7158983097191055,-0.7675227321734255,-0.8732413857764886,-1.2329119824915966,-0.3958219841019567,-0.20663685344445945,0.1692621044345167,0.7513494328308136,1.1261045986395994,1.0052039049102215,1.0384665970266898,1.341462912154481,1.3318239596588708,1.2755489248606056,1.1088318369316348,0.7828706358770777,0.8118062493581693,0.6176548445379623,0.6044516837528829,0.5881363839800103,0.46604115945639796,0.6730039544661467,1.2288825248442543,1.5552346337984098,1.6442991465435313,1.0426444854980041,0.8844484874938285,1.0471774255657786,1.3991427069734999,1.1195847415989841,1.1693110831265134,1.3650311322731072,1.0324685606246684,1.1086924364556963,1.0022020913999976,0.7624952245804297,1.3386345311597534,1.102964587791074,0.8006472660771363,1.2057872645557155,0.5151783063296043,0.6436512208555438,0.8655901574433734,0.4047385457924783
-0.7005571596875163,-0.32089679577967617,-0.1867236303230312,0.12970913243042662,0.16574646695322662,0.04664806405938265,-0.9950934160789705,-0.6175057022153786,-0.5812396026971967,-0.6890008743851556,-0.6263385343696516,-0.5579401665873438,-0.033351288607087845,-0.08655874466598867,0.048239610126403674,-0.3589646540783841,-0.8960209758464212,-0.2821550563115318,-0.02064703459365487,0.1960734548073979,0.27639864281218446,-0.6014767230915795,-0.15169294123256394,0.4385971919382587,0.421026319142804,0.05785025261057763,0.2706897096177915,0.6559358141942954,-0.0634943431876523,0.15303873910732146,-0.2508112074444751,-0.025702338802644872,-0.4141037823770106,-0.8067239964898841,-0.4300816709950794,0.41129938861605825,0.9580124387144204,0.1758571975807595,0.11135933117044029,0.23185781224704868,-0.27612492996930743,0.061564531222705894,-0.10074876259552755,0.11110626731294301,-0.2726841083232262,-0.22824607650824974,0.022961722523482705,0.08993234854486087,0.5605654325484298,0.45623015229396735
0.23051466757038205,0.34860352108904613,0.584079839202381,0.7444640661733644,0.271939070817224,0.23349757914323777,0.14531442320791818,0.6055385178568796,0.7172121124148335,0.7372227482893328,1.0995132992828272,-0.03610035995659232,-0.25289539115645676,-0.28263350020479105,-0.38625245051116075,-0.04457457301654483,0.0984046829521285,-0.3001610341090324,-0.9326820951629905,-0.49772154456305245,-0.22856820032760689,-0.30871676340946086,-0.027042322494908896,-0.5460743505085176,-0.9811948990207476,-0.6459136688642709,0.17501953153414526,-0.17013741803253637,-0.8308233643692134,-1.3188093105820042,-1.7154946834882756,-1.5407884999226928,-1.3428235183579278,-1.5423246118660452,-1.6452246165843318,-1.4822822607408703,-1.5812965727067738,-1.8356927466242898,-1.7744182348012167,-1.7287550461672334,-1.2300101652591338,-1.4988521617136146,-1.713300154991249,-1.6924037342009532,-1.4426735238273591,-1.2286062169925662,-1.5198344239271542,-1.4392937979587013,-2.0262328233952074,-1.859474406803329
0.414526553613184,0.09784638040986735,0.24154275856128102,-0.22172695796826594,0.009894578359804172,0.0253321671702081,0.23573298038810292,0.1625753820203267,-0.2728739958577048,-0.42768212773884745,-0.736808756869435,-0.49079806862466085,-0.5053741713340058,-0.9240048169948392,-1.057569015744549,-1.2065252095515542,-1.2317973685681838,-0.19638184174762033,-0.1821910393660844,-0.5321051717017896,-0.3202973053909324,-0.9820453651812131,-0.5439928558829379,-0.8392638245317997,-0.6223793138608631,-0.7265072748150461,-0.5209626359253539,0.3428198929679185,0.8699545562711213,0.7988149796154318,0.6457959865988961,1.0769010799588514,0.22776423193494152,-0.13848340129098563,-0.0716817053021813,0.11309884911095049,0.5195805303868244,0.5130314612356385,0.44559309876590736,-0.02000166037178452,-0.40937036214851497,0.0001371728308255527,-0.31300512956711146,-0.41551051993046645,0.22384176068494063,0.8189957505917362,0.6765081632471268,0.3984620280360956,0.40996810533128647,1.3229951941923337
-1.7785573105616366,-1.9400934759862059,-1.4834351698018562,-0.7790488787728611,-0.9727228687050073,-0.33487008069026714,-0.281920827036661,-0.2990986604339964,0.2762852014346948,0.6677701403559858,0.8307759713107092,0.3286430784997758,0.4787501180083221,0.3474201739842765,0.1692451686333363,0.25417328994309607,0.1269226452513242,0.5808263997443651,-0.07857422797827347,-0.15445695519650587,-0.4475404622814655,0.46302459677096475,0.27019797183374344,0.41065497303288206,0.7241697224012096,1.0627737880328794,1.0822981263285032,0.8099318808577785,0.7481157147118989,0.7859285705504533,1.3827451765957237,1.0580921393579152,0.6659972863409123,0.8124971202564998,0.9768938797262434,0.9630941574314953,1.5426340152846285,0.9650165496522323,0.9564687721474545,1.631911089504799,1.6029006949562508,1.583672023700523,1.2021032750156504,1.8649455285806569,1.0766726563351467,1.3017732582883235,1.159356883893945,1.1242427458997941,0.6442300178158793,0.27544309727257343
0.31025760607163605,-0.11075599572613253,-0.46136297310257757,-0.6220962095634732,0.038316288175192864,0.4249035664011694,1.0428076354606002,0.9635148151643067,0.8321121727359051,0.7707681443212472,0.09051958068548757,0.7211280514016711,0.6105556944767951,0.8129854569877477,0.9668524631514722,1.2790376592116883,1.6616939137325677,2.2434361869255253,2.1491371257616056,1.7698556446058067,1.0703086639855708,1.6395978165574594,1.5348145989273485,1.2747111997561378,1.0980876982273418,1.2672591681516767,0.9731836755601739,0.9879054869257888,0.9220762350628547,1.180168128570004,0.4886839361503432,-0.0019146534093084032,0.6233831618311911,0.6423317073035328,0.16259253056599704,0.5700952167965088,-0.24449029738287714,-0.26234168815928294,0.3225934941242219,0.07854527870697828,-0.2772964397616035,-0.09141968810693765,0.10958183348444389,0.24217710362516334,0.17553098963354216,0.2310175985041471,0.19546787498102294,0.38910534798661156,0.30205237712502586,0.15846196426004025
-0.9361668310881764,-0.8350830123522823,-0.9938331898994407,-0.5978958426638592,-1.1943237420801118,-1.7611917557825736,-1.2011600839310292,-1.0455952419036307,-1.431673159637873,-1.3117904002851162,-1.2691911192625274,-0.8908362198431182,-1.0722531357853466,-0.9619695375660473,-1.1929703042665754,-1.2645773704543484,-0.9343720471419364,-0.7518205026986144,-1.0203619911957649,-1.2671814351420272,-0.999448907612904,-1.2861802865686223,-0.5588838991480206,-0.45782157133657886,-0.6935334052450656,-0.21661392926763492,0.23821394790119804,-0.591787496070609,-0.4728515116433674,-0.7603235703010609,-0.9789189848497359,-1.0125392901558046,-0.8492983567498636,-0.8369517471621567,-0.6468877415839736,-0.44180940456215123,-0.5098724404980833,-0.5701676178548922,0.2513565570606179,0.5072248349663468,0.37046426766215557,0.41702631037835497,0.7856156312674171,1.145266760080881,1.2157871176854762,1.2654107423027354,0.46803338492191743,0.7000827365079854,1.1128205071852284,1.0309976758300419
0.38381124407673495,0.8130664351147988,0.9983451223327279,0.7556533595507225,1.6612534825704512,1.4359268207270923,2.11578441463502,1.6561899582821313,1.406516753415375,0.9929728572310712,0.591963462487849,-0.1574887564262586,0.7890778394262694,0.6804593332391932,0.6802429486738334,0.8440586410683194,0.6829324400759306,0.8820501994628681,0.38223560245118937,0.28710989216273486,-0.15161219680021257,0.45618094234245865,-0.027242698850698844,0.02459646644163716,-0.16647253654924346,-0.5256722299134338,-0.5930571784483231,-0.08486845547202664,0.06704798914828636,0.014206965596490794,-0.3318465158094963,-0.1564059572983488,0.19821909542205363,-0.27154289505624724,-0.26144556980104444,0.12454436347112445,0.5507116799261533,0.6385830635276194,0.6508155574471656,0.45342679715512796,0.5653539702809921,1.2153398328740508,1.6275385148247117,1.5650481255162463,1.285581639799192,0.38826406024463195,0.10968773865359484,0.39089071304828665,1.0092413163041491,0.7480054558316931
0.6841502039165848,0.8750758572570503,0.9536771471683436,0.2678188270481337,0.09734724442619373,0.4577952063603045,0.49113338824236247,1.131282151488406,1.0701859216643823,0.6305376162690897,0.5678815296705986,0.7245676469239969,0.810302248316787,0.9644415559551376,1.097509756085269,1.503295273823567,1.0891139719512186,0.9482010075150247,0.5371184066431667,0.09474301758558744,0.3170148850860507,0.008228008504630461,-0.5664685538871487,-0.6770515526956848,-0.3383732398894525,-0.7993282235553933,-0.8682329441983347,-0.37862850504227025,-0.5170988659303973,-1.1112175580906585,-0.5267246470828061,-0.7434721060791685,-0.6821584564013669,-1.157841517963885,-1.3092995742001425,-1.1689226458738038,-0.8790679184757713,-0.7575999881440713,-0.7472796952403197,-0.45946081119090365,0.574610826150904,0.5916862800054115,1.221137899593617,1.5541759770522958,0.9349778987651147,1.318248733293159,0.9268974373916524,1.2137259295148706,1.0323649491600013,1.2311703296977359
-0.9673560312165171,-1.3405154616478017,-1.3159583552288765,-1.4499741423324408,-0.5682486528939372,-0.4518358567979532,-0.8389144791108806,-0.5188293494073909,-0.2255191571306788,-0.2552788427530913,-0.3056765958187048,-0.1302956226860291,-0.4270530870424986,-0.8811475046788888,0.1584542553074283,-0.20863461530454103,0.022711031846364745,0.11001083734310546,-0.42918652677101704,-0.7283576752245637,-1.3463024284195784,-1.841722444442372,-1.7025228337501055,-1.3790439650444206,-0.7739354292978964,-1.0768383459703048,-0.9033670666660848,-1.0118642507564908,-0.9259724480668919,-1.113293972168941,-0.5450208694329504,-0.08954999738236635,-0.6720630987906487,-0.027541188724325788,-0.11160628976333933,0.6058299300376508,0.49111348633181023,0.2850363528971613,0.5743954415844891,0.3670160673426882,0.05272148455664117,0.03471897466994671,0.04153949047041459,-0.035227479974319326,0.4029266977801881,0.8408486086113491,1.4847301630959802,1.2869196980615516,1.4685240295376383,1.4054920860682123
1.7178816604017622,1.6211360109990955,1.6358229596352476,1.0993672567408845,1.403224810945893,1.8507892250638327,2.174133537098613,2.0756415554638723,1.7317306338926894,1.8934477689052356,1.3314517535676627,1.2784103300248053,1.4377263142984835,1.6173359301759627,1.2269023049914662,0.6561726978419972,0.5200203587323265,0.8854461654845323,1.0897473612452904,0.6045220951033591,-0.523471908017612,-0.641932642251968,-0.9485755499735892,0.025137071528103568,0.33320416187441554,0.4590852669796559,0.5502454566286908,1.1520994801794875,0.8441457383268948,0.6711587177883148,0.8519105070958857,-0.16898031789896242,-0.274354050734828,-0.39755897181984956,-0.02516560420179907,0.049428318730422395,0.37488460963300285,0.41435275580080533,0.9272930884483832,1.0645303312222372,0.47383995005598245,0.5747590575324721,0.2193114117048373,0.898316568006063,0.8195562797264084,1.113339664016126,1.7969074139282255,1.75404169506081,1.3967844040788995,1.4739710962621506
0.6835808869278053,1.1946857669310158,1.3326455888287048,0.893943696686484,1.1628042070020623,1.2825294478226763,1.1980118628093797,1.3048452252657075,1.087334938296345,1.754293659638575,2.1703364612937652,1.9445047536294466,1.5207243189016457,1.7051410069048296,1.2915023690010374,1.4061352225623374,1.0377145647698582,0.14367606677950281,-0.028757776346116027,-0.23898112421165368,-0.35125659321791186,-0.3484316351986604,-0.5966355179340261,-0.3308714200555181,-0.27925504549621455,0.03647871417294644,0.2870991421663688,-0.010494023341740813,-0.0079400920314573,0.3776209649493641,0.5031349789816594,0.9546171185928989,1.4521146874486424,1.0593185958827034,1.022421495151311,0.5797453047949274,-0.059212191883180325,0.4791227922946,0.17909955869967575,-0.2267084169198043,-0.18571190075361454,-0.4294479355216785,-0.2868807499794163,0.1717189522796353,-0.5047861274827815,-0.08511198258742683,-0.3235866497918216,-0.26280724817639256,-1.0248639723604738,-1.4935396069922169
-0.4546620768632777,-0.055120556497634594,-0.10032489802564959,-0.7137909627165091,-0.572671684743185,-0.24904172516835835,-0.12408578924584211,-0.6960834908922783,-0.5894733983216293,-0.28654905898340366,-0.4599257215973744,-0.6751749933037201,-0.771800238567665,-0.2823485860999328,-0.17783253116061196,-0.33408813882835786,-0.43897929717318673,-0.4358824321073043,-0.914420542266119,-1.3198096334298486,-1.5690450789805708,-1.7052262007046508,-1.8644926435980609,-1.8857869787647221,-1.578344731074006,-1.3400029078070572,-0.9164455113932571,-0.5000728276501928,-0.4011832861179265,-0.026316018809882772,0.24269920375207282,0.4484572235546297,0.7406123492619631,0.5653734103482908,0.6143450716612393,0.6257157221591756,0.7052164793599547,1.0809598447203723,1.1333527795132972,1.311604041156753,0.8991595900968363,0.7905486303939018,0.8002161556760636,0.5348717691262865,0.9953190813935667,0.2780164411081214,0.5502999168798748,-0.529256866604039,-0.49630896693698395,-0.1982990533278192
0.15299709495769578,-0.43161192426066597,0.058198271315092025,0.037067522558111625,-0.004452068042407541,-0.18122895402585582,-0.5150195450768283,-1.0750412165680598,-0.9190392823713737,-0.8971012600453446,-0.36677741391881735,-0.4916595807794021,-0.09726402962960483,0.18035695273003863,0.5035759033160342,0.9138495814317165,1.495588798766246,1.9755631244707064,1.28586180967802,0.3362909174996607,0.6840117380895961,0.552746208647771,0.14387843784394322,0.7215109916127144,0.8078911273683115,0.7661706621828674,1.3945140339173687,1.7380825373536661,1.751778251045233,1.9031625591928902,2.3122231071209183,2.237781570370212,2.0844846343237604,2.0678043305292784,1.6540686822188535,1.2414728270162365,1.731389515363604,1.8313991073605165,1.467512520201171,1.8019901956254913,1.9952916578346638,1.5152301252615596,1.073002615696649,1.2021212486628727,1.6261237157491326,1.279116496976523,1.0187783687132472,0.19962334763249798,-0.07579803466369914,-0.3292868873295616
-0.20262788709183774,-0.6462702595605019,-0.4761721849136854,-0.300378962670002,-0.10696317518329095,-0.4597950839165657,-1.1637859226880625,-1.374147051076464,-1.339470918181034,-1.1692559690103927,-0.9491807041091571,-1.08440911148134,-0.6365388547380515,-0.1628927633495946,-0.02732135900146924,0.2676878278911656,0.37347027966589097,0.14822477962597772,-0.017982871953444658,-0.27587057352369193,-0.32360866642362873,-1.2009842441680423,-1.3145910538204928,-1.5393704268397004,-1.6854956340214282,-1.7080950714294956,-1.6862217508242168,-1.1603041508004168,-0.8767267900453688,-0.8254593316168026,-1.5016741834258676,-1.770335284343745,-1.2497214786947957,-1.5903048332307388,-2.0205406178835643,-2.122246621736301,-2.3104787295248577,-1.6958305422570907,-1.7727250235069494,-1.6389476712520774,-1.5099201666119717,-1.672045406045357,-2.010537064870464,-1.3367253398620424,-0.9627866218790028,-1.0013742577480973,-1.0141259493274075,-1.1358498092180827,-0.9340557193554537,-0.629090394622964
-0.5749039269181294,-0.7004747707735091,-0.8768680439943363,-1.2279759134007213,-1.360740256400177,-1.2879832969752223,-1.945080147981199,-1.7936118217013368,-2.148156501589451,-2.312234460894344,-2.3984582338394924,-2.4045254723771214,-2.5209383522693125,-2.694248825291303,-2.344187254428775,-1.7835473616489625,-1.1466312804126557,-1.5327467179678878,-1.4270448879400717,-1.3193546298360406,-0.2525648471159289,0.02195375116254678,0.4536248837284497,-0.3923514036088142,-0.1606307817841335,-0.8630666977044765,-0.44498324990626936,-0.6155456459687363,-0.5965628472003566,-0.6891975945687246,-0.3477100108886149,-0.817981546738426,-0.5637910255695758,-1.4400192796560967,-1.253948949828823,-1.1538085764225534,-1.1228514517282941,-1.1759251137405304,-0.802721748963867,-0.5815623656389736,-0.6273892280030913,-0.5206734094109614,-0.5043678310494257,-0.32360815977326074,-0.2591576650133754,0.06786117848673544,-0.21322228404614332,0.041884337239065546,0.046187672852249735,-0.11202390221254532
-0.6589093995497519,-0.4510317432057896,-0.3143393066302561,0.1816295344295546,0.039509383339608246,0.5160418949593865,0.6037226751280702,0.583104829505542,0.8291537590013456,1.246153603463201,0.47318338193816495,1.0365904520679952,0.9049468240414914,0.8578165218369082,0.8476942235448024,0.814565619805341,1.174098789828635,0.7640595208551748,0.6992952371258102,0.028411019054800726,0.31478466864497695,0.2708720735593446,0.6314395493964376,0.5872828114742112,0.34305870169697794,0.033072105556312265,-0.023528081637737217,-0.04981963100563049,0.14897057196553584,0.5374483764345659,0.20783264694611725,1.128550622824772,1.328470597568632,1.3295171680806959,1.2101237018395863,0.7876201986130564,1.105615827522135,1.0290267670271493,1.1771608035820171,0.9026308433733531,1.2285232381343851,1.1988555251802202,1.4312716500077594,1.2760718834221942,1.086639594047258,1.9851789968665934,1.3010511734047066,0.6248364728596941,0.6444133251394781,0.4931571924163756
-0.7472880542905708,-0.7416896450889395,-0.30206868067567044,0.12476981693338819,-0.29530572005093514,-0.5317645561510114,-0.05969931385223255,-0.32457054272603203,0.0033679871498473167,-0.17052172480168037,-0.1835829960352197,-0.4167255697782943,-1.0436773122833494,-0.7326183579729474,-0.49390386982680534,-0.4550019543535981,0.2318481171728985,0.18255662043829823,0.5455958366060012,1.5086311680272,1.648099986742092,1.2076308354383507,1.4611592869568146,1.042630658745253,0.9251727788365324,0.826678100107342,1.2186356915026382,1.1290027670100629,1.2747273067974645,1.210433742349201,1.62071128287103,1.323777281149205,1.1500996913569634,1.8833562619941155,2.206313611774331,1.726061439490977,1.6855281385967726,1.473993982284289,1.4469244571093942,0.6181145692309309,0.622648551900596,1.182723779224796,0.8688168160869517,-0.2336146710644158,0.1707690249634805,0.42158047587693664,0.46260101037376977,0.7534983576548163,1.2314671925520904,1.2349794088407813
1.4368805309415262,0.5497283977213628,0.715359123917207,0.23133134540725356,0.39811488183897387,0.38757342360850683,0.6515590527476761,0.46302011325798376,-0.10470994772963979,-0.4220434373192093,-0.02045075286426484,-0.5774322697418711,0.010074752740668592,0.03495695720469423,-0.0321764884119151,-0.06436769518694455,0.5334976866837864,0.6778070044528286,0.5259899389469352,0.5554293491296288,-0.15480260563641682,-0.5097925087733551,-0.46758007934093704,-0.1358431884901007,0.06968713871930708,-0.011687887295939895,-0.6037021774671312,-0.5232805062193499,-0.4116451400228939,-1.0917597646548043,-0.9780553466204062,-0.0067261948875531555,0.019909539299233087,0.2541662039404543,0.5283114639055437,0.6932075467375091,0.9968459301675369,0.5109199926305107,-0.15665594914611627,0.06611496414708275,-1.0131527261010358,-1.3569305089612218,-1.285128264514122,-1.4004198497215457,-1.295795073759016,-1.1289224588083822,-0.6574289776196655,-0.8873657206845239,-0.24434994999059242,-0.7048217857562012
-2.041432196203603,-1.6424980395705226,-0.9226646822678597,-1.1486458657994856,-0.549539655438354,-0.2307453408309088,0.6047704532616129,1.1669343152474083,0.6481841369618733,1.0401102530090165,0.9391227705808074,0.3800093366956534,0.29172141284731734,-0.21579274540488752,-0.8145721031130181,-0.5571529385424715,-0.003526505421979999,0.2744283364488112,0.10912700827676977,0.7535121793674345,1.1114743842647028,0.25778581565921477,0.47043783419997304,0.6592293535148166,1.4605918959223574,1.4957137668997216,1.5345321713637947,1.5667078827218637,1.1458380681407931,1.0728694069775075,0.9558066359363486,0.7079256660220156,0.9399596924640312,0.8326402269664749,0.5481441625109307,0.6502600869372007,0.2916656908630469,-0.5837840000318227,-0.9680400959615096,-1.3532895809769467,-1.5993797050864016,-1.382550613802112,-1.6643112887844873,-2.1484881008588794,-1.7327309898189647,-1.1055790519389697,-0.7160932734146261,-0.6163056928874073,-0.0012002600320555096,-0.4087845113209957
0.4458125867897929,1.002408797217822,1.0912726452993842,1.2526229739902164,0.5981958914927467,0.10806301580175375,0.34682555342323473,0.5949203575751051,0.09570874342052772,-0.01335017846985068,0.00449094930781136,-0.2217554822656463,0.3172995059879924,-0.4983333506139623,-0.7761396269629286,0.30388209562063995,-0.09372983893566995,0.031699446498032725,0.4749539114286972,0.3769301965153805,0.6288713197101425,0.2488561723369447,1.194562259925549,1.2205417574530388,1.5242892343440062,1.6457108255081239,1.7262980305732534,1.2898030922027006,1.495545642865913,1.5262417614289752,1.071061015025717,1.127479089670685,1.2781375101290053,0.8166938507477025,0.49027350097734235,0.272699913284628,0.14145211730217722,-0.10359329322277494,-0.41168930332579823,0.35265154248559566,0.4747964706694825,0.5123593869788878,0.604484899864572,0.01861476204015813,-0.48594608500683945,-0.6391584124280942,-0.647802375056064,-0.2475562103154904,-1.2181770958199523,-1.3302214893343725
-0.5783807673960117,-0.0944627654267937,-0.620371553030105,-0.7963048702031126,-0.8985416073113032,-0.528930871339215,-0.7835286585334456,-1.020822095781769,-1.2079069615877367,-1.8353139145827813,-1.6169732815374083,-1.3899215316499391,-1.1986001098428283,-0.8388615939412177,-1.186703338406194,-0.6885793028294639,-0.7392876957391041,-0.7892166092348273,-1.1891807112361135,-1.5192692581911278,-1.202404357443402,-1.0194675811843976,-1.119276348470637,-0.8581700443196782,-0.794526045362356,-0.8753101743911159,-0.7071944026666094,-0.11134753029990498,0.23180246044508152,0.550144195421693,0.7915062472346439,0.359783309910293,0.2170798568355164,0.3722981410365906,0.06081475728170713,-0.08043939339578277,-0.16296989952350835,0.12551174465109924,0.2024739910159786,0.5649234273009889,0.3903328252179286,0.2442360182106306,0.21142549971895036,0.3798164599300487,0.379243079641891,-0.0028303517653844672,-0.16579570241119662,0.16688214070300836,0.37650694716673183,0.4503168067016621
0.6979653888800362,1.2178263988064126,1.3729810209337605,0.5070955209887905,0.6816008482378856,0.31392545089711765,0.22404102712450297,1.1954599526869567,0.5455102267436815,0.7767912060950535,0.15118861304931458,-0.34008656485256233,-0.9424969482797785,-1.4751883543328719,-1.5852010302571127,-1.6720807628964807,-1.9506486816425737,-1.9217883069662516,-2.525522696036405,-2.196029648586406,-2.3381936388481024,-2.2234351583394627,-1.79327097311686,-1.7366049080010437,-1.7526711387640728,-1.741349321356583,-1.8209756928331997,-0.9784971555476799,-1.3076158227233419,-2.0935280905799587,-2.1630292965167746,-1.6298173174772865,-0.17791969523144902,0.3505061103051958,-0.23892002381343097,-0.08288143486083986,-0.18561353513099635,0.29541054009073475,-0.001011968733403873,0.633759497660722,0.5128455201830534,0.030292178658823696,-0.380435046333634,-0.7728252035297083,-1.4593120863827038,-1.4067263120038387,-0.810390361215686,-0.0699166296178774,-0.19372411430100392,0.2250812953708471
0.16105007786328968,0.42922248215350634,0.10277842987524684,-0.423748920256281,-1.0052660690056217,-1.0437658749794974,-1.0365760893958997,0.007589320518799197,-0.21497857957113764,-0.07091017504006307,0.3352761007433187,-0.23256112163380838,-1.1673541480243068,-1.2401234863503685,-1.3522896466745273,-1.157171874198504,-0.15070724728855656,0.12370235339341894,0.5957857832993938,0.6992855817458993,0.5928628249902309,0.4343950550606899,0.6695009037445502,1.0780902679226174,0.9256910402681476,1.0426497069224745,0.6358074141797473,0.4927027451167281,0.3502229528701782,0.15390129311284986,0.129738361025029,-0.006087310088262841,-0.38357509962586733,-0.5262691779649856,-1.3907079963091213,-1.8778971753435658,-1.5508494909840302,-1.6413288173641567,-1.2475533626004491,-2.034006076439533,-2.0082683942146327,-1.9411752900303512,-2.3278267050836874,-1.8346211499513232,-1.2095589860184237,-1.0098176504428402,-1.404322061996544,-1.1604908598677484,-1.2039302618696117,-1.3205150916296293
0.46579770330688386,0.4672944115834016,0.5930254248711317,1.2297162433647317,0.6611810772747072,0.6775033373217,0.2398259946143786,0.1813883643387389,-0.30048487561832943,-0.5243758437933114,-0.2655366449723301,-0.037659937645712516,-0.38883838454590863,-0.6467326083930117,-0.47856177879166384,-0.31898383039386696,-0.045622996306644834,0.31067836890203265,-0.09066229379359284,-0.7585190371172109,-1.1125921903619813,-0.14291345915923306,-0.0048892115038984,-0.46707699823107074,-0.8313844009354986,-0.08110306872122014,-0.1466735362971015,0.3927640431930974,-0.09956167011036889,0.8160855790140793,1.4472693532275054,1.703883885357006,1.4612825810313441,1.7984732092863787,1.0196572295080801,1.0753103651625386,1.0852659881776758,0.372479555678029,0.49452595657388043,1.0705196399957224,0.5553334645857266,1.0419662882768652,0.7816097959703802,0.5672497221939682,-0.20433443640888566,-0.08753702633459033,0.010398414794641011,-0.439777318320283,-0.5521000219352543,-1.1682429528828515
0.2808338546888016,0.5237822442420085,0.9151559216841286,0.9379583360383164,0.32013598880368194,0.1527095384233676,0.39029707115757734,0.29700076347021437,0.33482114077351816,-0.19060206333162985,-0.029386056828981703,-0.6472763286655738,-0.668884187234289,-0.513679398420816,-0.7921937776709433,-0.1261224712944611,-0.6603854221838757,-0.12642516207296445,0.39934139846200867,0.6649701335600103,1.2307963780691167,1.4686015937781232,1.1185093392572574,1.6123070640786419,1.662343981898448,1.6422239555704043,1.1466980091528678,0.8567481319944225,0.47471397011179667,0.9115669494529006,0.8949597994490532,1.1458030881134704,1.3281370610156542,0.9360389485982467,0.9118993661234238,0.40319620275456486,-0.05145417633190572,-0.17625906318495133,0.12191194352963909,-0.07768006647848506,0.5834492238204705,0.5479552761908777,-0.18421998665771058,-0.6868499425916311,0.12044784886681098,0.8069192299448407,0.7917947226583555,1.4784551714712186,0.6658019155288026,0.3983851187392896
-0.5990221194123143,-0.735147674174425,-0.7197496343343757,-0.5262340188495368,-0.6638835402447762,-0.36378995877427006,-0.8072197916256683,-0.09682049049068836,0.16670081856848595,-0.36055898460581093,-0.09815863552632059,-0.1988169883081474,-0.6647834933987334,-0.6213301953588788,-0.06893593833559511,-0.38666035697342893,-0.3957022755311099,-0.6365973131098227,-0.041399473050507916,0.16304135054075883,-0.05644822595019972,-0.19050522596014632,-0.238749942240674,-0.12399540346097943,0.017222298581507933,0.04337178726791759,0.24090652132414403,0.9709188673251534,1.0590654645103825,1.331443254473359,1.2426098075290744,0.6822965824321373,-0.13332770777154426,-0.3873566366782138,0.45871292509509104,0.6903633610459973,0.5685766747497206,0.7834653322906462,1.5650689665456832,1.7281797956807978,1.4633763540646816,1.9564541843796364,1.7096758756102035,1.5024374523028323,1.1336946184343708,1.085285516922447,1.095308393289443,1.0241383261654369,1.0569342352397892,0.7260087859292768
1.1989743594698423,1.8564181919814355,1.7708811308837273,1.700227088023886,1.6145298353640802,1.9463493356378523,1.5797209257678673,1.4754556608191962,0.744745755890646,0.7634796789040181,0.00617476469114098,0.5038347511463288,0.15819852977034873,-0.0031614513598356127,-0.008039480870285132,0.00029029856730512804,0.16893233589596282,-0.6121963204574229,-0.4739327768977809,0.3079015333319894,0.11429858010138824,0.015543596452712185,-0.1577415844885671,-0.06944426618555807,-0.4310138617718126,-0.30664709633483295,0.006544837948133511,-0.08469306518454858,0.03678998867275405,0.6745108875028394,0.8182322854409929,1.492127707749049,1.1094334605704366,1.4039920943871096,1.512545018280185,0.9595714242981528,0.27932494261289087,0.6573448653417356,1.1749247511367658,1.157851390840496,1.3513219404394299,1.7764583323758452,2.31829336356987,1.634221571775438,1.7999283625967197,1.5085603144215554,1.444165200196077,1.9860499919395005,1.2258378064246862,1.1421194813351936
1.70110363036207,1.1533207015491118,0.6315476930176738,0.8833823540909237,1.6044614192297288,1.4097744721842707,0.9394973540357294,1.2532654246100328,0.8319181782675042,0.12935921826634955,0.07664883847690374,-0.41552728324174326,-0.030598466413046577,-0.3521486306203535,0.3596370775441072,0.5535691016312215,0.06036467846978713,-0.39978528039833217,-0.11045414338289837,-0.13861263918687017,-0.7129984630041364,-0.5920129676863144,-0.9952315218068208,-1.4590601298912456,-1.402917204437945,-1.2447952850965576,-1.791655842461065,-1.6412338787675078,-1.0427528598437739,-1.1620890259614667,-1.0684753785560939,-0.9860798673259867,-1.449563820869909,-1.0482295558756802,-0.5854201613536992,0.3181910024103705,-0.16341419690548678,-0.2706715523017999,-0.35793310494238756,-0.5218322503725674,-0.2992496735099325,-0.1825881353992311,0.02943765377787335,0.45430840421540086,0.3805315602648053,-0.10806109064515704,-0.6327239439459826,-0.6361488504974566,-0.7268376393875601,-0.20005742494747952
-0.38255557024289577,-0.3409166803060016,-0.4456984627022554,-0.13951210931394126,-1.291200241613407,-1.274276399340129,-1.667450519638814,-1.489845266590655,-1.5947131107430739,-2.2956346120634272,-2.048464517889537,-2.089247048406532,-2.509492590502788,-2.3447633028924684,-1.8106126001159804,-1.5061547888225417,-1.4465592129320082,-1.450233303504192,-0.860466047247505,-0.7842455588200481,-0.6211492575492259,-0.4524781304067278,-0.8262636199985325,-1.1368306341230683,-1.3763466574325405,-0.48722372679258485,-0.07377985280541019,-0.3415207388981623,-0.10594149846639098,-0.19373318191307642,0.09525730319142568,0.2800095509431685,0.2287883309156085,-0.3062946013032678,-0.12761764508190132,0.18771977748647495,0.42953436732161443,0.7033706417285653,0.5353694393961791,0.9658340124337585,1.4403896374104654,1.0135298054941877,0.9645991098794704,0.5596293792312249,1.0438440161713525,0.6449998451720586,1.0987431975054551,0.7887428373870474,0.8854974459930721,1.3006027434625136
-0.5820692213034004,-0.8559181253810132,-1.4073676567892235,-1.7475568984167735,-0.9246579820676784,-0.509478661494343,-1.074035801852013,-0.35673679978280165,-0.6282113921210137,0.42314527879453673,0.5211521365004812,0.48687032573002786,0.41157074807695465,-0.18504340491877214,-0.19707594322642882,-0.08863741346630918,0.5801864500376825,0.5914989200561538,0.8917752142512214,1.060286339548985,0.6871562065247251,0.744108131993948,0.5084527939726922,0.25155562853686886,0.018364292337568453,0.18111513286218175,0.33285273382406483,0.09932467499710212,0.1464356379152693,0.17734083172232656,0.5898504761034546,0.11944584484895149,-0.11325560705174159,-0.3474663112380873,-0.5216409279288956,-0.3759298584025342,-0.37021135489818524,-0.3722569510482045,-0.3696287593335194,-0.6928626714069527,-1.2972361385839237,-1.284580306751113,-1.0343518450995612,-0.7612546744571903,-0.7986598442974192,-1.2348807719059864,-2.039590864289891,-1.42052822116041,-1.5445354146987302,-2.2089681803627563
0.3725396439443552,0.47281589346865116,0.7713236025583575,0.964579353214899,1.4212030077376165,1.393081103432876,1.4983434622892264,1.9936438146499467,2.117427761060476,1.8248728441930637,1.6524752562357012,1.5238710842266234,1.2139083942833362,1.015218230050951,0.8159895102736942,0.87874102322119,1.3725218641268904,0.9988382348504549,0.6390661414822087,1.5107839476374894,0.8140214419562667,1.3223080763002497,2.0120431725240326,2.096454797961515,2.2528216136659105,1.1784185945542662,1.356208266770251,1.1490444893323324,1.420561470529228,0.9365547224457361,0.44754738056007165,0.029126932821407454,-0.8131758741207376,-1.3194830290795379,-1.8216515176263315,-1.741601495158981,-1.252590058516343,-1.5274918760460519,-1.7842487728025653,-1.573580544643719,-1.0381887870077493,-1.076076716694304,-1.7094754644792753,-1.2087094765300106,-1.3072964892127124,-1.179505184045564,-0.8558660871232576,-0.987955596854066,-1.5526992331712042,-1.8458547915892394
-1.260401330339013,-1.1684257092300332,-1.1636773146465322,-0.5461573774604151,-0.41447533820295607,-0.8297177598695715,-0.55997539948193,-0.39626468195310616,-0.5724393238737391,-0.23003207478939958,0.07532788246095938,-0.42621980167404505,0.20909490846403228,0.5452584726798928,0.11599184818714844,0.031390902820630846,0.32116934960689586,0.23468692275003838,-0.10250436487607728,0.10761452767583085,0.4778177983360836,0.2959427195661033,0.27017142896282087,-0.06828952232602555,0.03719528510407633,-0.7782019280507916,-1.1700466278111372,-1.3778370119009602,-0.9287599041683835,-0.5954643616472319,-0.7403859557418009,-0.8289003553923013,-0.392484964839468,-0.343862141477383,-0.6440459815783236,-0.48752973321353504,-0.07586259219659632,-0.12014183491832381,0.3405608117771427,-0.09900886464394736,-0.00543895842486229,0.7141260516353023,0.1732885374542174,0.46144465531683704,0.07635020654965853,0.26722908655713723,-0.029312557942832645,-0.08300463611575429,-0.5839347417471374,-0.1707914845455307
-0.9461204247817162,-0.8772521476342638,-1.4327859639701555,-0.8078597418894303,-1.025644133237268,-0.5605905633799259,-0.533354663993188,-0.5782067350261764,-0.7556858027251477,-0.010999681844749884,-0.2246837685375908,-0.4123980138967112,-0.8362434062353645,-0.9979730710303133,-0.651800493917922,-1.1799368315319434,-0.9725250243166059,-1.3699218594278968,-1.7126691861576255,-1.8957857925856574,-1.7832812825928914,-1.8739313725637956,-1.5359233338856757,-1.4367158995986562,-1.2863954086436524,-1.158279013210965,-1.177761147948537,-1.0636777884818676,-1.190729360615323,-0.36510807810348755,-1.0463352423598649,0.12816661934072235,0.2928327452621363,0.2772977666652981,-0.33120516545232437,-0.44323552313826714,-0.9124738498737412,-0.7181200188581993,-0.24059125374022583,-0.45568971841493167,-0.8338475789054385,-0.019472538359267547,0.21436147436729536,0.5352015366704771,0.7393207811455219,0.2420295515383654,0.1777327036503723,-0.0026563218818149307,-0.053472487451711154,-0.010408567077174613
-0.10756769813371576,0.5901239420554172,0.18517225630761622,-0.5474967065263466,-1.30182826565738,-1.0303125475314268,-0.7461674841909822,-0.5578038146548754,-0.9162216041989985,-1.2543625795281506,-1.7691258864826578,-1.8012242852286258,-1.9673898551780762,-2.823640365664153,-2.452146358069623,-2.2333082542851264,-1.6972486428638178,-1.0887132877193995,-0.7018257993821375,-0.05150360560486104,-0.1807402506153411,0.3849358023092018,0.003352872413867781,-0.12629607172536497,-0.31452741530802997,-0.6457940202901471,-0.7534673646070097,-0.7786952652601661,-0.8594511026541999,-0.74583206098658,-0.1164446999668354,0.49182191806406167,0.9503673314314927,1.1728326279792152,1.5360689544847645,1.8765515127604804,2.328564252155497,2.1386320399710814,2.19935849811305,1.8776161396754905,1.43932558671637,1.1395429204599237,1.1516590512431055,0.7877338647190922,0.6292919145514317,0.15430617608738467,0.18314904534755413,1.1065016026850665,0.8057697511766706,0.5988503536282592
0.923269450403823,0.9975439516935007,1.7872677820093965,1.3820878603290752,0.9301427912897825,1.568689701338801,1.4878746969725645,0.9083979017066276,0.9633420338263436,1.1590946310867136,0.8600902683085163,0.9898247797221525,0.9320626854946726,1.4936851818970664,1.1890407778518906,0.18943280752513364,0.7947298410916842,0.9959403797065045,0.9402043362806831,0.9182949574232353,0.848890682778057,1.0665168281611073,0.38659831537495065,0.0003346907180752727,0.3312172958060696,0.10145133082285211,-0.12200936390620044,0.047951407237076624,0.5394062686997421,0.1843227891672373,-0.9631962551804505,-0.6053613245706273,-0.8235075837164286,-1.4192919949941263,-1.1380610756991505,-1.739357985734827,-1.8007563160516316,-1.3338145014263365,-0.907937887151221,-0.8611497500159397,-0.9600110934687882,-1.5647839056106876,-2.1633337120452687,-1.5668200312714753,-1.962619978027178,-2.540481915159794,-2.603843814897421,-2.245107071755577,-2.2050584204293613,-1.556375837268072
0.1488618723425925,0.019413274737499518,0.5293325798704347,1.0577047692812682,0.7879426829471954,0.8996493635283188,1.508696842590598,2.0930563469241394,1.8999550827847016,1.5037574054837832,1.9783006431885652,1.4319393893168988,1.4238662522606513,0.9441621206273895,0.6324658767244669,0.39823905753152367,0.74954155092636,0.5927379169091802,0.7740860725701949,0.8955970514650976,1.0296269057289862,0.8975756440719105,1.139443656801119,1.2764207162118197,1.6517208534775305,1.4056804435828092,1.3522037876016568,1.0142998225842443,0.4977931988025183,0.9203820313147614,0.28965911562735247,-0.3270560408920988,-1.1306547441003907,-1.0598824611839186,-1.2081938166365396,-0.6755336518746029,-0.2869537827729037,-1.0602736181435009,-1.0387093484905003,-0.49560946026711716,-0.209843207759053,0.44047492603406796,0.2144380439482369,0.1606414818906794,0.14965815400848403,0.11592188475073506,0.4660026230996232,0.3315786801529219,0.5255689626084303,0.9908490240270281
-1.4979709524643063,-1.5857106850643845,-1.4326955354078166,-0.8721720063315972,-0.7607743952950928,-0.7863078694554962,-1.274458660558054,-1.129630977473306,-0.5765141238860735,-0.2384553936480079,0.008580090179431727,0.692052089043428,0.4369395196788595,0.34130432705603503,0.9291589765551018,1.169950608673929,1.0097684503272724,0.961763423868514,-0.33969717589765713,-0.5791082945269332,-0.31336249886958345,-0.3461872424289676,0.4733349500759663,0.3665726919270176,0.5652558287800242,0.9280580837769656,0.37830354229848606,0.8198625649635023,-0.036835686358124516,-0.01056780855886274,0.5781890400433978,0.3444600495665413,-0.025420997870224803,-0.2662157129535915,-0.6363811177313703,-0.5913054631540022,-0.8099637544637662,-0.37687885610560873,-0.38244588677968994,-0.06098453146017852,-0.6169788745667012,-0.20908175044555716,0.3607402567583019,-0.5082968266555628,-0.9245799229255522,-0.7579542621770898,-0.6193481025418969,-0.8549571291280094,0.1526392517185807,-0.37598965687920977
-0.5334209172634203,-0.6582111550233798,-1.2226170495555255,-1.1637663922434682,-1.1393706561613721,-1.2250422378675325,-1.3181541211532453,-1.2138833770347783,-1.0713674374514466,-0.43010547002490623,-0.3068578725436651,0.012130060983395337,0.10114165247975494,0.4554728459887363,1.3026105535477055,1.207757555134897,0.9522425747279388,0.4511647313602771,0.6429291605049663,0.0964067448545694,1.0450834017674724,1.365268501012401,0.2529446216918834,0.13559090630350235,-0.4209017060985406,0.19719663749990504,0.051359213218245436,-0.3119537646725925,0.2953851471469512,0.17553531058470398,0.06127897636048394,-0.26794026410592153,-0.6031839519684414,-0.3781420121582743,-1.1198486812207733,-1.8106984047322832,-1.771937129199848,-2.3508885710837997,-1.6863841910411577,-1.4019893955533973,-1.484124023359343,-1.3838294142210363,-1.4312250932472557,-1.5643382308361033,-1.1139577877162807,-1.2170267624410724,-0.5920340964492141,-1.0402660642759154,-0.3666204539966985,0.023553424029608437
-0.8441775586036341,-0.4561815323673056,-0.4089569922726664,-0.9656246227670241,-0.8190373150122859,-1.0181146798614533,-0.49365950676046005,-0.4359359401080982,-0.46931188201817825,0.04232249020507135,-0.06677143193287625,-0.6028215409768782,-0.08896668364262988,-0.2961487177815542,-0.5645683619998279,-0.17415001024190338,-0.4597478337832885,-1.145724059705569,-1.6551206161520735,-1.972254129025851,-2.4564523835718686,-2.285533725040986,-2.3765951632996805,-2.4321306839589414,-2.67586905315569,-2.2716068552509023,-2.533888726735684,-2.2622967783098082,-1.483433566159663,-0.9493017975110324,-0.7852273728509305,-0.5930844739521451,-0.5455639686788869,-0.4518448554359475,-0.09121702087906733,-0.7466571054284118,0.07293037289137697,-0.16000061596871473,-0.055308364457937076,-0.22113949511434786,-0.047883862702146465,-0.19271160772048218,0.07649372591752959,-0.025403204347159283,0.4203169724766872,0.7148923253355537,-0.22713370242507708,0.02020167054707405,0.4922682244995823,0.2745115129071779
0.40111977603574717,0.7196747535271164,0.811407253432505,0.829365312899462,0.42543888138102665,-0.02783620369586383,-0.27982780228067533,-0.8626768089455407,-1.1294084728321785,-1.339855578960136,-0.6610105102161292,-0.6949620802357176,-0.35445936722545246,-0.17497436203452293,-0.8749140515418579,-0.49694611487653967,-0.1873511673384864,-0.4190191364296747,-0.15075041219557656,-0.4239204693757103,-0.5761734296889068,-0.21629767479497589,0.35832797643006087,0.8820661733348704,-0.4171209705700846,-0.6441170178319704,-0.749774271738275,-0.4841989525065145,-0.5832009315322235,-0.5167502357818767,0.22765326780747783,0.16549278435478668,0.056106131935712,-0.5646577447758332,-0.32902840480317375,-0.0673209854491381,0.5828257789429339,0.8536230914583063,0.9002343761075987,0.7574131224656995,0.8699219626985913,0.5096659637990216,0.6907123406365602,0.6599766836022384,0.14049805362023615,1.015898079390214,0.8900622379130921,0.5869322714778671,0.443646772335721,0.06325122573808965
-0.4041774058515968,-0.0857010800688212,0.4407274152211448,0.19080249207243805,0.3850787118946176,0.5243065355082306,0.467137222216182,0.15367817482807128,0.2557676617146215,-0.3234092099133187,0.2838923995333318,-0.032448145122299835,0.20760015670937093,0.2805384263820214,0.4948087002637617,0.2908508920945325,0.6876654946812876,0.06198761568357188,0.19827327878364437,-0.23468848159515637,-0.12395621600025643,-0.6342174838049615,-0.601464464005818,-1.1834088535843283,-1.0240656342147896,-1.0526358600271226,-0.9841383082865902,-1.3254818886871556,-1.2630604821475673,-1.847229885401899,-1.6422016543244908,-1.3052350894094624,-0.9860138277663261,-0.7204729339630145,-1.103350375807038,-0.7423873484895233,-1.2416858855736537,-1.3220101998656355,-1.1808658054012375,-1.5138833636306288,-0.4943203152527169,-0.5318397676463094,-0.7993938599411393,-1.3212956283112538,-0.9537652595582699,-1.6365328101708632,-1.6706572184208797,-1.7928873753325136,-1.4448742450103509,-1.1222820197265415
1.8992242249982154,1.4721501510556732,1.4980855768666168,1.4133732166429545,0.8708972500302127,0.35243004534983724,0.7344023932835355,0.9092530776333705,0.2881273344898328,0.7279615153096686,1.0550286928869492,1.2204625350996665,1.037332958896976,0.33471905152157194,0.1763715389327402,-0.045584736544211336,-0.2833989209277195,-0.056609029925506565,0.1281480160663363,-0.1949143770907631,-0.2554377308020861,-0.4831973843123628,-0.4647911967458938,-0.9397442395129968,-1.019909682320421,-1.0035352598577922,-0.9761400648789038,-1.072598662705948,0.013283135365099001,0.10926806261664496,-0.14106094138589698,-0.850606419259777,-0.7561065068560592,-0.7675469758028014,-0.6106992133441477,-0.45449873947425673,-0.7770645598805289,-1.0852217410779468,-1.4484410768426301,-1.7055497103025141,-1.08678312040158,-1.1987056121010784,-2.065603118472257,-1.874515915027958,-1.391781518620842,-1.103883688453837,-0.6296086494686468,-0.4079088257802958,-0.5371556624411453,-0.600824710567246
0.551648689776902,0.28705967680624406,-0.12877260415780145,0.4191562063090321,0.8261083194546301,0.26980286650380825,-0.10605241381742557,0.21231626388559233,0.37250513136619084,-0.19125689752289363,-0.376670206180432,0.12078146483737576,0.182593693037238,0.2000500158947809,0.03782497983188318,0.4964840908327675,0.6037653754377086,-0.05514023079941511,0.07327768027855347,0.5724389709109812,0.4664783467368777,-0.2338893063580295,-0.12358977848298011,0.08842949933759031,0.2661281346362187,0.73487080502232,1.3063303208917962,0.876955815197758,0.9606571096453153,0.7050569037075962,0.4921083700169003,0.05702949392463813,-0.4090617442376072,-0.46655749071131,-0.3175399627050478,-0.4497642638155217,-1.190935385353303,-0.9858369868995925,-0.6575236697018307,-0.5876691260756449,-0.18074901080664466,-0.42860333558093944,-0.9511970409502483,-0.5059106613112606,-0.3452331870472124,-0.6987558002248947,-0.29618427363485184,0.0991780659532946,0.2470536015150033,-0.07625477984697773
-0.2506078807658165,-1.031052532739958,-0.9647398965815147,-0.2652270504820636,0.015032261649208078,-0.2016859648321734,-0.5053872981844756,0.11429420762939362,1.0538433546845807,1.1229853244410073,0.8710385257060086,0.35897877774394377,0.3254583804965686,0.14639007272823443,0.4775362645169664,0.3578728618083048,0.245885176162704,-0.2895374591024281,-0.1777834743777009,-0.09718838961390533,-0.5290819174529461,0.01959860464889768,-0.5496822411070047,-0.699052876859032,-0.2174678823116133,0.05506421076710114,-0.6426318680246312,-0.5239388451279638,-0.5716711997042241,-0.7069908262614104,-1.0922324579805087,-1.0917901030369597,-0.2603268648282639,0.13501534089825606,1.2425724475335018,1.2931061400145962,1.0897317962670527,0.9334332371888502,0.7276244881726404,1.559168871354877,1.5118235861449163,1.9408149699380006,1.0435849245349627,0.22996512676815462,-0.18565187764597038,0.3634718111447763,1.5409874494953333,1.1519726484023958,0.8070733543222748,1.1193317330318466
0.3382256792351745,-0.11084380594631536,-0.08914552900448268,-0.7790131721747122,-1.350499776508945,-0.8658347718382506,-0.9387723389590665,-1.1626594007250513,-1.0359511329641755,-0.8667590643369084,-1.9106384200348376,-1.3310278272710325,-1.3525785147108136,-2.1158948005184293,-2.9523279065424144,-3.034628299781594,-2.957197427501466,-2.4350681840135406,-1.985847435000764,-1.8633970699373015,-1.1497856321462756,-0.5558697643859573,-0.7695305085654185,-1.1381217852209256,-1.3358751097234831,-1.072694524003519,-0.9967995203148136,-1.0221132939518638,-0.13642672102917716,-0.5558871567238954,-0.5950806983240529,-0.5757610595905123,-0.22600851305456995,-0.06836947152805153,0.003467657000846569,0.15076636048991493,-0.14277823984238772,-0.42164797981050994,-0.501165711455131,-0.09666980082091858,-0.2100068958562573,0.15798948986540873,-0.2594693183144843,-0.5247980764650605,-0.6885184838325012,-0.4512405396796189,-0.17663273718395425,0.0193841787003396,0.9233988996661557,1.0929911269195403
0.20325493822205812,-0.38266244245111136,-0.8227176792422521,-1.1109452906704465,-1.192905263544871,-0.998433044720329,-0.7476461933836878,-0.7205206208343916,-0.7934280494284874,-0.5776294556841642,-1.338143050736155,-0.5787080405639744,-0.6405172256369716,-0.4209188990959288,-0.4384401564579073,-0.5500542423505169,-1.0311815885263127,-1.2151672662988167,-1.5880738867913036,-2.077428100897101,-2.4121219583206424,-1.9697958004525058,-1.8444293251161679,-1.3021470019295698,-1.0146068414065383,-1.6254978821656936,-1.3635686865888594,-1.0188366350067106,-0.4063052162018897,-0.39446103219296524,-0.5798352967590616,-0.3621432020779714,-0.6536425777305439,-0.6229930438947748,-0.3824907587204432,-0.5399026514633779,-0.09256270498857179,0.3797239124855345,0.5406732268240672,0.8002350528726316,1.0182944602431359,0.7126044876487698,0.956011123712146,0.7596927658994042,1.4077195894636487,1.4493728516703486,1.6001481709335028,1.3033182949682425,1.4304084304113887,1.3206939632749262
0.2863713013331727,0.2532438982677242,0.4418305204304783,1.006246873116539,0.8053730946809144,0.7799782966494139,0.6722129827848756,1.294347443995831,0.9975780259125991,1.3905257979323713,0.8293037959249325,0.45080072038202557,0.07198939812966436,-0.02982748673827314,-0.20612347606980802,-0.0784649736972213,-0.2555913234884988,-1.1816697727445638,-1.0596622713219352,-0.982763759641133,-0.9351023444084077,-0.37155922849939454,-0.40520059109817036,-0.4071653668324211,-0.9496463661819091,-1.232519341173828,-1.102987552595965,-1.2349524687037141,-1.2229826494356324,-1.535755593301625,-1.1659706262043283,-1.4358850772023586,-1.0036878006509207,-1.0781999743841493,-0.31422084922143484,-0.36899102548432156,-0.289034272777567,0.3051951756885705,0.5033254843413886,0.24615250566395547,-0.16437406041768585,-0.5922784706368336,-0.3155704738357803,-0.30669311245517444,-0.3726577528573252,-0.5204708283168613,-0.5993814478831353,-1.2020587128964888,-1.1388132765033785,-0.8783795945031692
0.8759971832983455,0.3040206173964735,0.49554323342768847,1.1412912619549342,0.7963724459177327,1.4487855298654473,0.8387813096115769,1.007255577494579,0.6096590944237342,0.267970685483678,0.44302107317472306,0.322207541859848,0.19098180504707377,0.7195537351465747,0.5466231467499285,0.2991968770645318,-0.11526486720208395,-0.029195795206335296,0.7013273824372096,0.5029444343249381,0.7844262290151391,0.5038744203682575,0.11544286243436815,0.6459495321621598,-0.1665741530382882,-0.3200376166708619,-0.418144006869847,-0.4504362547706884,0.07897948955408242,0.07395762198345136,0.6175680321710253,0.7200238367799021,0.6926284750914139,1.037256679405886,1.4681343782534033,1.6432583714477542,1.4504018078327128,1.4821188518259634,1.3771400466262451,1.5730095290961912,0.6878314460065423,1.3132550640621918,1.7762216290941566,1.9293901721883937,1.6706254419014244,1.282828122358996,1.2862717096091645,1.6384862479027618,1.0516457513785307,1.1835647435253631
-0.2858612533679217,-1.1372387116676308,-1.3283363607998742,-1.4233600537641644,-1.0545172935468277,-0.6856699183270677,-0.18652018356757408,-0.5550862964672149,-0.029204693106723228,-0.2789013651918984,-0.6509449689692932,-0.9553718581777011,-1.2468525998349125,-1.344572195750932,-1.7462893992042798,-1.4435854772407826,-1.697335782699894,-2.060387136986423,-1.34343900910965,-0.9266516304479496,-1.232684674663267,-1.7364397487949281,-1.383046944839327,-1.2753980638144142,-0.755668932386295,-0.7470873844646193,-0.6013333995938579,-0.5382009490808913,-0.2335106190474684,-0.4316730106147796,-0.6248251468214839,-0.5052243867528409,-1.2982658630459734,-0.5561403734313435,-0.3410083964433114,-0.5954275005263904,-0.7490064497683345,-0.727083006177801,-0.9516010606167696,-0.8508762187006778,-1.3362325229427532,-0.7034144612188118,-0.9958626526253523,-0.5968910751395076,-0.831138967679966,-1.2753588509920046,-1.563495633604738,-1.4480848807966813,-1.329032262612054,-0.9378333097758828
0.7655470270277008,0.4599736013216384,1.1783888529287876,1.1388697793978984,0.9208768166069214,1.5059578702961047,1.4873231902004227,1.419636352849307,0.5838659834064955,0.8864518333113937,0.8701635973297829,0.43254947770502417,0.5983325468484485,0.43952493790253017,0.026155702239868354,1.2949422203646406,1.1608290913820272,0.9448380307690829,0.6779258530224271,0.7951073234464531,0.29202194226624845,0.03370989005292276,-0.13436089164406903,-0.19559056911047176,-0.6449873773325838,-0.23241301680834994,-0.5094786321547771,-0.9370991148038489,-0.5126036439218152,-1.2375900696313358,-1.8958308870863536,-1.8500210295298793,-2.008337587903903,-1.5348355595533274,-1.521589463146194,-1.5261237901607907,-1.3322306038044198,-0.6360988593117112,-0.761550856827301,-0.34100858232512277,0.15125072572555343,-0.4718172977345488,-0.5570720631167941,-0.5583498622265101,-0.14381367710967352,-0.3979530240092782,-0.49856703517832085,-1.0910616988866388,-0.8252961582195568,-0.9832030641690278
-0.24117741354884817,-0.4800993711196446,-0.6920233284988849,-0.5721138658564716,-0.42494864990008924,0.041515269064956443,-0.036187252176220625,0.19846872725939033,0.006593677998757333,0.4375126536001101,1.124666268558289,1.0815359009057717,0.8083599286134553,1.1936375299211852,0.006533571115526248,-0.034437862514444695,0.10828234758888869,-0.04632438713978012,0.3858172793120823,-0.19098056859753754,0.23642944383454523,0.5560928581898545,0.3789904966172873,0.8209585620637022,0.6528166078016214,0.6131239586411122,0.14741201595179865,-0.16160709823932112,-0.23255808763068572,-0.005393007889862352,0.7212618695581656,0.7942501601231626,0.4928649094467322,0.7713530220858588,0.9674447219508658,1.1340530387019387,1.4985194796223122,0.7934426226096898,1.223252371537871,1.3012142230145938,0.7841216520036326,0.5254548853998785,-0.22512598344981213,-0.35182447349575013,-0.4411251032012509,-1.09611063098998,-1.6496475101462162,-1.8623029220876952,-2.1162590060255813,-1.3239805336263106
-0.2701515230739336,0.04124432311751042,0.0928638025939363,0.21903823663385025,0.6126346154020482,0.09562088748174749,-0.11985753173849924,-0.4223684733316181,-0.9928231593185924,-1.0689959807144818,-0.9770680527484361,-0.9118584420139708,-0.6202354531488289,-0.09412407552238462,0.14479979662062584,0.8858874916039363,-0.34931631752923276,-0.3183359710472456,-0.1680109906180438,0.3672836815083942,0.006251790005295179,-0.4821712438483832,0.45723090562284613,0.20534867336357823,0.42951226040336243,0.6928777057097031,0.2155537260339334,0.518026399719541,0.04040212900786576,0.48070497459235595,0.21286619245446742,1.0148972895818633,0.7681381460695008,1.0290105860400764,1.2889706740805755,1.022751699513325,0.5035852747149736,0.8977931924112525,1.142839026213361,1.02293870058451,0.4244846571388697,0.5740927002156666,-0.15917690598236664,-0.1599908707894908,0.4889183437730792,0.7354619642067086,0.8914428745717767,1.4108566266810199,1.9284150162701708,2.032665376366986
-1.1798504548977935,-0.913163284524018,-0.9345874951362172,-1.4155705704784842,-1.3223470619720696,-0.7962773482031267,-0.7795975547368234,-1.204286008792238,-1.1384147664979303,-1.2282574360573661,-1.7043033665721745,-2.0499917296136374,-1.630039102743123,-1.8909420562002268,-1.8597838432335971,-2.548442293965186,-2.6795139477045664,-2.9652313227026137,-2.5299018251418395,-1.8055493797998652,-2.049011605183706,-1.9297593705088514,-1.119996276867771,-0.5413320732571039,-0.6869169132611785,-1.2990162130325038,-0.9011968972194864,-0.7666806731682605,-0.9543300133514521,-1.0711030164359416,-1.5320938824448882,-1.3060124725456645,-1.8292292490351578,-2.2658961404706863,-2.2954170691394764,-2.2478823399744075,-2.2703688298154168,-2.0384625567527963,-1.2794063824085404,-1.5414984190025174,-2.275534312064872,-2.22417403947198,-1.99972764371259,-2.0826629673054113,-1.7338407666288742,-1.259428151181031,-1.7583932613444375,-1.7080544456002607,-1.8180068245398249,-1.9508638770886932
-0.049640457573133394,-0.7437313548683386,-0.6146368937806997,-0.16489479303066845,-0.2691757125220555,-0.6172258265788956,-0.3604762453458503,-0.34698233288944264,-0.10147743750193335,-0.7336738271981977,-0.6686708016466949,-1.1240201874396394,-0.5102374411393477,-0.34725965355542343,0.03312229191505781,-0.13437818849915958,0.27585995683137554,0.10965751326934431,0.041916164327789655,-0.43126671779757,-0.19500960636281373,-0.8327709494191298,-0.4894570684932317,-0.6220998410827151,-0.46059300940145476,-0.3498774212865854,-1.0571004493496623,-0.7591250724905809,-0.390972369999119,0.05178959221967909,0.009068333635381261,0.621009161828165,0.3698220241563787,0.609274230536487,0.7236191915411088,0.8554224245459952,1.203943267594388,1.0805559334477555,1.1555404223373704,1.0582835478373465,0.8163663881987565,0.09584194370796098,-0.40796794639689005,-0.36144605894716636,-0.8931299051966848,-0.9782282402190465,-0.639275336168748,-0.5501734698566118,-0.09478673407395234,0.7006286101136057
-1.7850073828711048,-1.2140686503842144,-1.350161860292847,-0.01859237518771795,0.3821305260150848,0.6820625047828215,0.2739319903706334,0.4423253656431224,-0.2529665579202179,-0.4017969433437676,0.58620631258611,0.28776946652367497,-0.06769916499746358,-0.3377935327088961,-0.2918447230645792,-0.2983239864651193,-0.3963559899310946,-0.24209764685459886,0.22444654719475102,-0.11878463575394245,-0.17360772613522285,-1.0794287442511976,-1.2599712476557823,-1.20150767807536,-1.3767759848662104,-1.511708016491493,-1.4488728828195556,-0.8476225361066734,-0.6648175481677956,-0.17206380736512347,-0.3866342790697804,0.009060079111151805,0.9278342880843043,1.8735006975537634,2.1739608240481534,2.11452155520933,1.9014504449139407,1.6715927040214629,1.1358761257204508,1.1929765920327753,0.7668799392434418,0.7981323756294304,0.7198362220920159,0.9302620235173082,1.018931073801288,0.5786317051899688,0.3454001574111094,0.008112920314599736,0.026149412009943224,-0.48954784088307934
1.1357625722530302,1.2746031036460765,0.25081503523789084,-0.4523234527197448,-0.13606457741244846,-0.44316019274585033,-0.15886619626819348,0.08174018419253766,-0.046652172912366764,0.09328405693679329,-0.5031419125909734,-0.5559547601700342,-0.8973387816937851,-1.207677132860653,-1.1238613320664181,-1.7352499158140229,-1.6316489449163047,-1.0299453923546995,-0.646891005197772,-0.07284309460501866,-0.4976922662771895,-1.0198625234662184,-1.0583710529879444,-1.0291470235677498,-0.35767374010045744,-0.8452359341426898,-0.1608746428169099,-0.09002086752281414,-0.0804454208328712,-0.39793620128756874,-0.0398580050035447,-0.20184215021616558,0.4918495103122667,0.43631464095276035,0.30666475665782783,0.7171877994587498,0.40526017284821375,1.0084148302777733,1.0337061190091377,0.787075936355016,1.2633126328222213,0.31822448953552307,0.7788930569277177,0.48969511746345,0.00026125190203468755,0.18790125959262466,0.6140588480498552,0.31532161341477505,-0.1000586175889578,-0.2545186778706836
-0.16802233697799288,-0.6214261739246029,-0.5485594761940799,0.2899926868537816,0.5255753088612671,0.492229718814845,0.7735646105069292,0.7263896728264447,0.45157807282644613,0.5644336102264169,0.21758892595193097,0.1749211377075179,0.004045212255375912,0.09430168044533778,-0.2980128115949756,0.3813677739341042,0.7493988842906162,0.8691604541634665,0.7870361084652749,0.6542106549782005,0.506111717568119,0.11645311773342902,0.6667334248259003,0.866808736553472,0.4534878164811094,0.9883460945642208,1.4296893012301253,1.5845985222443517,0.8958999670376387,0.9604442415964912,1.5531269441459234,1.4111028284055225,1.692298533095652,1.6754213897763082,1.6478085893861298,2.0414393387141834,1.4929670266767519,1.2600711495835768,1.035698868609598,0.9070538794866482,1.5555123618982414,1.6397111308179018,2.455627277538495,2.453123574626151,2.188467672019095,2.1879184979880755,2.3118490505850104,2.50310363714943,2.5384774640439947,2.2120910168987864
-0.11295375159852203,-0.24095881558588433,-0.3871867064090406,-0.5946605323606823,-0.526369558554941,-0.7944777623588287,-0.6864127549558269,-0.2935406782385629,-0.5195002481706461,-0.5607284244072339,-0.18969286192790327,-0.840697127694635,-1.0449751840604855,-1.0233422803045256,-0.9680597397869405,-1.0009284821624713,-0.14808856551388702,0.08654072601861579,0.5235927327253375,0.4482082037963189,0.9112866357328351,0.8274453820072529,0.3394833625365852,0.5203683803514274,0.5706943225929111,0.1428673548949334,0.44988542523262853,0.8766858711128568,-0.10291159854623624,-0.03822858634407683,0.15807752412231993,0.1331839131717545,0.8328821001010792,1.302137392769665,1.1643399115663928,0.8833722497430971,0.8236807539638854,0.7535734392130407,0.32347331460681233,-0.3219597947131571,-0.9024009438031697,-1.5010609118310334,-0.9630952384683553,-1.071393963360879,-0.7153024756587034,0.04081845913059434,-0.14939401259623133,-0.23558035256732066,-0.10979333025696729,-0.2541320651327321
-1.0504766586991272,-1.3092582377502877,-1.6259946436633372,-1.576580525501448,-1.184548621404791,-1.1381667927718238,-1.1603642032421073,-1.2476272462912534,-0.9089205515822583,-0.5058357504964308,-0.3565042343225681,-0.13862065344336524,-0.22447129527082985,-0.06544561400229755,0.11050936488037685,-0.08949666535111632,-0.030158349936355355,0.18309360638595068,0.025765410357838203,0.49068656454444187,0.3378223888448184,0.14223075525803178,0.15605491045953518,-0.3122187898238882,-0.011323170539000688,0.03998647977154617,0.5875709757849521,-0.06527323961487055,-0.3625682780837541,-0.16913814231324512,-0.2527854052657409,-0.2885478948313994,-0.1604900161281153,-0.23589354635527374,-0.26640516900502603,-0.49577989415292606,0.06764267327751682,-0.8741933352028257,-0.45689563058048877,-0.645103333705264,-1.0421630364816805,0.00010225557594775694,0.5417904457312649,1.041232090107115,1.4836245116545885,1.491262055656071,1.2737423625067998,1.4231602518002002,1.6601766097507145,1.7190723538756603
-0.26531823966840695,-0.6489662055391732,-1.0223559085509322,-0.7355989342200224,-0.6737475849593759,-0.7175244207494551,-0.7810869073769716,-0.5014313612213535,-0.3702838343332171,-0.35377937670454285,-0.42099682059056237,-0.16148944186158923,0.16498856005855864,-0.26378781082442,-0.2590531970920508,0.35760505297022566,0.45176225391604546,0.015622873998090887,0.15685512709340732,1.0341710450260813,2.1130752526835948,1.8897060666054686,1.4507975899156376,2.0768465650327292,1.9008940285902693,2.103713668101437,1.9745698859838516,1.8238781477410968,1.9254810671081364,2.229053974813484,2.199266613981662,2.4621365817378082,1.6530543761089058,1.6490985001470206,1.8573768813726468,1.8198300940133416,1.1257986258943993,0.8177521898296014,0.7680859023738877,0.5304811828606151,0.437587564088259,0.6526529749966602,0.718516927761955,0.6685262102406132,0.34833105783837187,0.5778710082347384,0.03070660380741573,0.12113390885491468,0.37029658417835126,0.07431795983907508
-1.0096699881643423,-1.1468818709392838,-1.612456144740852,-2.0264824080380714,-2.515482163325316,-2.285833475960042,-1.8821574684820126,-1.5063038022128143,-1.1328693589248409,-0.9736939136788845,-1.3897986334940946,-1.294617830703326,-1.1938902885979021,-1.245952121694516,-1.9323767789634638,-1.6219650826555478,-1.225120929581055,-1.1006612370953837,-1.0030789953853734,-0.7063587976714014,-0.58113531263473,-0.3019040911225749,-0.8925224656085897,-0.6989487201932117,-1.0042199045934068,-0.8541059368802324,-0.7922541750745837,-0.16814365577621534,0.12189320371346282,0.1168909572824597,0.656452217252168,0.3882012325873943,0.7462488323906892,1.281534832139293,1.683148628106847,1.37837241434492,1.2645792184766405,1.2132415788959119,1.6682818657096334,1.0630852711773189,0.6970345991893261,0.5971475394703676,0.8294385635844868,1.1000261282363666,0.2888012022668185,-0.6823885135227089,-0.24169390695889856,-0.2648956693232437,0.47205148093955374,0.5680785208563532
-0.5293386366677022,-0.6759974819963858,-0.4810706802178645,-0.0811805629930982,0.4961735810270434,0.2727880236703343,0.06170651537198841,-0.037081215333248756,0.42647028221630656,-0.11948967133338607,-0.1673869154747102,-0.0328248217285191,0.07016588251185576,0.45994718313845745,0.03301783078132591,0.1020143845119054,0.2974878955116023,0.03761807981924348,0.20945773555653244,0.34907396684715747,0.2058366141031067,-0.0299787806497865,0.44387889929316826,0.49928559487247565,0.3682051779899193,1.154232849687262,1.2106636510284152,1.5128028111003804,1.2374822441128903,1.2803027583881967,1.1445258386257517,1.780053871935909,1.782488734631602,1.698310988367019,1.920778435631252,1.2877924188749486,0.3599208676370774,0.46286287775543944,-0.031090010089761227,-0.3080943218394543,-0.5530095444753319,-0.24301309265206616,-0.010500291283490908,0.5918204527370191,0.855854118572015,1.2715496487584668,1.10355630010066,1.7233532988160978,2.113904306678594,2.4065930075273516
-0.3150311800289348,-0.46049479602195625,0.07354352562316695,-0.008760085257389251,0.5260588231879461,0.9849260230966281,1.2587033514245758,0.9038497807697428,0.6644914298214194,-0.020423484318769263,-0.5221410013950017,0.22416805284133987,0.3377409604342247,0.28190759649921854,-0.31475369238769474,-0.516670117545558,-0.23278259598526055,0.2619289389780549,0.40559310982144975,-0.022063716086512954,-0.4362771884462324,-0.27499017917267815,-0.08247979443361361,0.34669011506624553,-0.019318732116526197,-0.6905476883246161,-1.101167859134643,-0.8138015463842531,-0.8334295893936549,-0.22304774822908885,0.6394482312140575,0.42673495772244857,0.2649875995246765,-0.1422435498564022,0.11009397419723584,0.04639428182608324,-0.07733314850907827,-0.10456074300323066,0.08681662128503516,-0.44519598059823756,-0.1625926069464886,0.2556876186383117,0.4035287742835988,0.5962547164652651,0.6003640110498677,0.4687877121097076,1.0420056546186984,0.7496103178934277,0.5694978944024918,0.7226614954214585
-1.6413860303814267,-2.0033834546819462,-1.6283833566911996,-1.880075710910574,-1.8069193318899903,-1.6192102060624551,-1.7706794306155227,-1.6487587602421074,-1.6271015759084273,-1.2662286127316564,-1.5003134479016318,-1.1417545758292083,-1.280673637137652,-1.450709544726271,-1.124851881232113,-1.3462403475623455,-1.8522411203301947,-1.754533507253961,-1.3951540822731736,-1.5230259692587382,-1.0688506770064983,-0.9613462224598622,-0.9672660350347249,-1.2473364263342135,-1.0165059434848476,-0.9654351590453751,-1.3477849710207528,-1.0438563687066016,-1.167285539445184,-1.3453128801334633,-1.5246049536274082,-1.4946344324721277,-1.7382127574218365,-1.5068710017604956,-1.7830980788273108,-0.8586863546852112,-1.3252249279462758,-0.7946150493604587,-1.2408850736013226,-0.6894598771450732,-1.4483190747173895,-1.3045318564421104,-0.7647467502650233,-1.524338794517571,-1.0963447705691787,-1.1173642568659576,-1.6061046629343623,-2.0953803227040346,-1.2876002869104424,-1.5826249183000525
0.20043698529898263,0.6400495689156599,1.3715822234354962,1.9785958159556758,1.408695758010197,1.2091435182281443,1.394151540592037,1.3747835686180847,1.507481670189661,0.832660011928998,0.8932688660982413,1.22605999611624,1.6104378990249455,1.4569076025381535,2.1244437072394278,1.4880469052084884,0.8224992521720772,0.7436095318101339,-0.26376925826827696,0.3400177959830535,0.3799434467836814,0.20892543839500044,0.0959074983848801,-0.1933736242196727,-0.21008971057291453,-0.550320889347271,-0.8395913169708986,-0.27319968930364696,-0.2614420886753147,-0.17350976935147713,-0.24693627176971436,-0.7568422830369101,-1.2708113208808403,-0.9045161905204333,-1.0689802641603434,-0.5755213194717445,0.2403938252680484,0.6383768798271761,1.1015414138411517,1.4496220154003434,1.7913740599488843,1.1281189611303741,0.9776777863425465,0.7329832655512624,1.2398747700983532,0.493129564413221,0.3890237051085439,0.47106492660678195,0.20962240891872358,0.8382483697057318
0.9524825898100212,0.9013646633513054,0.7041198246923704,0.22726864381016545,0.7373350624431537,0.6807176439766048,1.1382633061267147,0.7726627494678346,0.7126368431050408,0.6343563162410109,0.6862034423088762,0.02074687979636943,0.24161821340885595,0.28885873331760825,0.9139166940851363,1.3089240417112005,0.7480324995674558,1.03957513089808,1.117620782658412,0.9192572487103045,1.0478256164212052,0.9627980636064754,0.8395789333677006,0.4350641133047487,0.24849088904131833,0.6213732528122774,0.8365479285683609,0.7622975529396185,0.16157720668264347,-0.5978425854249169,-0.1167424428872815,-0.24675503088039807,-0.1893064539798967,-0.12405172206235184,-0.08127483498754544,0.06380439785504007,-0.19300376093479882,0.24106731363760114,0.4365705066939895,0.5922969631504382,1.1185378961894705,0.9381422798309879,1.1682748208081606,1.0687375489437683,1.1252822721525149,1.0263884622466315,0.9883823683103552,0.619905146897675,0.5964032073724347,0.5192821274196409
1.3875562743786762,1.7305929069822064,0.9523708446340149,1.1642548377440003,0.9943466051455429,0.9942005944609077,0.561095387542488,0.03459063764403285,-0.4224107268007419,-0.34996202365387397,-0.41145032526943986,-0.6484877160295284,-0.8617988460807087,-0.41165230827414906,-0.5044555396993062,-0.7361963014464308,-1.028519672308668,-0.7124483505449082,-0.8781703572938742,-1.5582111344149323,-0.9775302736154826,-0.9617894072721096,-1.8588537347042433,-1.9541252438690448,-1.61864022915002,-1.2123354089910645,-2.087685353125214,-2.570508670668321,-2.255928673892769,-2.3772146996396795,-2.2718747940143356,-2.693407893718189,-1.82364385408713,-1.5983860691334433,-1.50407898287966,-1.5716455236627922,-1.051913698472546,-1.0747135813585633,-0.6048374561321371,-0.5939595987823252,-0.24882585508094388,-0.45697725473013595,0.5581567951655875,0.3821351157539714,0.3721614745765059,0.3112253353709383,0.46086877591055525,0.6425762495625682,-0.2608918918730603,-0.15058565854277386
-0.05724363163913854,-0.20927157616230385,-0.060835140969736544,0.6441416089856008,0.4195335088323317,0.2917905340333772,0.09937362764327785,0.39159102265327866,-0.14101184973594763,-0.3269995095710095,-0.3871118743005031,-0.3436369792254244,-0.4665010664425789,-1.1733262847704828,-0.5545239699260619,-0.35104061497350114,-0.30180340376286624,-0.852344907184127,-0.5280191919941144,-0.4204481810721494,-0.39241820776616176,-0.2504836411203042,-0.1982049399391634,-0.6601601049964424,-0.16373993105840792,-0.27379357320315284,-0.08984028889965053,-0.4657138088287505,-0.06448152199045547,0.1146329520634139,0.5420237279938808,0.13401518373763174,0.3720030167141772,0.39694954486553113,0.6646780321813343,0.9602747016080047,0.8427065649523972,0.6656264074368552,1.3139201867598087,1.514676220491124,1.2707393799137017,1.5776957249355459,1.8678456068563205,0.5403575120883126,1.3697380232933252,0.3346454636372234,-0.27864074077074585,0.22063455305186402,0.16866266007714395,0.05013733771778926
-0.15240100715508317,0.14529387819740452,0.23537861025141324,-0.2158306201924047,-0.32698752333556724,-0.01952401958466865,-0.2972865936670471,-0.7885294177220135,-0.2397660815464958,0.2799515021264885,0.3729530126826864,-0.16304412800880833,0.2736176755082693,-0.36916659567323507,-1.5167084912838569,-1.6002186252840902,-1.925160733607348,-1.5214830677588493,-1.5230212145828186,-1.950609793698076,-1.6300167520439064,-1.7860890374498055,-1.7124571400151019,-1.5221999987322963,-0.34511103663604364,-0.04333933443165742,-0.43279798012552,-0.014834027960805634,0.29387568652615653,0.5927213003538059,0.4188830159244438,0.9577133144820067,0.6547025581498505,0.5164220356782413,0.09401580051758468,-0.3737929112482165,0.18855244099877302,0.277421678333763,-0.016807924118874662,-0.496395479743963,-0.25339587412962145,-0.08866474031653611,0.5273335124392751,-0.0870824322618915,0.20001869533902003,-0.4137923152819294,-0.5002332327626094,-0.8124343221005429,-0.9492460008766953,-0.4631673644763132
0.8182120805670242,0.6001051979590752,1.117843883825661,1.227127068568332,1.1572805895837108,0.6620602493225463,0.5471885463007891,0.35075923022491756,-0.4204097639659813,-0.6967496390298307,-0.47843084512785483,-0.42060718170504,-0.8337554382438496,-0.6179419762086332,-0.5297279062632845,-1.0216748871539456,-1.0391560646105815,-1.2795589016007414,-0.8185059460593714,-0.5177162068262202,-0.48126003084698704,-1.1657097571251254,-0.9800267392141682,-0.9013747729589354,-1.1622498971650603,-0.7986141804825829,-1.1538603393020306,-1.173779425045831,-0.763712661176302,-0.8650598378772026,-2.146019683801095,-2.810885328832867,-2.379563114094586,-1.9081541492470304,-1.6064505377678797,-0.7624370563996514,-0.39182987382394396,-0.747095815839401,-0.6081590223668805,-0.8530131851509714,-1.4855076124247892,-1.5001233289172025,-1.20503757425246,-1.150439632084313,-0.570130746001745,-0.9818596892081398,-0.8378053658934593,-1.4690864069045333,-0.856766278707692,-0.7343947723960429
0.6340257136828296,0.5584458032659135,0.5526970746861237,0.5152696000137208,0.36660523460336536,0.38234368329465446,0.32282947962993586,0.2330135867354012,0.3577933352697571,0.667665470616497,0.2585607747759279,0.493109291737549,0.7865141692014295,0.02454331891667679,0.006128087558176292,0.10414210010493923,0.12401069859627505,-0.45763007201995326,-0.4958503908538769,-0.48745199470577205,-0.9681321235785499,-0.24540084053838468,0.18795412956004184,0.15258988012701852,-0.4539882661324246,-0.6284031470786559,-0.41643088449737936,-0.4218382225845762,0.034071731712936766,0.8972441628534555,0.8936658827792044,1.0214839240398317,1.4439832018631071,1.5508770971009882,1.672506755275696,1.3368176549438773,1.7855052283527932,1.5858601524526714,1.5975411942304303,1.1937069663302762,1.2296700686410125,0.8787095628480447,0.7242798041431726,0.03175297338022235,0.07173476754902137,-0.5089152162948675,-0.38017912743604393,-0.6916472411447009,-0.9055260216677096,-0.7528657539576223
0.5005675061209106,0.1675826337460752,0.6192990244179503,0.888690712921752,0.10365317164388639,0.11954159331448069,0.3548442335028189,0.3597679169830665,0.06748496449517596,0.3320837218883313,0.752740767231941,0.21508369687870138,-0.23142606165049748,0.14713029567499383,0.2773811493867522,0.3402068221061006,0.14779337554787117,-0.058693608423152716,-0.2673632093740927,-0.27980912919045686,-0.3365124475470846,0.17141841883904596,-0.017688968860795278,0.31937324265100936,0.20453031870421656,0.9394448731413279,0.9876112468398294,0.6310539674054774,0.13194863652853714,0.8606882015214495,0.8345566386197779,0.9852251785581384,0.4347211204018712,-0.3346543709884055,0.09806624080422459,0.5905485874816754,1.1607062840870948,1.0738090586858349,0.22400348583440857,0.4373031512757634,-0.23543383860691727,0.24854843378165575,-0.40278854766933003,0.6250676659036835,0.8263215300717358,0.7162784687438118,0.8047886391699439,0.9150815143642798,0.6263722307370047,0.6256579849850461
1.3655554061495623,2.095096311663738,2.6448985522215183,1.5677713337818615,1.8841435884790003,2.6420860535699893,2.0004357536994983,2.1174460286391135,2.552832760030266,1.7901302867929605,2.1975503251472985,1.707505979648617,1.8878765191340638,1.8387520777048132,1.6895126211973575,1.5590452260226293,2.392349571803576,2.5591001324232066,1.9805766895252928,1.9290811789462348,2.267463509159925,1.9525106909997327,1.684293892310542,1.4228887499796858,1.755935257327113,1.440074434964842,0.46197636152169735,0.5962856003400933,-0.3741625433182908,0.020068436406785163,0.2879307140949865,-0.5165759227730539,-0.7653085589614191,-0.47754897127620993,-0.27426874834062304,0.07135442270994524,0.17779803031883415,0.2606144522503877,1.2288871022852597,1.1560631283240395,1.3371582795933454,0.940385330201477,1.0114437524000743,0.5274336781084918,0.9506179230071119,0.9073473663833335,0.6505182171893353,0.6579113814432297,0.5787574605057003,0.1633989415123611
-1.0716462192276026,-0.9363310340623326,-1.4263073375757078,-1.3644625734869502,-1.3126940532090992,-0.8832314977373795,-0.8780130926948174,-1.5393860468190093,-1.3756911162774907,-0.8455765253974223,-0.5633271801450587,-0.7431261543414482,-0.29821943886034896,-0.5041516322779205,-0.8224355935094061,-0.25934136032890126,-0.9129216749103175,-1.1082384369754918,-1.2775462202766854,-1.3523991866531124,-1.0764409442283718,-0.9217923160469751,-0.5613038266955669,-0.5851202977760096,-0.7694982308275402,-0.8062524033003472,-0.7888726735892,-0.7248877743994381,-0.39514359095999335,-0.3445681864359959,-0.44124423443047084,-0.32491938297944895,0.05779239552781174,0.024504559925634738,-0.3368225915394071,-0.2726390413428736,-0.5620648372053005,-0.24537440868721772,-0.07290786045066201,0.5355714677066618,0.48749174718441174,1.026888427896392,0.5459491321034537,0.45763956290769475,0.6869128013453054,1.1634977725099647,1.5010049885047037,1.544767526325,1.3477980546634194,1.480452079593472
-0.7212632690571842,-1.1583086818082944,-1.7092571708864088,-1.298452582254379,-1.4397084639522817,-1.915201474028783,-1.314299101900929,-1.3890130436367816,-1.2948095006218252,-1.623445546294522,-1.5846793509104857,-1.5127517182248067,-1.5430599016645365,-1.2699318592745736,-1.2976165873177175,-1.484763052499271,-1.0007997561825797,-0.6294904660555937,-0.951543572281613,-0.5019072313504623,-0.7170510020450868,-0.48514429492433786,-1.001652460830515,-1.1574205562910747,-1.074516719629652,-1.4373449025374465,-1.1682744756546863,-1.655958244460614,-2.3047052930406204,-1.5398497678972685,-2.0488129258446923,-1.8560018102151559,-1.6262949748013096,-1.6133158873202078,-1.2864505883556923,-0.8230720279940799,-0.41598871624492784,-0.19040205841311264,-0.8270545383736437,-0.781665339649084,-0.9256213829507195,-0.738991211356535,-0.48601840489682147,0.15082227927364364,-0.22460633338423774,0.03159277571736448,0.4184614624631926,-0.019700266190707014,0.10445487526687662,-0.005796300453994915
-1.4071159738310959,-0.8366026150726784,-0.2920746889517468,-0.504503787144241,-1.0133568758885934,-0.34832707099203225,0.16095380843586218,-0.3768497510324841,-0.47109891484707045,-0.346894491817617,-0.4569780596116647,0.020201964716108363,0.3039513672285053,0.9754353647692943,0.804783579266135,0.7501544118531313,0.6939222598260669,0.48263707934357386,0.5797888256443329,0.7362906657725875,0.8740936323229982,1.0716453825723276,0.6165138696018235,1.101652971374197,1.5573250495551019,1.0744958767638748,0.738750395733277,0.7048532677049167,1.107222562931701,1.3068385847951616,1.3713851182645334,0.9179355757675204,0.8257643710608091,0.6248517882472737,0.5310195884141216,-0.2025378479909429,0.37844260553572934,-0.00051104276040071,0.2173844903353407,-0.08382109345782165,0.21799979162068928,-0.12643344794619044,0.5594360279554016,0.5595008054107792,0.5702331541122262,0.9859752122646351,1.1441569080454566,0.6546188502051009,0.3987086161408217,0.18873584782032538
0.7969970774680811,0.22613832793927455,0.34244356103492973,0.33133176109556267,-0.06363014593235758,0.2828048028080686,-0.6630324806701671,-0.4894513179318461,-0.8232487795040554,-0.29545390663531496,0.274387213610085,-0.06634112863896602,0.20693824498891797,0.34633436970267284,0.8182190881703083,0.07698744025729871,-0.5000403271093546,-0.23665242900827002,-0.036099619396551284,-0.10551063982179981,-0.15934922478897742,-0.19106109749795305,-0.6003715205437422,-1.058343336417528,-0.746027526448282,-1.2587262817993279,-1.7472293881266785,-1.1914983945270523,-0.9474725328225607,-1.2530423844517913,-0.7173960505138521,-1.3504462097740741,-1.2195621308221207,-1.1586173652817107,-0.5245151666544713,0.5121165755624061,0.7134732671829079,1.0933721034735209,1.2589600390783873,1.17581826132307,1.2173995770197878,0.5472399163917955,-0.2107552935265776,-0.008846215803019156,-0.16806005132885687,-0.2994802571078459,-0.21902346752503715,-0.09785629230428546,0.3706335718050679,-0.25703645542439457
0.8555310529909881,0.45007378063317993,0.700203633099856,0.5364550974665283,0.12299519316291159,-0.20087335111019078,-0.06625159301204245,0.2887109426142892,0.3537726583187034,0.31388682584191635,0.27236438564052856,-0.31852125135070297,-0.0723252363867149,-0.4515085702865824,-0.7836252187810628,-0.6888111651929918,-1.1575768977495686,-0.7062286999899813,-1.5778433431036862,-1.411672570824072,-0.9771609921149034,-0.953111850645933,-1.1127363199915676,-1.436927883535216,-1.0125363924250759,-0.6270576916364328,-0.18231570146211518,-0.7080100470137484,-0.46597306409026107,-0.18152597682684246,0.028311302270738303,0.2199511009327513,0.27253977658273465,0.2422547739722937,0.23557197432132418,0.368770530323998,0.4541655320227667,0.05340067390359037,-0.21556990518081012,-0.2676840319678834,-0.5737536658035693,-0.8169460395990296,-0.4582002020354761,-0.4735207998205758,-0.7078709787063383,-0.14745689090325803,0.29172175062628014,0.42974582360842856,0.43266326689721574,0.11346175213304867
-0.5219188110060387,-0.3721557122211277,-0.33412103169554663,0.8063317418493601,0.40962247581973593,0.28996432815938766,0.39177061494271437,-0.2421155856459649,-0.5316788344520654,0.015549555128894768,-0.011447014646232576,0.22194595768633732,0.4607190961837333,0.46866889299510556,0.03593517524554274,0.3280689082459921,0.6789159612955037,0.7024598954182126,0.43052250346515303,0.44291869046397403,0.26635384654788336,0.6716474071407751,0.45098816243321466,0.15240706954392438,-0.01427818700159736,-0.2657978260080068,0.04347296260547953,0.08135524622996851,0.48071268012875434,0.7399375217660299,0.4483840543350823,0.868866126398831,1.2506942004442485,1.888906192345589,1.8954098696745545,2.142713255429667,2.3907311147404746,2.629448559334681,2.231341088471343,2.1052077915983918,1.9504098454391972,1.5963447315771895,0.993340182909269,0.732438068072712,0.6805127518051547,0.07090256793292775,-0.044868868269562205,0.25555429018647885,0.833596811579141,1.4474452803267195
-1.284954644096925,-1.6343474207486346,-1.1528558364529895,-0.7327707389556456,-1.017034722698706,-1.4504787135413355,-1.309911781167987,-1.3579584974214522,-1.2375822794306515,-1.25835760433521,-1.0860417554411606,-2.093711100096128,-2.036000977654315,-1.3813924494448264,-1.1288254794540542,-0.5620609425749329,-0.136194727409678,-0.31828523252818325,-0.030388236650947968,0.5516618446736868,0.15205965422363335,-0.415593637916656,-0.30385561714432235,-0.2222853989872994,-0.49727206900805043,-0.14807781515770374,-0.2525660243760402,0.4804919793532198,0.9973145737959983,0.3767855252730487,-0.38619913122467764,-0.5594913836289083,-0.8700436337559045,-0.33980302450749517,0.06991533265756315,-0.1836974042222994,0.7322801930305399,-0.18441730711778945,-0.2615622066340135,0.23589474602298088,-0.18502492353692776,-0.6534584949286423,-0.7915657788068646,-0.5310467359872427,-0.6653201945758167,-1.1211862960298893,-0.529675955611189,-0.6509239408983438,-0.6495853554350829,-0.26246971215430837
-1.7223379192800476,-2.2427291255404787,-1.9399596298497166,-1.68921176030187,-2.185699872452655,-2.0754596380717123,-1.4973767185447504,-0.8022808413088597,-0.5654212773145005,-0.10222805145565796,-0.20521938561136127,-0.2552902571688888,0.40079757447257264,-0.45499915247631545,-0.2013410565116077,-0.4907699915851203,0.18638715431859507,0.22205631613936247,0.5709537577522888,0.9792280501979145,1.0408443487033652,1.5016716405947863,2.1083560555613765,2.380345346530869,2.3554790669183054,2.2425004297064066,2.385616448732411,2.147402359990006,1.2057320165226584,0.9945086777007736,0.7301395120555387,0.6532063363003892,1.0042745811805425,1.6225377046584712,0.9346831208813952,0.28436318011769396,0.41797833255019573,0.3150189736998289,0.8777775579486802,0.9477816792661752,0.7409353755739339,0.6118143192010833,0.6165631263684009,0.427097101233191,0.5593360049556308,0.4361180879510582,-0.0357801081231852,-0.32707223186545714,0.060063315799668504,0.2906537058933822
0.6887001525392632,0.3803324091846624,0.24313147592478196,0.013372745810322583,-0.05498209040343736,0.42667283756798186,0.144757714053368,0.5064461180057956,0.5909491991578182,0.9461395103088192,-0.2283145034700186,0.5004798352658927,0.7219214242768802,0.7135522866241576,0.6058653767190448,0.6009273138479897,0.4104522257785607,0.7464625257040236,0.05590104559737578,0.4702784378318772,0.6537573761588473,0.16544846079161887,0.39237244369338675,0.08813687636764968,-0.09347179727836406,0.29877347220782186,0.5771594610951718,-0.4022984255634834,-0.2703453136580183,-0.03263513786637342,-0.4195239608387985,-0.23040194735592615,0.3052944417895791,-0.27661842128603026,-0.7825772255368514,-0.6605540166006706,-0.3879557380703903,-0.5779261062882453,-1.1261793241511133,-1.1177687915648562,-0.3407627453449311,-0.47641353214231436,-0.28275006465341485,-0.22532775905477748,-0.19933383170633706,-0.26335402565480975,-0.5267794100380087,0.5485018214767543,1.6499085538861926,1.6170825801054016
-0.6521509028947181,-1.1122146655344916,-1.6406389035158355,-1.4957844487113352,-0.6536298060398334,-0.4776544565320318,-0.7244879915238644,-1.4214885432931155,-1.6764184334559022,-1.2631172780241935,-1.439490315348471,-0.8060711580289978,-0.6278554331796776,-0.22077830448522243,-0.22910592895193369,-0.1706290587481283,-0.04119141323073698,-0.5158253860239,-0.010995902808452283,-0.01122998257375498,-0.38823187447795343,-0.5191945082734658,0.08571113556380046,0.3800897708796988,0.42522284400589055,0.42365272744431115,0.36541157713117906,0.3364364192846905,0.5153848454486434,0.13710249506139205,0.8701035087505887,1.189793205528114,1.1772294483778758,0.8774679945124453,1.5954907561642608,1.6829908234565953,1.7363183854647848,0.7439054597348546,1.1691129231300137,0.9842728837683108,1.155452737334011,0.8871750794033149,0.37662037307062124,0.4359686630207558,0.592591706947291,0.2197965365377597,0.07884242609452777,-1.0482847524021912,-1.8095766297786153,-1.7584798704966966
-2.273020644171157,-1.5704888866359856,-1.3460763398680566,-1.4234653446753833,-1.647143285187023,-1.378077374667296,-1.5558573566711118,-1.397514476231432,-1.2993945341070614,-1.6475343679322974,-1.9966491490098215,-1.898934587848495,-1.8175280242910208,-2.3663169222997578,-1.976419369891971,-2.0923092788629254,-2.411714944154432,-2.7537263428795815,-2.312135348717481,-2.6777900476213454,-2.267397379736567,-2.2889511677607777,-2.183434158982229,-1.477278530855565,-2.0599446903427183,-1.9739803848299542,-1.5851456116554945,-0.8698445522534152,-0.9549292844248677,-1.8332349990497214,-1.2682693622085193,-2.0328050760809697,-1.9236981290820356,-1.4646648024490951,-0.9474451079883203,-0.917378037474753,-0.7950584867227711,-0.5277362594365732,-0.2947238049349537,0.2528618245162594,0.3230723976127899,0.07806011750905098,-0.20258555104259773,-0.7066882192971643,0.14994105370790692,-0.10134530234375376,-0.572179617280981,-0.9932589999777943,-1.1563556213332962,-1.4094329764039752
0.4015326648074479,0.16752969672959725,0.6764583048234075,1.0558710355387626,0.6957452777912565,0.7033930182989442,0.3563947260175266,0.6345802185615429,0.7015413079695929,0.7522028525196311,1.2713648059442115,0.9386725433246633,0.3436378230916318,-0.1761051440310041,0.024983479220832754,0.8101616140438214,0.5233923725649413,0.3260973947838042,0.45356381842071786,0.3193092386461474,0.46946337255399234,0.45759536539514706,0.4845558398981893,-0.5769831783038427,0.09416199919290416,0.613813283935082,0.10892895481700872,-0.7390553584539368,-0.6760069843377492,0.5857212830050045,0.33335239883377243,-0.13647181929342608,-0.3234010481478397,0.3252717167573811,0.461289894408354,0.7594995533756507,0.5126683055234301,0.2792713638737859,0.5566091514513856,-0.1626405952314408,-0.49557266616309054,-0.9568349147611805,-1.140512234222646,-0.7595998737555165,-0.04787109833206626,-0.12341907580752945,-0.833006750640408,-1.9252095446338375,-1.6286210663871543,-1.3730320341526294
-1.113532196996864,-1.128068048157164,-0.5973494062737538,-1.1431598729596162,-1.229173034453426,-1.3167812153819811,-1.644711323453104,-1.762221294941635,-1.7371235565888692,-1.8211171099492889,-1.9879303704768205,-1.9470713368893604,-2.248139250023227,-2.4641881095765252,-2.114824245122733,-2.740604679810731,-2.68471373427306,-2.1495022605452374,-2.4147844510810406,-2.540026181309762,-3.232982161817983,-2.297442068937432,-2.2845361142813516,-1.753438043415741,-0.6723549977322242,-0.4258985686472121,0.12405661851304911,0.21591732666938357,0.06718358269806637,-0.06295719674626615,0.32125935538059397,0.36851818577361667,0.5570556894988277,0.30639173251721236,1.0443793722767727,1.2286457314338537,1.2830562792256053,1.28881496829402,0.591333236600995,0.5018746765688331,0.8816326574389515,0.08599061608367842,0.02627832212233978,0.13739918107079732,0.2246856979129311,0.3122481177285739,-0.29963153100660556,-0.5206012534128431,-0.6546665029302869,-1.1722584465188681
2.0005510590030644,1.1019297408425865,0.5944542516923992,0.6489618610919338,1.2116274021363866,1.471659414850498,0.9602727678277992,1.2808021108578558,1.8730150538283075,1.4705059330072339,1.3423072719988955,1.434511888756208,1.361300095970247,1.0597018522960462,1.3331534595315913,1.5744933624486899,1.4609984151448503,1.5487300338762626,1.8390672976517217,1.3332816393762257,1.0374294337709355,0.8479783332233426,0.41369010117340405,0.595816989665532,0.31170443776772727,0.39549443863243955,-0.07605890093383709,-0.1999050657171592,0.24340069084650942,-0.049442990638066765,-0.027109779780041542,-0.23065013690045694,-0.7659950616621326,-1.0401485176479148,-0.3508873420093414,-0.3909007045857132,-0.8354402128671654,0.05472382921916504,0.6778395193934439,0.3278139991821196,-0.29116902390649807,-0.6835683978983935,-0.488712895180997,-0.08405753542309972,-0.5331783920413847,-0.4308201677221462,-0.5782029484611623,0.11905862462368204,0.25137705359288204,0.450380586419123
-0.6078584381395847,-1.1282933724705901,-0.5436605995889053,-0.1103787330320441,0.07260215672061616,-0.11477675197033126,0.9775683674587822,0.7419644624141019,0.6541439996376922,0.9221616425131581,0.6302623510637332,0.13116846645121508,0.10742334377902721,0.09856052773188377,0.6044326360662734,0.34809843523816814,0.29381244912839555,-0.08666325948112623,-0.05446922652937747,0.28247467150189204,0.5575926755057308,0.3554356377254306,0.45227645095873115,0.15604567356303597,-0.17148441386960525,-0.1228120801702766,0.5628211572125293,0.11292685592746732,0.24830124250341823,-0.2756891646126737,0.08926067672870562,-0.3048110823118621,-0.19652155127823312,-0.42231288177598614,-0.9494045206213947,-1.084114718987168,-0.6943798010622174,-1.0091509122154763,-0.7713469181668475,-0.9315315636767806,-0.4233475372033756,-1.1745149195331215,-1.5201860042337663,-1.0723523832884636,-1.8366633525585059,-2.0508818701338356,-2.1423866372191664,-1.836950029266113,-1.8712541271977567,-1.5688736718434206
0.40586748361332475,0.10578679348887228,-0.069841176318014,-0.4278282948338745,-0.6593607810865539,-0.307280079446568,-0.6747021979725333,0.07167306324772241,-0.7013739153753918,-0.4334360996083796,-0.9609377312241244,-1.3735915806278571,-1.7181970080744033,-1.399337890082941,-1.3153330344620968,-0.7291396453116095,-0.8945732864369959,-0.6198636431230373,-0.7741427025515735,-0.42329279091190236,-0.998789113709577,-1.274586248487799,-1.6584062073679668,-2.146146640605431,-1.7044859112943953,-1.7367515103244584,-2.1194276776348833,-1.787170569007848,-0.9640188130112936,-0.8029171882632787,-0.3669878263019193,-0.12732274298072227,-1.0892558987382888,-1.8321072831360419,-1.3618264036103578,-0.883441929066567,-0.6396279910339733,-1.3792661700061934,-1.0796408742384236,-1.1672638301645664,-1.101515369965559,-1.058078333607803,-1.3449851071182533,-0.9963469765741436,-0.9450193201904052,-0.6356269665014015,-0.7621750525218488,-0.5465791993352302,-1.092743072003237,-1.3266115326815429
2.55991624723342,2.181386845349584,1.9824800181843334,2.5106453981179784,2.6860163469422433,2.596043165716037,2.4368498784359423,2.1163232666495295,1.662670113362322,2.227346678748091,1.773633838866857,2.3350202509185967,2.645626033260479,2.6027169820605662,2.28390547574336,1.7389040646574572,1.9112860931697784,1.2478757465608836,1.347188547126208,1.2808246351939407,1.633808720844393,1.782419773589979,1.3066429646161821,1.8094623568553418,1.2759639037238808,1.1101702315377837,1.139741336318381,0.9086483813561927,0.5432584326277615,0.9970688578008132,1.4317376271157252,1.0453898005996864,0.7761527464548924,0.5055865410759757,0.5648723444820145,-0.009621505474282841,-0.03576943246469098,0.013452521253943197,0.14601789116135738,-0.6322169291051914,-1.1789765610898026,-1.1403367134595936,-0.7359076518879804,-1.9686047348210867,-1.844325877806308,-1.4198761026316349,-0.905977460139499,-0.01685265374518341,0.44070867282371706,0.6471848507301802
-1.0215233101017869,-1.358323422959613,-1.5089291322628584,-0.44287827662292306,-0.5674271825412928,0.3201881053765874,0.12863041806045147,-0.5373977036542298,0.17351241210755672,0.1525194121472155,0.370826562615416,0.4484968133699198,0.6145733181192258,0.30028072990660376,0.35742901877554406,1.0977292525967741,0.5569974503903338,0.04821871339347587,0.024188453071450015,0.30969184984648757,0.3824157229621273,-0.0878842380607292,0.7808159151970531,0.8904642458157287,0.7307679606254488,0.7183813426850155,0.8939481014110461,0.366097153143867,0.5337631884367366,0.512448758400877,0.4410522898303109,0.25908223014508686,0.23779379849104273,0.19617656521907784,0.19733036799678227,0.2754662847343499,0.2609958194687729,0.1484577749248096,0.18223989767112894,0.184529699852931,-0.09411265059871753,-0.4077715047893395,-0.27659184120581026,-0.45081986133151214,-0.5328270211377943,-0.35827910724806517,-0.26417783621241053,0.30215434257536866,0.9578326198348532,0.5895518254963487
-0.29943328005151,-0.24209243634018368,-0.5822137161664456,-0.5162768342337559,-0.2995240885498989,0.10880092888033668,0.20102523490582314,-0.010673174227678424,0.0895485852843206,0.4947770691777926,-0.4916832703705811,-0.6791775194151782,-0.662952908498241,0.0866545457548011,0.5179479603387104,0.5098612461405884,0.4346364102857655,-0.28936815559604634,-0.5310261855163625,-0.4222907928220919,-0.028566667999081523,-0.09095099027434668,-0.5096603033904965,-0.11708406706783835,0.30266143318126126,0.29474359802398203,0.008021518710615476,0.41567214898356003,0.6540761507741109,1.3596731635156383,0.809028214957374,1.0340210420097566,0.756488476728176,0.1662598473295126,0.7726613589927933,0.7638824201837353,0.6471550229944601,0.37823022807667195,0.3412117094388856,0.5961316791896834,0.9756031322610073,1.157636049967948,0.9611391453587443,0.7397282837953539,0.5391351182662286,0.5668858750611088,0.7994463431194179,1.1927070506463604,1.0700845131752987,0.6638669656279629
1.258566789952064,1.1977628614484557,1.017326868998019,0.566401688131046,0.9401594917109871,0.8366103110114823,0.6443240364502011,0.6720865154772786,0.8731477464368206,0.39063015878806095,0.40027454975872506,0.5809576479722828,0.34581717038485393,0.448214077259327,0.6253262429748571,0.15915698941737175,0.12318365261038397,-0.5069535346573555,-0.2426313219314034,-0.6944387125397845,0.018577140212224823,0.30155471324875055,0.6925077664597766,0.6811200978964359,0.8473193595596467,0.7488197883934443,0.8519145410375091,0.12897997457692714,-0.24198422916932139,-0.5931838957183643,-0.5058543610153353,0.17406250185765135,-0.018384422569981067,0.0324856700421109,0.12771224000408754,-0.298171304329683,-0.5066353790433873,-0.9274849171302484,-1.6322557907789748,-0.8392439301106552,-0.6911286286426758,-0.35678868281775566,-0.39434529622814946,-0.9600597302584419,-1.268816548984062,-1.1695151434650826,-1.0775720963771136,-1.1040938842219021,-1.2273968725721371,-0.6624762141714272
1.3932345668072517,0.9585666149156175,0.5896969511789901,0.2787953957669454,0.37255873974612963,0.04596219678005862,-0.48886492426333517,-0.02335632605961567,-0.2886092311095349,-0.47618142854643936,-0.8339157142508312,-1.2155668853122754,-1.3512437289235626,-0.5952739313889845,-0.590492695808345,-0.3141218708802096,-0.7287559996675836,-0.5539279539204611,-0.7319230858117509,-1.6013482633855651,-1.5726636633125957,-1.6903907011138433,-1.8174707605344556,-1.0910759060953847,-0.724771676531942,-1.3482384570251649,-1.1964801019706708,-0.7596793421697194,-0.40202743156998705,-1.0512733587383987,-0.18061692937390272,-0.37689117570235064,0.3158889482385969,0.5510350705007963,-0.40100491183547404,-0.29689449616518965,0.041283264114710866,0.39479045137740676,0.46493232917238114,0.7749762000440756,0.771601418913306,0.5967877526677664,0.5177141942153843,0.3662443965587434,1.0304562125915793,0.675018731280375,0.4410242199432338,0.12987843596182197,0.024382034511517384,0.20527023679243936
-0.0835422355952625,0.23554179101164516,0.2808803567608748,0.3317922231029568,1.1572345898446064,0.895105336465643,0.5060612914793154,0.30599811926617576,0.41211402274680026,0.4613568872414033,0.1613650130534265,0.2062323416571475,0.6125133068565862,0.45154266838112844,0.23898021151957644,0.23358127904644377,-0.8672329601785477,-1.6242449031377837,-1.6191540740865382,-1.7918133674792571,-1.1978884533448237,-0.6630035759595403,-0.7048159650357781,-1.5022530310786106,-0.7124855239557243,-0.16615208300553144,0.030775726188536485,-0.12452126725042481,-1.1087989576547432,-0.9955026219944928,-0.9921439510926118,-1.355305163155711,-0.9668753313238279,-1.6771148166808043,-1.8830892775966646,-1.498113216055678,-2.183470731710389,-1.7480415313130928,-1.0674852998814268,-1.365971826414568,-0.9772400441588681,-0.6665114451671114,-0.035665478637200335,-0.6321126253168224,-0.43642698367551575,-0.6870196136124517,-0.5312348682393424,-0.7144687209289844,-0.9763440157526514,-1.5792575375924305
-2.659387104052964,-3.010794190031485,-2.2198084138182557,-1.811016246462242,-2.437471546213669,-2.080585156020184,-2.0934733120035607,-2.040622872642193,-2.3881738870182416,-2.9573560710011564,-2.3808532177328368,-2.0504167103448974,-2.09049091333915,-1.8365947045522228,-3.08737409506067,-3.051216908205863,-2.998836900160847,-3.2282082222705504,-3.040916435546184,-2.8314398368690066,-2.2266189262160445,-1.2677816544840703,-1.4559503314681173,-1.0914944000116986,-0.9242033460655658,-0.17484060672651774,0.18259535992376444,0.6677588002468883,-0.17977153364770557,0.576581859787134,0.17211003397430025,-0.16902384275073076,-0.32292019373102737,-0.22750177043256792,0.1101992994647464,-0.15722260228961954,-0.0414923554114273,-0.029081679804902578,-0.07440546750629275,-0.5695572968938472,-0.7872305389237604,-0.7683295538537235,-1.251049638276778,-1.785747396076283,-1.7638144981715513,-1.4880815146024082,-1.761436479372736,-2.4881233925536725,-2.3596990979028525,-1.5443395598846619
0.4854679888288423,1.2921164854691987,1.1022059028232722,0.6485225947108708,1.2561771123641527,0.941191832970751,1.3508579646933943,1.781557868400907,1.5981321219089517,0.5539743308754252,0.42176850366001056,0.28580481919727063,-0.1433043337460843,0.002586891155595153,0.4799151254017062,0.88170259183376,0.8464128016588122,1.2604644330892625,1.1033841054413438,0.8271437877805312,0.47120971128922,0.6833869737128327,0.9512778480036698,0.7544682709488314,0.449814021305576,0.3225582751255797,0.4083962343310223,0.4487273726989548,0.13039188324999232,0.297097889057313,0.26812408351577877,-0.10555628157275865,-0.03341609160462662,0.30049478984040096,0.45455454014571955,0.17846774406644741,0.46430044858937014,0.5408275283806434,0.5005708589961021,0.8002365729359804,-0.1723932778445954,-0.3992752062102182,-0.32849523066585573,-0.5588796665992708,-0.5998688436155489,-0.3478391482374019,0.20584632911267176,-0.7017189252728548,-0.9164969644809227,-0.8629604180712314
0.14203056427882152,0.48436689842086544,0.926260003120326,1.2215271106884353,1.0931233383642798,0.8801476251675584,1.049351667430219,1.237424085018258,1.2276361207587931,1.5905869655301748,1.6199596155251574,1.8970290134713121,0.8297392921229326,0.7141712984330834,1.1193678719579816,0.6580994585508906,0.6807953073618749,0.2309340187168177,0.22232644078825778,0.8517170112958032,0.7957065569972159,1.2118837681815076,1.1141496927502108,0.6639972479303888,0.7196363032011119,1.2676646454072598,0.8282626743862154,0.3626285380096011,-0.03861365251585459,-0.33804551114321374,0.20591114676120528,0.23758041938898317,0.12113724378840261,0.08864873768953412,0.4062988779164629,0.13642673205063194,0.24346337645976238,-0.03850111635046299,-0.0983123080708092,0.15760937992360008,-0.2479143618217759,0.08960078553589505,0.5891546680696881,0.8289476537872799,0.8672501509918343,0.7491753208971385,1.1062153923992737,1.8414368185262415,2.662888429707837,2.0330847267929344
0.6488067629642994,0.5411671633215831,0.6429770267331466,0.43258279277392764,0.6512530067730277,0.5396768642978708,-0.28392544316462043,0.05355619805524246,-0.29150789189144166,-0.17275633679814192,0.03994248214893873,-0.5575681244718778,-0.6106309715756436,0.2649726535586207,-0.3700367383720235,0.14100721089136306,0.35578383049862355,-0.22425218560254764,-0.24765820220767196,-0.6138048527365978,-0.3241030576249985,-0.3830037959083405,-0.0493823486999744,-0.3827497240531318,-0.1167550383289447,0.16752332244840132,0.2302959025051746,0.270325003473388,0.19275344977525274,-0.7505759078665748,-0.5251020946355743,-0.9172065011640393,-1.6557697623515182,-1.9055183900716957,-1.539324548025042,-1.2784809362276595,-1.1998070963775833,-1.2365147963072098,-0.9148500311167915,-0.7877317386691222,-1.2910016310038057,-1.543537857370074,-1.4811887403044288,-1.8891934590213106,-1.7370110868600275,-1.1893137075601885,-1.226316649600763,-0.6526603966029892,-0.19757494869695386,-0.333743837083052
0.6226922274596224,0.7250873565707473,0.07543610856193442,-0.2096081968915758,-0.34293058797267806,-0.08319020793855587,-0.19883095445192406,-0.014743900802781465,-0.5444929485539222,0.460006015578958,0.3992443061216087,0.4762369761044517,0.12551062306826882,0.021282738175883307,-0.17497534984305296,0.047520371149843255,0.27228764765544833,0.5952502366579435,0.23903973914398252,0.42545429503690235,0.08468838645627698,0.6843495147243367,1.0978142582385666,0.32536465100773215,1.3461854987354143,1.8156772878354688,2.1127747285344896,1.4143782536829361,1.123864417871509,1.3269374538274097,1.12493624739535,1.7043779531670649,1.2898780959673215,1.7606893516705784,1.8656386821399267,0.7116715549070534,1.016407647307293,0.7836275872668649,0.7459689351820259,1.0427735611511593,1.3785968245732927,1.1202371939550764,1.461490442761473,0.8010028182663148,0.3463749644585873,-0.7368990934181375,-0.8454574282770613,-0.5569532195409699,-0.42202340146580564,-0.4286251404465621
-1.4420966402909434,-1.090514473870178,-0.7403324010981145,-0.6313727044071913,-0.9865864710338186,-0.9674162694027848,-1.4200849668875408,-0.9946111566146625,-0.9294200035316806,-0.8679954010960637,-0.9694199425099547,-0.9163822781214636,-0.6207165776533429,-0.3458227130229084,-0.14628518275638686,0.0558061122864327,-0.16744534221365615,-0.3829013302999126,-0.876562981496732,-0.5951326028984103,-0.6323991504743188,-0.6434895996744101,-0.8333900493369969,-0.8073153784083494,-0.5167416208645979,-1.0041539156319021,-0.37131622803502495,-0.6982398475772508,-0.4430443032660634,-0.3921305006306318,-0.7778028858331998,-0.3169366243628517,0.44138144658694434,0.5528658086701145,0.9503376895368946,1.3051911069326014,1.9252995057879088,1.8156930159493672,2.0915230347743465,1.874422867354892,1.5778111836886415,1.5627927784301578,1.206135658950995,0.48654626202974505,0.0012354268345615635,0.1280539800738992,-0.4913164835995804,-0.5388737040507012,0.043758441791163824,-0.47897348395425476
0.14127882691625893,0.12041226842057874,-0.42488271437724395,-0.7132866789350862,-1.1674605529806665,-0.7022364886124901,-1.0749962009683112,-0.635240654140407,-0.28659263631867277,-0.005379308500853447,-0.6229490600768455,-0.29435342765790196,-0.6103245181040551,-0.5310236682516726,-1.0058617612204748,-0.7805316222284094,-0.63684845976819,0.15606287774942004,-0.10650683248979487,0.14370309666449135,0.7126133387612024,0.6520759184159438,0.08034815706252012,0.10550104415520363,0.4560145875438877,0.36463946108061907,0.6425471612252596,-0.23915100078099205,-0.3056014680464309,-0.2001197050945963,-0.44376988829052816,-0.1901235975690657,-0.5067771027453933,0.0612121773723187,-0.88502436707051,-1.3411077453394857,-2.0084206226678334,-1.1772418899027235,0.10712637568180847,-0.0695497511113176,0.2783538543957858,0.03127629574498828,0.12927746679270338,0.6447663664078673,1.0382393792663565,0.5920574325782405,0.26910359095468367,-0.2756387574020024,-0.4514718651184967,-0.6348470748623849
-0.18005412316316127,0.07665096264924008,-0.6937675076855234,-0.2587679265913003,-0.4878735939224324,-0.7728003479692975,-1.2139434646905556,-0.8917364386090059,-0.2941851476199614,-0.45490203750033026,-0.5757555667380707,-0.8416341008047713,-1.0892023846927454,-0.986777168317428,-1.171728911088492,-1.175761589952608,-0.6596142835676293,-0.5522952558112149,-1.055008351600967,-1.4695467240343338,-2.3946973823129736,-2.557132088075728,-2.57388449347735,-2.4014544093217314,-2.3910112829661574,-2.9210419013966797,-2.6970716581692846,-2.25428520333112,-2.881140858284094,-2.7877586555872966,-1.839611607166174,-1.9984055666224096,-1.8328573567398996,-2.9968034715622958,-3.0632376187733388,-2.300349926334218,-2.866270974277118,-2.537150584471835,-1.8690133410245289,-1.2289326660179853,-1.5447760343945987,-1.5899626517812995,-1.8041768473447986,-1.5525269321665163,-1.4817412884138244,-1.7015021518574682,-0.728336726304598,-0.6907343442511454,-1.1862602985563397,-2.0875763216612278
0.2873792871409944,0.6821609850760367,-0.016318138303929083,0.14652310701762827,-0.83583093142243,-1.0424351116277062,-1.3250399476106265,-1.8645264429514032,-2.0638752445398687,-1.9841727595851357,-1.7542370804403218,-1.2884649540014241,-0.9081244854269965,-1.6119979638571407,-1.8571956709371957,-1.0147578807620075,-0.9815975326154244,-1.1334442189297973,-1.3835653675826547,-0.8178537530298451,-1.1693242550045968,-1.9021678579600236,-2.1572725851960923,-2.0368572089848085,-1.6484717783778255,-1.5656281641911842,-1.8905473948258222,-1.533572715480057,-1.613549033173569,-1.3906662525364895,-2.056677286884909,-1.9763097684368522,-2.169664192005989,-2.186901047926605,-1.6559843964809524,-1.3586778479938015,-1.2125992422990846,-1.665285338491996,-1.807133761504218,-1.6929832333737889,-1.4301216006388322,-0.967880939857986,-0.07308584336754595,0.28446441364061725,0.43308797840621127,0.5912068336002634,0.08551092057495087,0.35920113530459236,0.17632320448968988,0.21589361300227872
1.1424791169448554,0.9609911614634644,0.3661830463641443,0.3629834079009909,0.3131828349188885,0.41925389995111734,0.7313585674003231,0.8608951996808535,0.8427486261143583,0.9890078949096978,0.3161296908451503,0.638920983530383,0.5103830409039509,0.3215302679997363,0.5089191973790105,0.3715138183794585,0.4340492286641068,0.5820441931098583,0.8027150751736616,0.6412872688681001,0.3838429328123022,0.612471977384481,0.6474740026314499,0.41566132727229443,0.12745388277614186,0.46853077077220306,-0.2061185394551416,0.5037889851728997,0.42768725744703673,0.5964670750885808,0.3883638060679517,0.07844803807600488,-0.26711026188693804,-0.5225132034258332,-0.4125648151350733,-0.5911977728287934,-0.41745189637335733,-0.567365279413663,-0.20658008339899456,-0.03853236641306839,-0.1269777636818313,-0.024791292586003964,-0.6677844557795377,-0.3294647236557903,-0.24479875793053407,0.5310995842151717,1.5466998263736684,1.311812086434599,1.1427113712996364,0.6077088311408507
1.0427271958464153,1.2511221867656859,1.2326861739112605,0.13022008217719216,-0.11323828452173294,-0.43570853692898825,-0.2739117753393196,-0.4704210338856803,0.07708319125557803,0.05736913851067536,0.37194569117086396,0.3473429278339131,-0.15165487509110054,-0.07106655639310619,0.6542732780790566,0.22418829598547804,0.8564000500304817,0.10201322487559897,0.32811905630413,-0.0033344900024949733,0.9127504500606355,0.6298456420317212,0.9920349679416167,0.828320443302973,0.6515163980560253,0.22166169895685892,0.3818414341430205,0.892747446125948,1.3857868919782517,1.1398722637789476,1.1455436054046393,0.9780052745355801,1.8666016645487853,1.4990580859549965,1.7560978870876505,2.3297902668407815,2.009072303290119,1.3513105914075523,1.856895723426476,3.035666906227302,2.675279400262437,2.1866027859765897,2.2472563869867592,1.939237020359236,1.2386186323259516,0.9888112868863429,0.7955665960640887,1.1402016256253886,0.4887877380539124,0.011363726071134232
1.0620552089917117,0.627068669938583,0.41810725714375824,0.5090964215577181,-0.18857699523373755,-0.23707915752423753,0.48693093698868906,0.20141071777342945,0.06327677306409665,0.5575168493563607,-0.619387809777324,-0.7211301676569163,-0.7585174725511393,-1.1754381348006595,-1.7002271396547908,-1.7073566729066223,-1.7942115504562934,-1.5226148879871795,-1.006754637767842,-1.127335012197357,-0.8612676676066205,-0.29339961141884485,-1.047061659821086,-0.5408007888787245,-0.7764161984567919,-0.5941460134074982,-0.6970030540416947,-0.6114163968281994,-0.07647949410622867,-0.23402741590413415,-0.041484920642850864,-0.14947577829994296,-0.22764435336535438,0.1638365239325554,-0.4133469101972359,-0.6860618536456337,0.006455084244195752,0.5151014825946388,1.3550203954180426,0.7076672651982178,0.4071531380134262,1.0359340210294297,1.2770645544974604,1.2754570021082174,1.2183574627176865,1.4681913803454396,1.3881111679310552,0.5316264026622525,1.32179891261322,1.2551201375058114
-0.39427216083890737,-0.3024959664904528,-0.5898348303935124,-0.3725769063008514,-0.23298111574599456,-0.160286820113147,-0.8823744646915554,-1.1844010976632946,-1.2651662902716092,-1.241187394676447,-0.6994182744020254,-0.42623754123318924,-0.1595581247335843,-0.4905498963090915,-0.2344970309905531,-0.501560952493303,-0.48152778397542806,-0.5819073276940996,-0.2626788198905969,-0.7435426530272985,-0.8196117014512675,-0.6106764432783595,-0.4596935044613004,-0.7311928214105111,-0.043536760288791575,-0.39012375297579177,0.002584407577866458,-0.19098863220882026,-0.3057329263323885,-0.44852573276935914,-1.183306093118501,-1.4182902875290597,-0.9526655884754788,-0.7503565449311672,-0.5483361906188357,-0.6552578385754014,-1.029235557433432,-0.9454536951189908,-0.4566642598487322,-0.17064463086540793,0.23039700764803617,0.5145521865587177,0.45350552424104723,0.8068607567100482,0.4241827142321517,-0.3428758276695637,-0.0897437554789566,0.2421181612339924,0.043525311223457486,0.1369296295412755
-0.13070259582828656,-0.24556300541977819,-0.13811860039310436,0.23788764156624012,0.42381458301515096,0.8713113911770294,0.9294242711537691,0.1503430911447221,-0.13821402051117251,-0.02871269865334501,-0.449861091456935,-0.4983522156239804,-0.695921328068384,-0.8457816777939744,-1.7942960631387228,-2.067679727968044,-1.432024405719932,-0.631762297630149,-1.0796819917469864,-1.113486586357961,-1.2971318053515186,-0.5657646576222884,-0.2412420736960853,-0.5093591224434236,0.1018637307085523,-0.04010736824128107,-0.47439374122559436,-1.0815898899987546,-0.8091983444286931,-0.5015957848143081,-0.2451294144609691,-0.11987138016845456,-0.4643825138176665,-0.961300364178164,-0.6162754841796518,0.045847657004664116,0.261734474368979,0.6238300109229507,0.5466488135014981,1.1797447781608679,0.6833414631616481,0.6664894658984526,0.38793420107077814,1.0586678060523969,1.261469928282567,1.5188610912564204,1.7106565648009127,1.501464207942993,1.1891115926874933,0.718376111734744
0.4057415412069865,0.23669347565081778,0.42683947313972553,0.37261141879394655,0.3320151055418605,-0.0442696503747657,-0.15332662628732877,0.3635721063170887,-0.06474074167732913,-0.15368172392962548,-0.39748605772443013,0.3354730613594003,0.8839554072517026,0.6595109383891384,0.9607402661299238,1.714200716147968,1.8122374991735921,1.816676232024007,1.8283527166680358,2.2654934092359547,1.7623583796741091,1.871315488904234,2.8923074195690384,2.4653527379098144,2.699354875350593,2.100527633191544,2.023887196333631,1.608366281652604,1.3209667747615026,1.31782054317056,0.8039856286846697,0.28054861189921926,0.028392443509850675,0.3773484711572962,-0.15669532082730236,0.3635656339875118,0.1248357118183372,-0.31526973446604145,-0.3575925198247155,-0.14481064316264006,-0.1317568702318524,-0.18006444042930286,-0.20661826472345984,-0.11875450227344443,0.7504025873744096,0.5722228832078018,0.8304940798736326,0.981363968921307,1.3102435050826082,1.8019643492767405
-2.0073750946743183,-2.406787913811444,-2.289587823094129,-2.276570735234986,-1.5510526849506268,-2.315701107445981,-2.1098484303786216,-1.5412181596469785,-1.5314270591782244,-1.7312760016155446,-2.360544684199981,-1.9579405585923453,-1.131395700574809,-1.293465480493742,-1.2483683091513085,-1.205331675567584,-1.3230801550504516,-1.2643315127898842,-1.532981368185277,-1.3609415693366558,-0.8458057351756346,-0.6655451484350466,-0.6624882758623877,-0.290609316292746,0.20226588469141343,-0.2448382369247837,-0.5744582251305215,-0.5566683257927038,0.14780892759428876,0.2651346700023924,0.5344009038810142,0.9281978665706685,1.2175774541204467,0.7784811971590011,0.4901440068804293,0.7186446928136011,1.244391899558186,1.5203303923107852,0.8264458825194182,1.2837445741321134,0.9131385081511685,0.9018553031271999,1.0663176896804412,0.36622633998552523,0.8064459982876373,0.8222181859452796,0.2701955724301778,-0.0928754494930217,-0.300057774243754,-0.7534948387510795
0.6253745293771222,1.2903287758925521,1.035247006344585,1.0240509381933665,1.5845026768913022,1.8706672031893339,1.56474483638929,1.7882331269734055,1.9055768485355877,1.5280254334899752,1.9351479555998978,1.5145600817930074,0.7056257220301296,0.6754714413501749,0.7302879061102697,0.2616795756782865,0.04186949622475871,0.6093206546726325,0.8449967701780604,0.7018446899034912,0.6989561318428803,0.9759338898007163,0.2398088676627935,0.34710661668395665,0.08041489504972227,-0.12061932247553304,-0.24412833644608833,-0.24615962047033485,-0.07879618171534815,1.1642937788818108,0.7003990954571536,-0.06030697227306032,-0.7339676773980224,-0.2774467537311595,0.5019400962764285,0.21303443516185894,-0.08138796363138384,0.21871059141123816,-0.007307240099426139,0.2525636271612101,0.14490419918625047,0.018428968633587162,0.2553853264548421,-0.42103610921640966,-0.1109276920856098,0.0340505497251174,-0.29657682648776784,-0.5643191693707487,-0.4980085426265395,-1.2833038549329685
-0.5499976058788436,0.010757582800070845,0.12376386779837673,0.2737250993385269,0.31384210117796835,-0.5342686699996924,-0.6558388931011372,-0.22679297776116444,-0.7930304304864506,-1.0543641013890344,-1.550683491569226,-2.0465799845804753,-1.7680570607570865,-1.641578769596616,-1.2136728463811706,-0.9620033103975344,-1.2080057537088864,-1.64746656662085,-1.5556198707992135,-0.963161251142209,-0.83521900065318,-1.09352447344981,-1.1359532978334352,-1.2137809403022635,-1.4209588565791411,-1.8773988086858673,-1.5000799378364673,-0.7728970874596515,-0.48142005041423097,-0.8525641077811495,-0.46229527021428674,-0.379020476367139,-0.5693644953824116,-0.6674360757436324,-0.6707641902015274,-0.35369497938021544,-0.9236244757433913,-0.4180301178027812,-0.15781066232574312,-0.3948892682833391,0.1540030790637796,0.01726042070144403,-0.5250865925808029,-0.9387287342418094,-1.3594663917252146,-1.8628115032119439,-0.9438626021821799,-0.9901693151072328,-1.3276425098446387,-0.6976141881725565
-0.07873252057545348,0.11057453823833899,-0.32296869280752905,-0.4400624262200821,-0.24616029662224606,-1.0928451841774471,-0.6465454605315059,-0.39304277705864243,-1.0188242975260584,-1.5460069153622578,-1.269050478651727,-0.8924390859560305,-0.8039337004023479,-0.22061099581634086,-1.5277508013514822,-1.8747587350173747,-1.205608389220377,-1.0230237823914414,-0.9712617774836076,-0.5242545820378168,-0.8175191696771553,-0.5754999158569314,-0.08485086501708877,0.23455974707660013,0.03023933116961309,0.038271428279180474,-0.6815770935143518,-0.7889424727328423,-1.1973506768664315,-1.5629494580535184,-1.011948165824539,-0.19604323391089845,0.10017668352786147,0.08132207977735173,0.9332188069975837,0.018643780987845936,-0.09447317878764393,-0.5711105724282439,-0.42779841560230214,-0.3978863137139039,-0.39472766508757806,-0.17088412821290094,-0.06466855514423295,0.10898379348213239,0.270067848232869,0.1268116763698216,0.1447263514904182,0.269652245324767,-0.11969613769033459,0.5262983476862048
-0.47020120519001446,-0.33656518010386804,-0.842150672328013,-0.49747514535641124,-0.11966014769606853,-0.3073253803277018,-1.18055726972589,-1.4439886236957293,-1.5373294718363975,-1.3541051997311946,-1.262808011573479,-1.261167615051369,-1.0218769252705209,-0.2748592348780148,-0.12258983311175674,0.20247871992106065,0.042264515425075255,-0.7096944774889563,0.21823187384800408,0.2708459923323775,0.6355685661301715,0.5556270373571716,0.2910607536146775,-0.07754080846267532,-0.6410137754607117,0.04482199624910223,-0.5004201754742243,-0.696396652744924,-0.9320338272948872,-0.762142863011189,-0.35842821844697664,-0.4001686566325649,-0.3517199061120239,-0.07457704956067644,0.48121793327873985,0.638775582511028,0.36759913899027047,1.4198933634466777,0.747597545254571,0.7688986463236983,0.7281144207296476,0.5928561565483529,0.18159734768688737,-0.016106765749090757,-0.2669716441407039,-1.0111458449798176,-0.9306281042104121,-0.547718856530009,-0.5741751053362446,-0.7530302692977736
-0.6466745473783432,-1.1486295524092096,-1.453893626125213,-1.0773270572209335,-0.7688442826774535,-1.2632420484974078,-0.9400018062793355,-1.404998042965905,-1.4582979546938697,-0.9544243512956323,-1.1664522146503569,-1.4273840876157506,-1.511660499676587,-1.604711051086323,-1.243903955224869,-0.47145402684041327,-0.20497004386676718,-0.11279213173652822,-0.013802524421269292,0.2877752339169536,0.583332187495667,1.1109713841788407,1.1337556136346258,1.0393891711609071,1.6646672814855044,1.3744250370027284,0.39848443011763446,0.24392779174240503,0.07788565078082693,0.6133995624035671,-0.05268059000775872,0.1309566524351972,0.10273264086963464,0.44700387451360235,0.8011859139153503,0.9832761299159389,0.3795011411902295,0.12306456037750675,0.46136184112197653,0.3625695800588153,0.2542834821635778,0.2924028289399663,-0.20565827282692759,-0.5364048230064477,-0.5134315290806606,-0.5826207935748441,-0.7109584929589335,0.18960174811848335,0.20490920989057151,1.174384116392318
0.7128492872792329,0.3752654656672555,-0.28799991187571683,-0.1566953615157579,0.33239568274733083,0.0407644526597745,0.15845175492563277,0.2776620020938069,0.21326072197255216,-0.07106065365144842,-0.2589463996107744,-0.5578762412882309,-0.03131845017376792,-0.29855561992942925,-0.15796869589153326,-0.20304561413843547,-0.22373209925096882,-0.41148859733139276,-0.7940815463661407,-1.0509659985980124,-0.9799695873199128,-0.8587211099864048,-1.1371172105905991,-1.4098468654191179,-1.7639457557039744,-2.166549609907519,-2.249891466674714,-2.7730372871427695,-3.093418123815485,-2.905159142032678,-2.311908408644828,-2.3233188310264423,-3.0649335986203354,-3.037764235210472,-2.9244789324856604,-2.910055488623393,-2.3242659548945324,-1.9099709706142636,-1.5658426624602524,-1.2528708028911164,-1.0617642209926919,-1.7240762806371814,-1.0534880394653592,-2.0532883964114372,-1.1875563437154821,-1.1061550934806301,-1.6258859231219955,-1.5824921705771686,-1.2598591917504127,-0.9969756290508981
0.42446988133371844,-0.04888993163178538,-0.5379969407394001,-0.4394011922963434,-0.28113168827673785,0.09410223731721887,-0.9114596911448085,-0.5211266661250741,0.016607584834642104,0.1459061966343587,-0.05544103734528015,0.5183157782520177,1.3467349941921274,1.3881954597525776,0.5096573469113306,0.5947827853351186,1.3485314522593104,1.1430351990362284,1.2111781438925273,1.137952241829355,1.1222303805299534,0.7114778552806885,0.4731471031255536,0.49897613069872265,0.5749840031773712,1.0350842219271503,0.8934464591811871,0.9705901602973018,1.1593860370832398,0.5755858225274135,0.8623749405937569,0.6261489438174999,0.5066083147204341,0.16282248894710916,0.630369582542154,-0.6422208259657057,-0.28794148326446534,-0.33352549071588566,-0.030559676978766614,-0.5514242108821336,-0.46555467579283577,-0.5507676195140171,-0.4800134500519752,-0.2595608365117171,-0.701122501098386,-0.7896223222982559,-0.4851057952677255,0.46452526173733183,-0.21316356765580835,-0.5502833344582466
-1.2121250280074019,-1.0028689884757482,-1.1765068316403795,-1.642265070626232,-2.005566329963076,-1.6798747466022954,-1.6197972025182727,-1.348813768737877,-1.5311646048005068,-0.9967055290100506,-0.4457474727465499,-0.30561810782144994,-0.06205253262795185,0.811124977542504,0.4298008620319922,0.4612653592300725,-0.03779978702058866,0.31454594789060397,0.1894868592354542,0.39948048674493847,0.06385644434562923,-0.22078615526396075,-0.11276337440030527,0.5175129895007163,0.6856260684473809,0.30971118154497235,0.5685632188984869,0.2324592185147815,-0.16936307099266742,-0.6070585052148058,-0.5461643140275007,-0.5960265230534391,-0.3918679371769533,-0.041016653998860786,-0.11829917444244965,-0.18640474957065778,-0.24692561058897747,-0.7283576537235049,-0.31197312744282635,-0.8707709851062951,-0.4236503702385203,-0.9475080627834962,-1.5180403335936012,-1.3209715115360716,-1.0284871847071506,-0.7203237913311373,-0.7907542332259032,-0.7921726003921878,-0.7609160135363978,-0.6735852682752262
0.6969365868099638,0.8878324337733569,0.9469774462111024,0.3978743100868867,0.7481958494279918,1.5113096958736985,1.6536087940041921,1.0147630601954771,-0.0818855321419859,-0.2978374654352015,-0.09392358280281314,0.32225491033824694,-0.16647573290362364,-0.28725258292089667,-0.582573232733055,-0.6821834161207346,-0.6697239304929083,-0.9780650908336265,-0.5981512621549973,0.01709342285398345,0.22448959330472235,0.7745602926396727,1.155861163089489,0.881846737491364,0.1655546826607708,0.26763491633020586,-0.09820931939822101,-0.7434679895104052,-0.7913233593851995,-0.07916270936464156,-0.07761409878955668,-0.5067288491800043,-0.5170847538553472,-0.3580340420849976,-0.4006857972596006,0.2982497889363574,0.2544439641443903,0.09430966605386773,-0.053047507794107496,0.1366721219631866,0.1182467817232366,0.5456028197819349,1.0644562331566305,1.3502025000482099,1.6644875401451018,1.7023939747988237,1.7859624756575194,1.2481669523041778,0.5852755004439166,-0.036927797173001035
1.524664211235431,1.7916119114151574,1.0758797900847616,1.3786447843480247,1.1442203475822996,0.4656026097645885,0.4890068934981183,0.10138951852650177,0.732288662310544,0.47922509536919045,0.1683706166817855,0.031721137843557984,-0.042769033911479515,-0.1407068827746595,-0.342488521586931,-0.3183428126251016,-0.5444695150834312,-0.580293718170292,-0.3629829248113398,-0.6163440091518477,-0.12939019818237232,-0.7628846217897549,-1.0835399066926419,-0.7584632856438392,-0.11449195304657116,-0.37803203501923655,0.22013262939988976,0.6385865746609485,1.092070792351365,1.2779251546738364,1.9030678925582565,2.140488529805907,1.9919333780512767,2.4286728155679254,1.7631407465863878,2.064206944499363,2.0974882679770843,1.952958544333086,2.1934620566943903,2.260017999295042,2.287628719410098,2.2673651983731262,2.322380417855417,2.1959897698972495,2.123650198134943,1.9451265251243326,2.1844086407674013,2.5709200987642333,2.327940154712553,2.1396166948132724
1.1796145686566981,0.7680005259680435,0.5336660219411177,0.7472556406127222,0.7737710829862906,0.06438348988306385,-0.6613763669934067,-0.6767314946615121,-0.5234824398048438,-0.7534507228952501,0.003362434059345563,0.42566246369577737,0.23285192894332776,1.0727178498491188,0.18015689176427588,0.4423465502528772,0.19468776303380747,0.44285423466969587,0.12330976015912196,0.03163994537930565,0.35726160355327274,-0.22335412671042054,0.04539824352434712,0.1616267534042991,-0.3002588093478816,-0.7209417902178095,-0.3338171506418768,-0.8725366244481391,-0.7281004571893203,-0.8817976891384447,-1.0983079439671168,-1.3156545919783755,-1.7138425601982465,-1.9018593555898562,-1.6502108576886276,-1.61951961739622,-1.430421199241029,-1.5455442636351449,-1.229932675833009,-1.751201467871916,-1.7103374190814997,-2.036497058354668,-1.3565299468892604,-1.259631151420372,-1.5798206376507224,-1.994788920281762,-2.123121534708756,-1.1549286079037788,-1.2743422309183379,-0.6373287491425939
-2.0714236573803717,-2.0390599033025056,-1.954973225427436,-1.9506984359246815,-2.3599946273354773,-2.3958887884590867,-2.6144477094079224,-2.5211626056941996,-2.822072949780089,-2.41648293287046,-2.6469168443839397,-2.2813351901709895,-2.60785575658012,-2.4980437205693002,-2.0457862606573474,-1.308215619448385,-1.1629323844824886,-0.8676401155521746,-0.39623891810662765,-0.11719583120503174,-0.8165981751804954,-0.26386686391635655,-0.4274338283273647,-0.05962082892471286,0.3982210659889075,0.340373197108691,0.09143626253209401,0.2906228808554445,0.3727021937371261,0.44308461628738843,-0.42275266542194706,0.0016928426534421916,0.501705592310702,0.8491518985936255,0.06748385063436227,0.6517418342752583,0.3462228399545979,0.31482249700141146,-0.03882627410663882,0.09535858024622082,-0.5846889125989423,-0.1888326559379558,-0.10712682009410945,0.36979488417522494,0.785841518375953,1.173504311113647,0.6671013529490118,-0.009084302606309625,0.160081137247241,0.3505086640261627
0.15323814233054267,0.3283023822366041,0.12672709722940076,-0.14952474254267956,-0.48310253292083954,-1.1361491617177137,-1.2279910390751108,-1.83129742964707,-2.0196202510671526,-1.4341608060415283,-1.5385270438994898,-1.1798934209616536,-1.772410977822186,-1.240128803545248,-0.5007888015345784,-0.2490101616939645,-1.3049064380053421,-1.0240086135465387,-0.48907606183686897,-0.6809617440591975,-1.158079399777654,-1.4177739344625324,-0.7923661727488497,-1.0037645922169665,-1.1201510707030675,-1.1099922769121993,-0.5981585141414125,-0.7893644706883443,-0.32728559986831257,-0.4473387977017247,-1.2582482882667207,-1.1895558102276569,-1.1310097814077709,-1.4958204857396593,-1.6801843161999257,-1.421586094055631,-0.9720183805140563,-1.2410864044557286,-1.0398006061857206,-1.2922958535570428,-1.5264552303265064,-1.1057248276526832,-1.1326365993250964,0.1718094855783878,0.5992896157789807,0.6771149603812912,0.5816643291996163,0.22794163474093332,-0.24927006025802328,0.041405044670170754
2.428367813642958,2.6002082832844082,2.2647785116630312,2.656100151418317,2.785774009593608,2.4910459292981586,3.2703835757581574,3.2553742282279816,3.4072768152848294,3.835093160253,4.000872630032762,3.7577955123046745,3.7426133180440426,3.3535073187275732,3.7279356977667186,3.6147993773835907,3.4909786900361843,3.281879534207338,3.871821716974218,4.020912840651035,3.9031047539690675,3.881307474327685,3.197162437965667,3.392035675057935,3.0575483097204277,3.0840678807364172,2.9214353163371216,2.9853199236754686,3.1728237896751685,3.279805149913914,3.398256955718992,3.1618931504134413,2.5442950086924654,2.5705360608127656,2.3873603886824735,2.375741056755221,2.105649880562949,2.056303979959179,2.2055136056156894,1.475162735331321,0.8476682582139163,0.7966393810999481,0.4815272948898281,0.7635977682455413,0.7932679970329891,0.5303729442173964,0.2281937456664885,-0.4919265619195904,-0.15049271501513667,-0.19748605742918995
-0.521850912966007,0.0694362026551411,0.10710872539479377,-1.1075769996392464,-0.964296787922641,-1.1846061851168856,-0.9676161940092468,-0.6199641917054667,-0.7214108608165333,-0.65537114898501,-0.37995345952350473,-0.1340575116788017,-0.36643354141379986,0.19980470853978913,0.6627534955462429,0.5800358319095131,0.23040831305060483,0.355193966113062,0.7804755089817806,0.6894447973503434,0.672559634747181,0.6614256754878534,0.15589347764172462,-0.05647987424111952,-0.475769048041534,-0.10381513406218312,0.03471916656033716,0.06293676996041221,0.2384051198595616,0.15823040735218913,-0.1621893542173378,-0.3147770792698486,-0.3673274907569813,-0.6760158808383262,-1.3246320141687087,-0.6702967916298149,-0.853131778610545,-0.30728413195563486,0.11612294235864855,-0.1587957691000022,-0.2227527925101825,0.0005292030205957892,-0.30462610399417434,-0.8687889117375983,-0.5408689070305941,-0.35472194871860707,-0.36679994513017755,0.2425361408426233,0.7401952764791919,0.80747757700702
1.9428993816810816,1.0370306856184004,1.1544427371806594,1.3083662704671097,1.2401946986193095,0.9912212052201442,1.0409271673655824,0.5700056315912362,0.12794984535004258,-0.08874012243326243,1.0709799556742763,0.8886333886816798,0.5014330856223391,0.41855230623468687,0.48857614999296484,0.04614838674863687,-0.3238183803068753,-0.48300280377198374,-0.34931912451977987,-0.4208787205426686,-0.16604612931737328,0.09548639514969096,-0.10633934955948142,0.38838725975308175,0.6605139507131169,0.2682988434552779,0.02945516268195897,-0.7030898579321236,-0.9734824952189092,-1.1160905767624971,-0.7308255218724233,-0.8997150949782168,-0.7712609315555597,-0.4311918034808189,-0.41361844947040804,-0.0021511730580069353,-0.20560532245806254,-0.23132488882529617,-0.30714610309085216,-0.15718219238424874,-0.42099438954598767,-0.4545273954199597,-0.35976130861957617,-0.19030589176430002,-0.5272442500887533,-0.3358185337609787,-0.07477806840497418,-1.033785892253521,-1.2002645216670083,-1.4550964533520443
-0.405352122956909,-0.11759523225216255,0.06143585152495862,0.6476812210830867,0.32331232359632434,-0.45238555237255196,-0.8287515779855169,-0.21248745296256039,-0.8867114809515021,-0.5678849456394813,-1.153587257391334,-1.5849038890671616,-1.926140010331291,-2.022057146029325,-2.4295942452499326,-2.316749145992699,-2.345465084472049,-2.3536835445803184,-1.4093125086571285,-0.8906379888859837,-0.5958927709388827,-0.5996130476597841,-0.5595229362926444,-0.1762403263528046,-0.6006270998371751,-0.3694087452278119,-0.3804814132145579,-0.06369831688356425,-0.33875274033659636,-0.6861606503576543,-0.34190285530114445,-0.7926765410226737,-0.764149925102732,-1.211812227400224,-1.2879991921964682,-0.8101452499255549,-0.4420933188055001,-0.6681989949122317,-0.19266509748340963,0.09915551482808241,-0.17093940190287477,-0.4638680201680891,-0.7388878531672493,-0.43206287538364735,-0.06756339803534506,1.0942076680078732,1.1303173490290386,0.030489149547578594,-0.4394984793563262,-0.26732101061452607
-0.1400082943963458,-0.20272687537024422,0.009301254214933169,0.4711727904150233,0.6237214216818961,0.9805358334611208,1.1838631211202333,0.7809143020083137,0.5387965014154473,0.13898630034196327,0.1973556961295648,0.8526147798717822,0.7252429272263489,0.37853062740470034,0.610373048747982,0.3301311628093209,0.42097599511771544,0.22191184900772726,-0.14115142011635448,0.20534132755585896,-0.12049245026364577,-0.09074660676192592,-0.2501188815952188,-0.23444228551172464,-0.7790217929657395,-0.23761543403705412,-0.5982987635012945,-0.2849155254170534,0.08696980437485499,0.37381597281517337,0.25674442825656607,-0.6651200274551439,-0.8750869243213784,-0.9604720330731398,-0.960897557881814,-0.4222745827122384,-0.19582448969205177,-1.2231675945392504,-1.2254129083086818,-1.0925910122554943,-1.261274427999681,-1.602205475938399,-0.9463207310522433,-0.8277863945485,-0.05720946777221014,-0.22286581674246872,0.20646508280985496,0.3292325073252511,0.12614001152337778,-0.24549345632003333
-0.19950832518146927,-0.2626954678177046,-0.264079445061602,0.36824860637999707,-0.11724445613667771,0.592751881193636,0.858560013314009,0.962544179697228,0.7589590148128161,0.34260150704291986,1.080175818146588,1.1290304909682498,1.2037587521285331,1.545021612750579,1.8923622498990413,1.8722862966151894,1.6097026552031466,0.8685759953695897,0.3007379460306202,0.06987468859490953,0.00986847049619258,0.06219448449021058,-0.7214909220693106,-0.9188564941615248,-0.852153940065313,-1.002734173292558,-0.9411677729782258,-1.273845558336914,-1.304928710536418,-0.9145763330282648,-0.2942590539407103,0.24798416020271447,0.919947199373728,0.5369310912834498,0.19418831643109555,-0.3613242319344761,-0.15035386201645368,-0.45628265279364066,-0.23955235839472597,-0.6371423203392448,-0.3148714290929512,-0.38962098538418133,-0.33539577508155677,0.02370620841631559,0.40072613079300057,0.3066300057669622,-0.10141663547768288,-0.23666205004112728,-0.22105582294549006,0.07606184760535252
-0.8562670725343937,-0.6024637179518068,-1.2076566239072564,-0.6082468782464586,-1.606142137690493,-1.8496799847000271,-1.838305794761809,-1.6210763032527287,-1.7974157795972447,-1.756343828218853,-1.2786288437504187,-1.5178798701881824,-2.4368085605180374,-2.1275371712154145,-2.280195153872922,-2.8056849396915178,-3.101165134230269,-2.1875294136988424,-2.1840570216274324,-1.7133780447493134,-2.062849851736402,-2.0457854484191467,-2.017837654527006,-1.8331433984067993,-1.4360568450892026,-1.20853883766354,-0.7339557922972487,-0.4961520682173329,-0.6162342849342012,-0.8709541818969522,-0.43198947003827903,0.045655924996239564,0.28629919535092696,-0.16889612966082757,0.18308269596181742,-0.32053090044281496,-0.9636724808717453,-0.48713209426394133,-0.8664128945675874,-0.9468816996988362,-0.9037952886874001,-1.1851642919719059,-1.1403928688257976,-0.7017684986661629,-0.39665116281438845,0.28932353777819,0.25271406746922753,-0.08186058582481273,0.020744825569808913,-0.3281148369209185
-0.5570906299079742,-0.7079986976057929,-0.5507941200408728,-0.8548393845849181,-1.6615457858890064,-1.6933040019843104,-1.832149761746292,-1.578518261044058,-0.5397743752820069,-0.7080545295222367,-1.1871431435038513,-1.5507472457684925,-1.7146699065799051,-1.624605926936303,-1.4590887132212238,-0.5998150471005155,-1.3392062404700844,-1.1851747391347391,-1.1969034471796274,-1.015691065961241,-0.6165706796032907,-0.09257113442312857,-0.23727168191119638,0.16545845326213707,0.42445955912735367,0.3368598594687237,0.24944234660827272,-0.3919431230930511,0.13818752891115513,-0.21862136099915655,-0.2826721889485733,-0.3842095249509016,-0.15559212002588038,-0.1998120578414157,0.7887533882691136,-0.052813794814718144,-0.6627047307265842,0.29085571185046755,0.5217596028045265,0.8883742188580909,0.672847548452022,0.20563068711417823,0.17439374598307053,0.5783691394877497,0.5277877012878348,0.5310543605107293,0.8234569613408899,0.09574160423337469,0.1343561605557677,0.17808000762664497
2.267439697825198,2.0675628300678235,2.4565513757123494,1.7098601710384445,1.230921053590627,1.47810471998043,1.7865106351602327,1.8536420334142358,1.8164102942872544,1.9089176423074905,1.4944044241110017,1.9237633077125345,2.0539768482810676,2.117447778982745,2.041992447066082,2.049957012997348,1.9411288338775212,1.9713644400736263,1.9973094802917268,2.1762158031121377,2.2195934722704727,2.436001848725054,2.7430258039501028,2.476984291307997,2.7111093720095685,2.10400994869352,1.5896605121139518,1.524703842541548,1.6346222545673035,1.532307816654712,1.0780560589386934,1.0543115452898966,0.982049708239582,1.5593186012188263,0.9802864431158542,0.7018234905313134,0.1798797411205449,0.1923443245278901,0.1859026593658793,0.0595554100280447,-0.3989335713465899,-0.2857670699772912,0.197689566534101,-0.03967418108925714,0.10548290927994013,0.3251861071467293,0.3609825566255301,0.44271686260972426,0.23108984547657374,0.7521716880699146
-0.12720502201825304,0.5711006667108729,0.7031820285882707,0.5886553849017195,0.29290425669738585,0.43094348997724397,0.5898365892502243,0.28733103355076656,1.208274045498351,1.559020836125627,1.4698941664055278,1.1205145499536155,0.9573349468224418,0.3471098724898355,-0.04872239872166349,-0.34502507376335023,0.0600974459626309,-0.0725125989462306,0.16903769689820455,0.534674461096116,0.7242776145738486,0.7017830956468162,1.0852319423710064,0.6709374302121965,0.744622407595544,0.6613060257849233,0.6739900334454394,0.33289738783936884,1.137624748183344,1.1668546319532622,1.1650840905072295,1.1385500896768008,0.9612352032472147,0.6496731181677734,0.3604509410999993,1.000683284794884,0.5501443442414893,0.23545038706279703,0.39137093146296714,0.5311900075606812,0.3817571830398141,0.053458221476610134,0.08492398845532827,-0.34497132199220953,-0.5439834052417528,-0.4169081535835393,-0.5298038737309778,-0.475823063651575,-0.3993836101006976,-0.39402532964024284
1.2183504303166648,0.4148124126707738,0.24614222049110276,0.30378779758610913,-0.003871993405885334,-0.2761244683634563,-0.06065400993235497,-0.9730522110510486,-1.1303713038365562,-1.0170975146734775,-0.7863712533540334,-1.298274737256813,-0.8785950911822559,-1.0622972849522823,-0.5801914089148451,0.13402512326814542,0.14637995402792478,0.21043566740362704,-0.07890100929308569,-0.19477719203325816,-0.0598450354602188,-0.030332953881858134,-0.18801691661701206,-0.30423926335358326,-0.11154740154087339,0.6641308275911448,0.5877921564693217,0.568845957130026,0.9016058001183559,1.0408673333281904,0.7676105687931675,0.4385829673853546,-0.2920910539028801,-0.18356419631598953,0.22034395941234544,-0.039491850647594404,-0.3278121844568382,-0.2598605168389602,-0.658373737431682,-0.8745688474714269,-0.682945274234581,-1.0061009453477503,-1.0824607154808097,-1.7229967242119915,-1.6058465499103354,-1.7931739703847243,-1.7699729904308454,-1.5888302972617903,-1.5522171294048535,-1.7828583985096793
-0.31661224837479934,-0.17197250059788274,-0.05555285456340839,-0.5733705316351356,-0.3916163231369579,-0.2261225197233077,-0.08568062321712828,-0.3804906696372045,0.030906443642666533,-0.5236541995497919,-0.47549164643779124,-1.1287737418384562,-1.1568842410637323,-1.0017437303779362,-0.7840164343620518,-0.6816160944047571,-0.5993337788671135,-0.7055990232350218,-0.7669880393840626,-0.6373838297229744,-0.6910812111333361,-0.30607731290691575,-0.3824977401733757,-0.19098298064725264,-0.19187397971063125,-0.48993458417894864,-0.5983033544937549,-0.6606735152203238,-0.737081013924759,-0.7652909629318158,-0.7809352190040746,-0.5393906706116787,-0.744675792153255,-0.8514385896314564,-0.7417971583446689,-1.0160066967937584,-0.695841834627313,-0.15487421196897186,0.025042912026584666,-0.25092257289691267,-0.4621359771759213,-0.5667314296790175,0.08065697064883855,0.5806427730578716,0.7933040493640383,1.0562701073886271,1.2183405103119505,0.706361916891597,1.213893986961633,1.056932742368725
0.9214568385747057,0.8029212700873204,0.8031436892546757,0.717167251617362,0.11717351535063965,0.019248215275467842,0.23720987915609346,0.866860373380915,0.7456054750288824,0.8125682908156449,0.38389212280440366,0.09823573173355615,0.13047961349502532,0.02289462564400006,-0.1424294345583339,-0.5980294521111506,0.27919635562264455,0.26124897691296095,0.7278322994851464,0.6342418593397159,0.42365582230059556,0.7347547783664621,0.7960698480187562,0.9334174243682948,0.9559397660167797,0.9421660371922725,0.6346366921616531,0.26076553889102266,0.41141942655673647,0.5079119909276661,0.5831208989461956,0.6601163074367549,0.2921504351648322,0.34533845382735184,-0.04702463806031892,0.39452372418428117,0.626819062559274,0.3711519954044724,0.5991713927638599,0.7686392172223695,0.37659369713956065,-0.004989852855514556,0.34398279549010335,-0.19425424253115686,0.11273798965554523,0.760519097245425,0.7458396607172387,0.051717226921700485,-0.33318471703605007,-0.792229300127776
-0.3424970291533056,-0.23355195572143936,0.537034288116794,0.2979980287964729,0.1699909627876599,0.15589969077628726,0.5484059053317666,0.771633142059653,1.2881247730489425,1.3144520477819113,1.1878819560218554,1.4120058829538265,1.527787621254255,1.6575029832779427,1.156035527559856,1.5490357434136643,1.8234122199580722,1.6581535864782788,1.2845218964447915,0.5521899067197253,0.3161168932407382,0.3916687968254279,0.7104094594760428,0.6497184625748441,0.5119839203512485,0.15620475645435958,-0.23120136704455288,-0.7729123166785998,-0.8962574017767511,-0.8833523215270624,-0.6528971508288829,-0.4665890934309505,-0.2592171144879572,-0.3203513809625519,-0.7860649402357267,-0.44149334946572755,-0.4813394073601428,0.15061416714643858,0.2681655553404101,0.16044067617085558,0.3723324892129531,0.46238528404329343,1.6042918025350978,1.7890983188712448,1.7293015292680185,1.1667689339244613,1.0272366682101592,1.2264447533339378,0.8090924033882616,0.3094068735293017
0.558571585356743,0.9197611783696434,0.5795995980157954,0.39958438217183995,-0.42445020253534543,-0.44760620070326984,-0.5513009349162725,-0.09186656772457216,-0.21950823853787027,-0.5554735939864692,-0.8272643905502828,-0.4775056227835966,-1.2576806481561995,-1.44385686425573,-1.4652432648363731,-1.5265998058771368,-1.835681707386978,-2.185915503319378,-1.8506069122983158,-1.2960057095554167,-1.7471951554124718,-1.159702331621496,-1.0362577189383557,-0.8934515975549101,-1.0458272579080208,-1.5620322152346395,-1.354938511450685,-0.4929983054636883,-0.3827774070150637,-0.4643005011516772,-0.693656182588361,0.1472008432897926,0.12080701466545363,0.7572932899579384,0.05698717090617428,0.5875080201705274,0.6424460512701962,0.7334020925770716,0.8508613820556742,0.6026130207644947,0.4692123719475279,0.19547201590125418,0.5362206459768654,0.09237820485301755,0.5532565590992535,0.244796175161571,-0.2750923646042313,-0.7122504665129415,-0.12349662264056784,-0.005567383779993336
0.2656783129344904,0.5647678442006828,0.6183107800527088,0.5158995077101078,0.4748919795509812,0.847054182339059,1.4865129720285946,1.1886107752440886,0.2987303572906045,-0.15762373383508546,-0.5277880644075663,-0.6267959903666145,-0.868195517132372,-0.9750286637674083,-1.4847194262188181,-1.6538482020235379,-2.598008641521935,-2.9904556323548643,-2.2782138881301517,-1.8311195566040477,-2.285113572527338,-1.6619287493688206,-1.477543222599887,-0.927854770777516,-1.1963474169628643,-1.0125403128171373,-0.6663526115578072,-0.16960689926260566,0.010960877125051963,0.2805662423602312,0.28700010724955843,-0.10269995557584714,-1.0638021155464616,-0.8707284156199251,-0.2127367034538574,0.20594657486648035,-0.16418841324029287,-0.40883002760352144,-0.7921566193060603,-0.3360727527132295,0.18744305193994373,0.13908516495770165,-0.02785820652612139,0.21227457171946498,0.1675818021005632,-0.2299711258853306,-0.6462920005147356,-0.16276700708828118,0.037310175423736054,0.5764146027033895
-1.1570815153425293,-1.6048448355372331,-1.5652551769543162,-1.7602080616632825,-1.363124640936644,-2.0497821523014075,-2.1346798139634244,-2.1060147500792166,-1.5161290686100015,-2.16304419013867,-1.147149232331441,-0.21028661844640115,-0.44138476716131125,-0.21385073155024406,-0.5353416097109759,-0.0692206006611965,-0.15373559031318237,-0.05521878063607258,0.35727953714676414,0.6907388997357026,1.4105607627320902,1.1825881581082287,0.8231484223082886,0.4863960983513875,0.9073260188644385,0.39540703508378877,0.12740095400289553,0.44312061704411115,0.06933225967352649,0.17904220199160897,-0.009158317421251247,-0.10160015073176021,-0.2789763228015853,0.2186092665907688,0.3784320333992368,0.5495308492866546,0.4830621995621401,0.7925845584645277,1.0274075361414616,0.7423125071185521,0.5159703149648585,0.33173902886531137,0.6641078399061588,0.2280623562421942,0.5885793776934339,0.8572289696023313,0.6266003340880935,0.16939652563395258,-0.023337337930885445,-0.5607424085310502
-1.7404519130295246,-2.1622260635582427,-2.2711860890139004,-1.879884809939017,-1.2349001468357348,-1.031663998334763,-0.8913532482467512,-1.1720737942335713,-1.101609477395985,-0.6022512667743131,-0.8273947511724462,-1.668747326874925,-1.4819342986209647,-1.4227704675322026,-1.389201045396641,-0.9539046199994118,-0.6768638168839157,-0.6607820114495131,-1.1256808056593042,-1.171587547747456,-0.9326505726063856,-1.8133790909463483,-2.2125884552924786,-2.1451040942793007,-2.4743919776086587,-2.4516107261041467,-2.220198254137557,-1.758715637368992,-1.7327674371456383,-1.2218532677252183,-1.1383384207995206,-0.6584924256598609,0.08923803690007802,-0.3939346923787732,-0.28511465415792187,-0.0219659881539712,-0.27476613323226523,-0.4801938670753143,-1.035914725027464,-1.1045156669284975,-2.014941197006217,-1.5198112623449684,-1.6974856542658083,-1.531864518757167,-1.7037841830533615,-1.575842041196668,-1.732434154269518,-1.7274391810287162,-1.533497425885904,-1.4915824711022092
0.9939945676935621,0.23549980039503365,0.2857992464734912,0.044996366648881236,0.25354872846614,0.2480575851479677,-0.19966341168242704,0.11929122170551204,-0.07647720132752224,0.4406577668066948,0.8597105305636827,0.2333198656790476,0.8632352325693745,0.9302822577884267,1.0121971776029277,1.2449388822213026,1.3669209917134655,1.5048790199668602,1.6003125387367372,1.2443985391272379,0.6156555324849194,0.4628597497974082,0.35866638286069596,-0.10973657327894962,-0.006178550249437381,-0.21890895541281447,-0.04890769024996501,0.5082621994444257,0.5480690240494227,-0.23725299779661166,-0.7359099428504279,-1.085292131092581,-1.341517820176276,-1.250588683482701,-1.0744899380378496,-0.9904430343290281,-0.37742266652372064,-0.2581401794079301,-0.8745510521555829,-0.5000906556043632,-0.5883936740150455,-1.4158146494851769,-1.534331201402338,-1.5926198781684275,-0.9496706149961902,-1.2633214554158911,-0.7557933635666814,-1.167145488542727,-0.6173562113379911,0.18754084514191258
-0.5621110457323828,-0.33565732671298615,-0.10321824600483213,-0.35043912774730696,-0.6638522576596734,-0.41871921832168685,-0.9861240668834516,-1.180087657606356,-1.0226741799301302,-0.7532579883803446,-0.5861631701424294,-0.8101810725773798,-0.7715448350234038,-0.8336334175658112,-1.3432605174070884,-1.8096808775344349,-1.3313323817709841,-1.8693783213160469,-1.9137969020065724,-0.8737988966229914,-1.2237829930107742,-0.9150090607340072,-0.8018379675312982,-0.7302551718746181,-0.8416576446241241,-0.13112898371860435,-0.04226714420149883,0.2772035705164392,-0.13655299169809776,0.64610691795201,0.7242279446233245,0.8831350527715098,0.9190779182719474,0.8026552736924465,0.41690058240649475,0.4191048061905172,0.18739615109044697,0.6656005209057269,0.8836318859984446,1.1411603316791623,0.9238163277176292,0.40877625435340276,-0.15922012004086317,0.30208813355246,-0.24453606621508056,-0.5272009957221108,-0.6772492185301792,-0.9115317961557331,-0.9787015607631289,-1.0423801784251492
-0.1406516684982604,0.020352661989292177,0.14802347108979272,-0.3924329047081744,-0.8770845599543402,-0.6104585961922462,-0.32364235000620234,-0.1688928826362975,0.03143808444410507,-0.4483362447120461,-0.7194911336602173,-0.5191322720730764,-0.48620747005159665,-0.3267680398761639,-0.8424531388694331,-1.4412787854787446,-1.5296244991512087,-1.347045972093333,-1.9175693954777073,-2.296275819572993,-2.1457651550760746,-1.9705191515970515,-1.5614342382007558,-0.9156513487088397,-0.5260234130446626,-0.023644609794723898,-0.20737762278789992,-0.23932252538276755,-0.21230853395167198,0.06466786175238518,0.5837380898516706,0.3153985674609622,0.10313946593692161,0.23083495558972267,0.2986099309466193,0.1517372580984507,-0.008754841844122554,-0.28387310301349683,-0.8415341435438707,-1.4817048857068522,-0.7226707222172882,-0.18009750259075163,-0.34814214368712115,0.18485512136229812,-0.442762836737263,-0.20974730972684003,0.013541121208317576,-0.585174627911817,-0.956939369976943,-0.8983565821348324
-0.6970028042115147,-1.3847235764435977,-1.788566177464822,-1.3963457918382953,-1.5475544839182431,-1.8482990366709542,-1.6374492233602063,-1.4278366302655827,-1.0783990740213627,-1.0570510255154941,-0.7782688487216796,-0.960723246817077,-0.5795318310677534,-0.13116294836196474,0.02846880796508455,-0.08751756420622532,-0.5015222136768805,-0.10517404096244064,0.07075073090542751,-0.05029521676288643,-0.552080170932593,-0.33473276342725633,0.2317159226269993,-0.07570766999550427,0.015363248789265021,0.464323242182042,0.12736357902583023,-0.41484880725614093,-1.239327305832073,-1.1248058071329698,-1.0179422017055475,-1.4498061227929444,-0.9224463266532869,-1.3636056688904328,-1.5826302607914262,-0.8176219937359687,-0.7853784629778989,-0.7320740056073237,-1.011432170663207,-0.805102482347941,-0.6025918427609217,-0.3131913182334141,0.03272260782030229,-0.15313608920371702,0.13320535774486822,0.09790670735513111,0.2675626621021544,0.1831764392750789,0.3554135279720721,0.19136607151673168
0.3766476660858364,0.6585770362801991,0.29342039673571557,0.46166496470031904,0.8207753643601937,-0.3338583414333206,-0.8324707392556229,-0.4358843909429929,-0.2966570413186852,-0.14448284505356482,0.03220874845652933,0.3762894654608969,0.573154934447597,0.4832976129835402,-0.09002553210005906,-0.10490832500116841,0.09010403745961261,0.14863305422347453,-0.2962179360318278,-0.11817937368515112,0.13124796906596706,-0.1502763540835222,-0.267532914533492,-0.24300711550050394,-0.23942400691517418,-0.42318450552147224,-0.6582406358377301,-0.5746511678522563,-0.7084064144230187,-0.6866428890759874,-0.14108328003955448,0.3385659093978703,0.6264867025772763,0.7316421362026847,0.9767389880715548,0.7196992883895249,0.7988842756276068,1.5262184715317126,1.2891570982813318,1.0379812535747726,0.6747321446981115,0.2153715343670454,-0.0971523167691065,-0.47933826333569324,-0.8106149754813597,-1.3546497585859394,-1.4607344149158419,-1.6448742264214475,-1.1191859263805797,-1.0929539386589129
0.7800175817971572,0.621816916532738,0.5795086443558697,0.5954757410461736,0.4522275141114154,-0.21578990494747255,-0.6014852489568299,-1.378242938363993,-0.9486833984074201,-1.0298370151257772,-1.0301729363952474,-1.2871332208700494,-0.5974185338944576,-0.3949194853958063,-0.5079489839066027,-0.37563349704651927,-1.2688541902745636,-1.6783781702989151,-2.0453267555445014,-1.6399929386014542,-1.4295462038922655,-1.4328752743880693,-1.2254108578812895,-0.9996977633791833,-1.0709527377974206,-0.539868393943149,-0.35041614559647255,-1.0573542203897228,-0.8683496405937448,-1.1570876622134387,-1.1602176478568393,-1.2384226755642442,-1.0958704441701745,-1.2082386222887043,-0.7558515787621702,-0.685295900685787,-0.5352343677441161,0.237505714234652,-0.3145072989191397,-0.01240571849616425,-0.44453370889325045,-0.7568585108477253,-0.6220062301339261,-0.6087101215856908,-0.5323422067910504,-0.8479075033039262,-0.46396916754247236,-0.6695180017531018,-0.5783745289737127,-0.5782970253808886
0.572867343216905,1.0874348341616564,0.6347094054434876,0.40352006207585445,0.730484312894911,1.2404622482791547,0.7336296057138896,-0.11439033621302602,0.47450045928627743,0.7596586250559251,0.7902301339794676,0.6061753987670419,0.5944011298141939,0.7833811622757203,1.0041939315519057,0.9116112962933947,0.8654662054269673,0.9345954106412658,0.663552418213818,0.5439716338390472,0.2460975687687075,0.4030138460960448,0.5615314276347616,0.94375716379832,0.6637827562652523,0.4027574192069179,0.7176212252689564,0.6811527299456779,0.1729564922421056,-0.45222414546256245,0.03406753641341417,-0.5967874410511876,-0.5807953728245694,-0.5550179222076813,-0.5067786277392299,0.08984671084689444,0.6714814109390042,0.20698964735554237,-0.3575220243153387,-1.2011595743673051,-0.6233870332370361,0.21416738419701348,0.09897022806802754,-0.17588216197645626,0.18600874035687082,0.19813141630455838,0.5040035592808733,0.2686631792458992,0.17812677193662582,0.7328748521353271
0.19848281229565676,0.5840855001403764,0.8785242834829756,0.9119317195950237,0.8804433078726817,1.2086708943634772,1.1670358844689157,1.4643641552985789,1.6842321889716678,1.325079524034566,1.4888025992332987,0.7020288220566149,0.871709906112632,1.51961900942778,1.7563884545737805,1.5757878785822308,1.3277160543692796,0.82512558389628,0.9087731205628885,0.4895036144233088,0.37260338938304843,0.6554919012562058,1.208348817765078,0.9849674204600035,0.17704177489917722,0.48639844303106244,0.9761050708009686,1.6606593276333244,1.8842144662827536,1.3455411621373743,1.0942171220747305,0.7568145783318417,0.894860202858812,1.2467898670347957,1.1147268464636015,0.5139217471274619,1.0812798712613114,1.6611150083451143,2.0512217376602626,2.2552006411913164,1.4754725048683448,1.419692733830115,0.7761906020950624,0.10349618892453236,-0.11578183564031039,-0.25274584023419144,-0.3010019412517868,-0.22342784038650934,-0.4305895638652801,-0.38725623563716244
0.9158263329457168,0.6225613687291656,0.40048567844811866,0.5870650530780375,0.9393094715230609,0.7913815544169329,1.0181758994867451,1.020387644885203,1.2062968532711456,1.2520169034253728,0.944592270744799,-0.24462897028102773,-0.1267919678249591,0.6835563627032837,1.0444244495136163,0.8168368753907402,0.43483720735647424,0.14288874408204633,0.0627644424906588,0.16315168220911774,0.30520590709994494,0.2970297607000769,0.5910715015409458,0.7362695927981728,0.7958511188811717,0.029630011180819992,-0.36298425432035775,-0.635595141787601,0.04108624699482653,0.8198631426062067,0.5342522699494956,0.20329861235916674,0.4356944889102629,0.4140627455206889,0.020436540815459384,-0.20583863366309066,-0.19120408530818467,-0.38723950943452495,-0.7131569803425797,-1.0517158616310243,-0.8036817930424355,-0.9856604840894874,-0.5177132887760958,-0.4919800494495361,-0.3011003499593895,0.17229157214509982,0.029943185781149316,-0.35370520864629146,-0.06523233468697308,0.06311076743915464
1.113733300100069,0.46057856499538724,0.05103313385112636,-0.45265989007325474,-1.1682057665678223,-1.6041804204839583,-1.445212663014217,-1.0249841505391992,-0.8268939172899171,-0.913632178197895,-0.9012326192077558,-0.4348734681368154,-0.21831998860847918,0.32105726310015786,0.4227861024539032,0.2251682442805824,-0.034791846383717136,-0.3615080743962715,-0.6311417429217928,-0.06803617739135769,-0.43743399888895224,-0.43790950108070426,-0.6289126567771597,-0.8538339503068662,-0.2672058213716112,-0.05884008798430462,-0.1459833086855823,0.6811547822617551,0.5748182837586359,0.40404254781440196,-0.886095300869413,-0.8360115841846929,-1.2099004856560043,-1.0849269522440843,-1.026354920948259,-0.9389830628617857,-1.0153994670067747,-1.281344999073621,-2.0366720137369194,-1.7704752416324334,-1.8979276816558694,-2.071641291161471,-1.863356819371434,-1.6364804310219112,-1.909736062688136,-1.8115949043490973,-1.1172598459674286,-0.5816585537653342,-0.3345910252293081,0.0013618045433024264
-0.8001029960919515,-0.7207346907432607,-0.5212474268523714,-0.5773708478353985,-1.0262391094815508,-0.6120976927776427,-0.6050597123386573,-0.9932864244246739,-0.8746205560657129,-0.8367298197927664,-0.9856667498460933,0.36358151153889184,1.2820904716230541,1.0263926495809363,0.90322699661934,1.0020493333928018,0.8442574499646205,0.7070050285483985,1.3037315194924999,0.5791657576686826,0.4733988463195472,0.8224439555916531,0.4395032852479022,0.48109135104942935,0.7853850993575666,0.3134852062611424,0.25518600200012986,0.145169082544162,-0.013194473351229977,0.22386723926370453,0.3532643746506507,0.5022005529651672,-0.06371825892575363,0.2774346362819395,0.31266969845906484,-0.22852787142614306,-0.03624646666050454,0.2076060591165567,0.9028003610921934,1.368913783644682,1.755451842837639,1.0762533992805663,1.362356851449495,0.8057887116098167,0.3187995541294409,0.3690344888044985,0.6030944814893079,0.16127661116229494,0.5354137629960901,1.0261832968460618
0.21898850656731197,0.2331703332512304,-0.0003005598224988676,-0.6337875553808744,-0.645511989976952,-0.9672604551255441,-1.3306182947479583,-0.778952197721919,-0.43854467229852795,-0.05777716527632204,-0.01762752813547545,0.34267653767999184,0.5228731417895014,0.5732947889667162,0.3828560389529136,1.185912361172342,1.0655189690206412,1.0256129745190412,0.8234631265519323,0.8105168463571569,0.593312786139782,0.7209465886651228,1.7326436182531868,2.2529060085559673,2.7061898074007584,2.2212347274000983,2.3643788474328282,2.5037469087751125,1.6545313627965985,2.1761187972332086,2.2699639141888617,1.577297079974627,1.4988152105759638,0.7779715535797127,0.8137783243559777,1.390170228197099,0.5802661686862366,-0.34789306855819746,-0.4425763408651944,-0.08958915292262074,-0.3734179951445058,-0.1157308728485352,-0.3949740445853451,-0.9689915510806751,-1.2569354835357212,-1.5763594692164824,-0.7703979988926739,-1.0315115258013372,-0.7976602796167387,-0.3760034733554219
-0.9973831073967481,-0.9105567052220921,0.04437566317998704,-0.18207446357005588,0.06483073904946145,0.0328019560932657,-0.3520575381475443,0.05815685257067127,0.27830778892897806,-0.10113133173804949,0.0291047373283004,0.20160135327820697,-0.26787816201716225,-0.22540347959537144,-0.5683495567467883,-0.3038845952181632,-0.6902530023589243,-0.9026382281599069,-0.5955229422423598,-0.3239634901071507,-0.6041788537880061,-1.0798573519808063,-1.546430889307367,-2.0193903325416604,-2.5682938486318267,-2.566037095132868,-2.414705736491189,-2.0652638978631357,-1.7086766286883757,-1.8685607350635618,-1.3008130192777556,-1.0579802415924189,-1.2511969476452611,-1.2979304264917846,-1.6634925938061427,-1.374113648982985,-1.0877316466960776,-0.8099878157733954,-0.6136032859939667,-0.3861717331522951,-0.5952634729613746,-0.6900955896161205,-0.843925223321686,-0.4704410828953619,-0.42340898479953537,-0.09562327274258511,-0.8723486448925425,-0.44848019462149763,-0.6983174397623662,-0.5821203209684293
0.6426621633880232,0.6949701770707801,1.2803902127282696,1.0660944413174618,1.2690389811833993,1.512759779252019,1.8509465545770862,1.473371909300754,1.3542698244191356,1.154874666016301,0.8381726581628633,0.6590705030027554,1.1286699716296449,0.8262209324370489,0.7226871022697814,0.7657157529836581,0.8685343510522745,0.7196114863723726,0.9567080859276664,0.8821293865622448,1.2025122433632165,0.9139585856323895,0.557342771172479,0.14810824410627113,-0.15558971002148514,-0.30314677035988824,-0.7253325447337186,-0.4106171014008486,-0.33730877969114603,-0.6347643916848302,-0.622039596320783,-1.5954111502845243,-1.7702113302023346,-1.9344312541800548,-1.539037992476937,-1.080254612833052,-1.0056988426123263,-0.6064705233688916,-0.5568410640175815,-0.11015605456695783,-0.5041276617967921,-0.11578501725180261,-0.01827321786009756,-0.40587591969097814,-0.5374748154027396,-0.3950655581709103,-0.9767965894719038,-1.3402884341996482,-1.217722239841194,-1.3272777881628963
1.336097140749443,1.0831401300846921,1.2413365924719957,1.4300470453369516,1.8107441647980849,1.0321709089395115,1.0192997358946956,0.897297572220462,0.46448099570682944,0.5959484688669906,0.9087573755000389,1.163518211744454,1.4374129699904592,1.5500785810785427,1.4688802488536414,1.096642519050488,1.3366920781812228,1.2746418657076266,0.37948870617096236,0.24474170467803358,-0.22819395477437435,0.08112821007470122,0.030757528298379782,-0.27145374145979606,-0.08208942853885494,-0.6786473025335762,-1.1849982982842087,-1.5312473947010494,-1.1339276941049696,-1.1112564292019627,-0.7473783466758173,-1.0077566870942956,-1.1166581131637485,-1.2753757243790622,-1.2390616904990908,-1.4264698390723658,-0.8972371679870144,-1.0228550044358613,-1.434570560376688,-1.0709373348084053,-0.21162822648611568,-0.21369060677022433,-0.23367554706611407,-0.46105125936821506,-0.3943406845929666,-0.0906464160942176,-0.12166974823794927,-0.18149406261737033,0.17353210018164741,0.010470702497238117
-0.2290720145689318,-0.1410773803664196,-0.04376598271567636,0.22721926591583114,-0.20672944910320826,-0.028980126921773108,-0.19542567053892196,-0.46803880258329517,-0.5676402494028143,-0.20530525588361018,0.41501702222815556,0.3730052049672471,0.5725438054244114,0.2880081547538325,-0.7220182503811928,-0.08173338594722428,0.12104852352117136,0.5326803197046039,0.6198704137365473,1.2206226110672327,1.4078421625165043,1.366620777788537,1.1353513182428998,0.6229476184131966,0.1518854840338124,0.5214018502567928,0.6189257437023191,0.7556648306733003,0.6349570854408042,0.19606767415322138,0.09859605800824611,-0.019417718986046308,-0.6484084603501136,-1.0313517880395906,-1.1865233765996088,-1.6367909748470988,-0.8172565603527063,-1.0027909106798265,-0.12510114671218214,-0.01050439354340211,-0.7063457865380677,-0.4822235545339822,-0.14319101826716088,-0.05387743302726026,0.0029801821271060423,0.006918121058382833,-0.24485848470761448,-1.106074129227764,-1.9842841787568652,-1.8008121804243622
-0.5729932473760316,-0.5504217886882333,-0.751391987764681,-0.9010210280524581,-1.5163380594860831,-1.7377631849100323,-1.5018595602263587,-1.4864645588614203,-1.66053053924198,-1.5472788795627963,-1.4384140407572936,-1.0668335067739931,-1.2866995643825099,-1.2164304748223194,-0.9541064127441038,-1.151295885017551,-1.314360340856265,-1.380753552702219,-0.4926576856564738,-0.6072213369069377,-0.5185532901940162,0.1661455038778784,0.6635932740303956,1.3925097884470035,1.2440531086772593,0.10362214376719632,-0.17204919134526292,-0.45972220717997747,-0.5831419636464505,-0.2763375613130521,-0.4253814132007119,-0.39601287846622846,0.08424847884601262,-0.22505227123865862,-1.1415758024829472,-0.5314139009526927,-0.5114397233455806,-0.6227542719343492,0.06480138461707534,0.3528626312265466,0.13087140016062596,-0.556350129364001,-0.02020274212770825,0.6867293842046588,0.8886607324917132,1.0981952345757404,0.6797298821137171,0.2901640849023551,0.5333654903622389,0.6282743614806704
1.6019466172761758,1.110408022607216,0.514394975500923,0.4691487104546584,0.4104114750177897,0.938045167694417,0.7959217261606175,0.7909540956145351,0.9357398367910208,0.3180723201458975,0.06808088121444779,0.08844652012184057,-0.07960324566757344,-0.6011377059656546,-0.3992112820510103,-0.6890385646793378,-0.583514528690896,-0.264394453391142,-0.5212917835171975,-0.8941552136276266,-1.4189900192700646,-2.0899261108655813,-2.1363786929167983,-2.079733098674231,-2.299981848829039,-1.7257625631139109,-1.3793390174693607,-0.9713920865359762,-0.7975027860658979,-1.7384976280704014,-2.0669514206502053,-2.178710549584702,-1.6125147729662874,-0.9919115104510022,-1.571864636429334,-1.6436225975074759,-0.7719022814169968,-0.966906250252212,-0.7044693745344444,-0.5581091122410381,-0.9169019882813217,-0.4785345269332202,-0.3294439472100304,-0.36415877286740916,0.10529170544303706,0.24622953371499587,0.5913318094343605,0.6689832703306997,0.31717149939341893,0.606550163566375
0.1572698250845718,-0.2061081574155487,-0.1842404241059625,-0.656694767288259,-0.5444251570980136,-0.5889472541638912,-0.6331218303259458,-0.07249548325414512,-0.6055109128279533,-0.3943162592658648,0.07887761229295245,0.2335874039974777,-0.3019108231146746,-0.5530781641092292,-0.9022618064829034,-1.1562767942693086,-1.122412322668604,-0.728841898856277,-1.016286791198526,-1.11156860384252,-1.5020844881350504,-1.412119896283641,-1.0314166369307767,-0.5926690826723153,-0.0014647578818224299,-0.03403112939680275,-0.9946988769167748,-1.5604090575547254,-1.4266137182719765,-1.647184658426469,-1.5540888819017045,-1.57482023836791,-1.078459473074827,-1.569898959892244,-1.7727606778749,-1.6099129165108281,-1.6820065902724721,-0.924005140420406,-1.4423668210447675,-1.172810027447395,-1.7797940388936189,-2.4886390545900308,-2.366983950320693,-1.6772556343003868,-1.8304798267249276,-1.9270471465557655,-1.888089411001289,-2.2784100097126676,-2.544936439890977,-2.8285015769031703
-0.18451862531246335,-0.140114893172324,0.1827604898910594,0.6009877345809398,0.23762815335456705,0.6510015036918764,1.2145333048607667,1.1133022955832472,0.749526471350995,0.9919356718509428,1.2477872041960234,1.0425426405170495,0.8450820084057697,0.8044598301642362,1.122993835449205,0.9950284721069331,1.9814231754176679,2.2518780095050706,2.6950103229779216,3.1948396327173505,1.92693227864066,2.035726358038955,1.7287730530251775,1.6442379627786228,1.1881254778786026,1.4242023088245186,1.6071186606247272,1.6912349317979176,1.3189610572654844,1.985750797254516,1.9856255507695395,2.18565172587629,2.237879675524763,2.46229404680365,1.747708864807312,1.3776171682316194,1.1092217292206485,0.8031395900457646,0.1598725350671951,0.2497606839787858,-0.15718639357947128,-0.4114027799585685,-0.8674373239561892,-0.7500303990823186,-0.9856573010439502,-0.7597550720645969,-0.5553886979812387,-0.8121966163181081,-1.4259751046912732,-1.7008351015917242
-0.05576268158524039,-1.2376150240710588,-1.8120029646589089,-1.0864017238813342,-0.6976009668286831,-0.7006382135312422,-0.04794874815632626,0.005083362452677006,-0.10390894379586901,0.09899137278796466,0.7633380314164728,0.28341344905896276,0.6480822783861846,0.34300953220929,-0.035718610364076246,0.360545131379039,-0.3010272219865575,-0.004252772440802593,-0.311651402867701,-0.5313658718209503,-0.6997714093154059,-0.2694152839198277,0.111083458764708,0.6466093708288764,0.14469215982050793,0.70679163230127,1.0012378375226825,0.5955353920312142,0.3048989302986663,0.7513571404563281,0.7019285661493524,-0.1680081599032268,-0.09475342710372425,0.03331104663184769,0.1990807664554722,0.6077432341161427,0.5296983172523194,0.9109243273247679,0.8880814013828526,0.574337695743651,0.1061262446842305,0.06470381593577794,0.21913739793295983,0.869334628247673,0.34523393630951693,0.6338130693644459,0.49700557780162613,0.8934716942594764,0.7563599938920406,0.2341976898106323
0.8604061797412867,0.3996868166388325,0.14583894887179727,0.4101221895895092,0.44231648788864053,0.9015679085984647,0.41939578554295526,0.4683112512575886,0.08675568564827423,0.16377828128091645,0.5951029362604704,0.18167755408147082,-0.05070001859022774,0.3311003946727255,0.3423700280878777,0.9090744832988972,1.4985599452122484,1.0486978841360142,1.1192872741489674,1.3171748209657115,1.1675971874287678,0.6818475417407951,1.7394666940832855,1.1012058030774992,1.1891549621085549,1.2519736418512855,1.0077930264409083,0.6710009098834897,1.1806028772723531,0.7611913454083767,0.5129232255897879,1.0393873056111889,0.5821980737460605,1.3789748105416297,0.6013556128567801,0.5206111792070022,0.04916692217965922,0.2774406220551679,0.0866137811433787,0.7082585668021629,0.2853055773688467,0.5444830005732797,0.5107310738059992,0.5168287401624033,0.2466403980070044,-0.04721871009475424,-0.1406685484749882,-0.6065336260823807,-0.8420589597151562,-0.9641191486994372
-2.2713234100755613,-1.867552203805384,-2.354480503456114,-2.134231369453512,-1.9343586800381367,-1.8420278331734588,-2.6848265324323033,-2.437453567947561,-2.239219772677955,-2.08372158625507,-1.9804422684903136,-2.198228586449888,-2.11639592556875,-2.0274738282772793,-1.7663425578649457,-0.947330115554761,-0.8965805929634119,-1.5368917099065473,-1.3811083378505582,-0.8049668849328149,-0.49425546143225346,-1.1222477792371608,-0.8470036237200426,-0.9214318657912045,-0.8922585030028818,-0.7132470950883258,-0.7671139716646553,-0.7442019476263739,-1.0933475128259262,-0.7006506081409098,-1.279120403112344,-1.6511682861557249,-1.4599941972016741,-1.6022505834715122,-1.8496240394604746,-1.8479965743072022,-1.8673616071150683,-1.732086273332495,-0.9630403223901058,-1.0108867825732377,-0.899818390590843,-0.3764668700454747,-0.16536435329948587,-0.3805370290420542,-0.08498784698751807,0.1243468118640492,0.028379717635709838,-0.4974946947384667,-0.27544388629619604,-0.9815208530136105
-0.16535435456613817,0.2587577610771083,1.0309186319574875,1.3638792810404463,0.94188388315519,1.0676293790194722,1.2474319984434123,0.5785446770834065,0.6697098308081639,1.2552628365625924,1.0922336680233082,1.1364106582842672,0.4994904972435388,0.018595851513477625,-0.29654692899607393,-0.1548811914886549,-0.0983604680986163,-0.9050951566224499,-1.2216457883318073,-1.1766850645060627,-1.1676882069186048,-0.36611006501359766,-0.2208940577318592,-0.3508950608200237,-0.3634569976641696,-0.1820753445140846,-0.4883128933864945,0.07243692945110504,0.3146946844959759,0.6713004335815104,0.8553299778957274,0.4596379799346955,0.4300279278454367,0.6023360205525595,0.23551481454631945,0.1933640578947896,0.36256185934982177,0.21957645700572176,0.8257289461448725,0.48686572064231937,-0.5019776383489915,-0.4662280092581342,-0.5547110224752134,-1.1258827206184499,-1.5947914374020964,-1.1042386235284596,-0.34955071877951904,-0.16361977902670005,0.5018775415682697,0.1811216165437235
0.6710204427730915,0.9786685553459311,1.4155818621281633,1.5045817894100924,0.8935281021351905,0.44348459971317356,0.181991509193358,-0.5072335916430222,-0.2451340284027132,-0.617819261166055,-0.4784032363076298,-0.28892619791802454,-0.16108219870452112,-0.6553490156847157,-0.7978487535147374,-1.0461080653672836,-0.9067604745761917,-1.0727846649809263,-0.8205201502713521,-1.1051805231414435,-1.1812151332515544,-1.398649743845537,-1.5290791198221685,-1.4403152062403637,-1.2172191198503532,-1.5165371181702643,-0.41453960456416394,-0.5468005486077738,-0.1572230737419285,0.09742382753891081,0.3047751646813933,0.008414157107179262,0.30857584081562517,0.3508392980248547,0.1280024057868273,-0.15672035368909426,-0.02993039359377709,-0.5244745018686955,-0.6737123334133266,-1.0341468639925862,-0.83770133903517,-0.42120637094954144,-0.7171820912855198,-0.7271904097233381,-0.7047802171766161,-0.34790444428059114,-0.4485498880058911,-0.9488068848182476,-0.45288099203919047,-1.1206857570175817
0.6915861806072047,0.5314733379392333,-0.20087692583477418,0.5075643645125405,0.700144161423177,1.6853839452331272,1.5796210957957524,1.3217573336260604,1.1878156888098312,0.990375070693645,2.23876292168058,2.173131518209503,1.4584499463540403,0.5314843517999731,0.1596073799972787,-0.07714779418912224,-0.3588004244853091,-0.2909910010813812,-0.013232170097824037,-0.0316756494039839,0.32060720485768257,0.6859533878161397,1.2100178801524557,0.517504894453957,-0.0779279760029413,0.5571892083714892,0.13644781744422815,-0.8274074374947872,0.14056631910643255,0.18070210394761174,0.12216727817662001,-0.8228773185110224,-0.43017644877208877,0.2565164260798824,0.8533481566370156,1.294746927168701,0.9373009874990956,0.6475927139939742,0.5709208818595357,0.7521976579271549,0.6151427696348609,1.016790657986478,1.018237565180594,0.9076582071159301,1.0509859678980515,0.817168141196514,-0.18192913834280772,-0.22886854776198595,5.6747010016901693e-05,0.47257920985518315
-1.2178110976486767,-0.1151573339164898,0.08882325001938966,0.3201303984465835,0.5004927220191163,0.14726579521597408,0.024813840810245815,-0.3840793947216139,-0.18258882096364318,-0.6686744953520224,-0.9257478335015048,-0.7132537567367071,-0.6221396897263249,-0.9268968186894229,-0.10820221589900514,-0.6432276905883821,-0.5821990787814909,-0.26141869392174616,0.48862323327668944,0.4218736473353221,0.42433514656134896,0.8240728658284823,0.5845774753671124,0.6104349469459134,0.7517303855137876,1.2395790957200477,1.7335499111702026,1.653139687434238,1.4036045832425896,1.4752647702677575,1.4794794617754299,1.279300502331684,1.1812707120811865,1.378690046958883,1.6032519585771463,1.6588527004683082,1.4664566206796201,0.8221272071723638,1.354202790516623,1.145696069844521,0.9172834938230351,0.8762950254352779,1.2666533290897577,0.8560598804558444,0.3510182132622111,0.19497624389622967,0.3593824264583553,0.6144884064326174,0.49716809926549527,0.65643204183982
-0.23331137800242793,0.4038516104940787,0.20788186512761486,-0.19079038496263273,-0.20940628569582725,-0.23441622994819877,-0.6458034205189771,-0.39266402265613615,-0.6847907860672079,-0.7458755831660486,-0.10158993507903064,-0.08965357812442482,-0.5072876874598256,-0.6001576860801634,-1.0558109879002002,-1.2928436943112804,-1.8036230493815573,-1.8790872651566222,-1.6894268512450474,-1.0985550189323103,-1.1694786191963868,-1.0540686885312924,-1.2746414363950362,-1.3967135278907297,-1.2030145955452807,-0.678241934443548,-0.1587190103963898,-0.10895824536124595,-0.47387963219834683,-0.7382291189588805,-0.34855477226671605,-0.38484745248158414,-0.08167875738486477,0.013942106709475377,0.27128471244102126,-0.2752317936600286,-0.6134155094578367,-0.4135351120103496,-0.4764930501030958,0.4048302001465406,0.8338167430679433,0.3898891398943015,0.5027245734121721,0.37222745755734543,0.4981914647945415,1.5444306990945982,1.8987962336039208,2.0804323499790214,1.9230265465999279,1.7466994104464844
-0.509573835499689,0.13571126012634996,0.16680438602128841,0.3621500791774917,0.5864478759952949,-0.36076409397872844,-0.1551373892504978,-0.7791068135565403,-1.2594320530674676,-1.4426711468311324,-1.4038513590470338,-1.8648414141967202,-2.0605580774068244,-1.8873998962929464,-1.0909782094907428,-1.0307898185138025,-0.7686830684047143,-0.8114055163530264,-0.11838265374339281,0.04253896496867488,-0.17394910613601516,-0.15844600897553637,0.0994032613972161,-0.07004134104301872,0.19794985786446082,0.05768401644051687,-0.36912138170600567,-0.29723792813277833,-0.6147375848345905,-0.536855690491244,-1.3597576556941684,-1.0224934439638242,-0.30397976011906547,-0.4093102331922058,-0.743449013935794,-0.7471764373848427,-0.7911316969070289,-0.33952901388519935,0.06472981950479474,-0.4374498085458375,-0.3174206997454553,0.16372605505295237,0.28632801912348954,0.9897483555360042,1.0508471875041911,1.0239744246136089,0.20995478142806848,0.23910595421735842,0.6037824238687631,1.5037813376469535
-0.6337405350489111,-0.8398477176333093,-0.9391933628134954,-0.7878661407571721,-0.5543374617602063,-0.2511340562287282,-0.1932779248614408,0.18904151143052308,-0.529111370093222,-0.5514037563676615,-0.29894771288581984,-0.4338543036671779,-0.147423348302827,-0.06327175761701213,-0.10165468261767893,0.18988536917315485,-0.1678206327648044,-0.311083188469461,-0.8653777656637004,-0.7596495782587351,-0.5214410709233636,-0.4766355530667769,-0.48359116630135757,-0.0705722489015783,-0.39917939774244154,-0.4795130313831832,-0.38189251901327803,-0.17792317136118832,-0.20497260121967617,-0.04367589361223133,-0.16656990104886982,-0.31905113583299466,0.47451668510932243,-0.08403724279599713,-0.28584157371402513,-0.2541616667745153,-0.7557673654620402,-0.7855150814473116,-1.1712548700770338,-1.2549255426680384,-0.34093259936111375,0.011628563123369056,0.09431549721343864,-0.04645603503124023,0.2240864208386777,-0.005177449651138314,0.5200983714575655,-0.12105007290438508,-0.09467299878820618,-0.5055017862256411
-1.8337286324380782,-2.383820380818935,-2.71224774810797,-1.96623713254325,-2.2701924758461955,-2.68456934281201,-2.198383374795077,-1.7905352207278211,-1.7909835984088782,-2.010237631318889,-2.0160380787228283,-2.3452493558712257,-1.8557055081195344,-2.132112781082194,-2.1308167282587074,-1.7621384331613834,-0.9984563748571883,-0.8503257476276838,-1.1493729976385152,-1.7476045707516386,-1.645510077866231,-0.8640514939787026,-0.7208607894636605,-1.6508865214728192,-1.5551831843281307,-1.231086656762421,-1.3428320149209656,-0.8329782090169402,-0.5495223137062624,-1.161160077922753,-1.4125731376946924,-1.371575101320395,-1.169719548261875,-1.0711453390775185,-0.6218719684225523,-0.9363052203493776,-1.5583559751989937,-1.0645124408964644,-1.204024688374744,-1.211486340438906,-0.8152802155469664,-0.5853636206064087,-0.4726277793977455,-0.5116647971576298,-0.24434742095514575,-0.21882366392313765,-0.4211107849590455,-0.2741118722077227,-0.08273313293729465,-0.3359490335610669
-0.5437637753760803,-0.8356035354021358,-0.9467053371193267,-0.7795359027872014,-0.9535779194332982,-0.8889241900457088,-0.7014539393533662,-1.0832790623662165,-0.6370119143198665,-0.8917838501023201,-0.8025587032141271,-0.7414038373707773,-1.1734963324646195,-0.595420485006228,-0.2948700185281395,0.12646939997010245,-0.3123414399214107,-0.09440966164276336,-0.43853181802322344,-0.3619247604696014,-0.3694320380023218,-0.5319086603607914,-0.6985406077906793,0.03550776430803172,-0.08012026767709307,-0.07969725100316256,0.05969436304313965,-0.19480219164176144,0.12117102845819473,0.2553851826908354,0.7200957880664045,0.3451897891632841,0.34043460762541317,0.7181317046326732,1.1070678494255095,0.9004177925046715,1.0628854654815882,0.9902855880907132,0.6301420746157268,1.4687563548276679,0.590396620062205,0.5776207647224519,0.02921555314547963,-0.22309794830182636,-0.5471459394379101,-0.38583390354903807,-0.23817819024716022,-0.3014497834467475,-0.07667465971490477,-0.02655069399632388
-0.24019357035810227,-0.07055811306091134,-0.3550149894076553,-0.680783953537876,-1.1899573368880483,-1.628046128459283,-0.9602894397295536,-1.405805989294999,-1.1238710295296408,-0.7268836837126258,0.1808961947173944,0.15419387306021554,0.6698989163450942,0.5222060991825171,0.16625589713286243,0.20357528289066706,0.4708631110957089,-0.05718420058464768,0.4553116176383165,-0.1912780352520167,0.061107374974002315,-0.2631704074335279,0.07626035701312295,0.7006534355220152,0.21248332667902275,0.46472167109235774,0.8984890440625518,1.2726179882043582,0.9950723430202076,0.5651882671958073,0.540608399482818,0.13733639075576817,0.38557249140595706,0.13153454152203956,0.3038641689266072,-0.2317865470581629,-0.1918807793519297,-0.6716852197876128,-0.794071312829329,-0.521168959053317,-0.021996316783101176,-0.11633142938076792,0.15490252159046405,0.34244692996829235,-0.26271825658068,-1.4500356025405625,-1.0712695641093937,-0.7128933704113262,-1.1037173809691279,-1.76090844704513
0.7958168190057031,0.942155551002075,0.8601254093885804,0.6846220120967214,-0.06675552474353129,0.25153824182295265,1.1302513151714237,1.0040342396635082,1.1269737549891867,1.1069206407732413,0.9802969241517145,0.9696407274670977,0.9942409853391514,0.41987577935253567,0.45144863506308774,0.4737893773411089,0.47694539197658303,0.03302312063829817,-0.14727463208633507,-0.28052963235447465,-0.27597786144219516,-0.286641012564916,-0.48658711072800903,-0.4567028481348974,-0.1647580450240457,-0.7479567848675563,-0.34319194807083075,-0.23631128149476155,-0.011467184213778984,0.15763283232888992,0.10060826411474733,0.2986443057000199,0.8060462231661324,0.6040200693272711,1.1567784607705591,1.1785920388894255,0.6007074845231021,0.5852884452986904,0.44834063901295146,-0.17949045389159152,-0.17525983072971849,-0.7881101430199902,-1.4602059907823777,-1.336491380190313,-0.41746529209350824,-0.12831963823190393,-0.5302357204230543,-0.7507948946969962,-0.28273197369364206,-0.0977587114051106
-1.5526167114109992,-1.6423525137760904,-1.3908314255942624,-1.5179447190157744,-1.8932947346704752,-1.2486250754763797,-1.0410397948672898,-0.32346954252303334,-0.7302946011610284,-0.4998129713254802,-0.9573308829299932,-0.5725044222711525,-0.4669380731594931,-0.7267867945452782,-1.0689758193621635,-0.9106346770691458,-0.9334407133598938,-1.287580608213951,-1.4823129858894066,-1.7087934905683326,-1.897899464967849,-0.5826285842322829,-0.14240919653671003,-0.12016294074897724,-0.7748190363510746,-0.9248650209069613,-0.30191011594522515,0.012309245950754477,0.3022564876841673,0.618061779390634,0.4472160425166552,0.2947382415474866,0.23524257177692054,0.730965744020592,-0.0404538887132125,0.10273620051980213,0.28957013579145513,0.0888321086972051,0.44778269029297296,-0.14257609326575368,0.35631883923478325,-0.4019192334124978,0.21746628166348417,-0.6125052782220983,-0.41089853395005277,-0.11322140801263307,-0.2945596678763154,-0.11016608991529321,-0.4459072545129267,-0.45115823914485786
-0.24178641586992333,-0.44793725259428124,-0.04561630096240895,-0.9177231543647018,-1.0361541985955587,-1.348337745534915,-0.9846724047298357,-0.9110519583489384,-1.1425681391833018,-0.7749503460725685,-0.6274200326097945,-0.14288379143251953,0.10926697707624405,0.5016044534731785,0.7117912573794787,0.40126386656892676,0.2428085249405293,0.4880986260957579,0.13966419046927364,0.2422708946836309,-0.45532373488316913,-1.0336750761165776,-0.9562757636680645,-1.0004836155726515,-0.9027179519693826,-1.1218878767458476,-1.4392579616447534,-1.1499049785462359,-1.6660206876878088,-0.8677186329266534,-1.4601780275752614,-0.38363418275775385,-0.4382414392915743,-0.41459805620379064,-0.5019371309694992,-0.27131066284254923,-0.04280230731378517,-0.1227651922212872,-0.33136510252808904,1.000453454721904,1.1346653115743306,1.126276795206442,0.880463192549106,1.133493488096567,1.174344381119907,0.9229478483825005,-0.18930028784253897,0.8077477772615698,0.5373573604975019,0.43270539341398323
0.7619854637669597,0.9856085241813787,0.4261339268143636,0.45060884042417393,0.2914954717186288,0.07321967174402372,0.5822622108188882,1.3037701457804496,1.4560425282207983,1.1051315124364796,1.4421438842807308,1.5851980724734085,1.2718191984478715,0.9786357779113743,0.33881661699854265,-0.02077287718603469,-0.09700563346262256,-0.445792464501404,-0.5418031424026419,-0.3528410654721102,-0.2531868469498934,-0.540158716891372,-0.5736861581137676,-0.32198815172261636,-0.4193214652940392,-0.5348771992904535,-0.4260942872185294,0.38821378008816665,0.18642835066148805,0.27538659092400924,0.5350476374544854,0.6320957318089392,0.5961080548987456,-0.06775014867125934,0.009542169817358524,0.05681584295641484,0.7473992420414507,0.09273051442428272,-0.6313341343462389,-1.06012402985775,-1.3794524508562127,-1.3967250890185752,-1.2159368456211408,-1.0264908493743512,-1.2157347006625163,-0.920881678562059,-1.1952376778723721,-1.5358178930926578,-1.1524549087178528,-1.3569175624509642
-0.6334506674576978,-1.1056105129312173,-0.2984751500468287,-0.2979211403281829,-0.29003878228264884,-0.14604483402565288,0.163192245456364,0.5083067757107185,0.5345603067017276,0.6589655287971616,0.8077755300059939,0.9968877323389852,0.06998791202145578,-0.10776023891597489,0.84268474717972,0.4417900095674824,-0.0635103109754401,1.050488931569709,1.2166670290202457,1.3455533336620327,1.1650837730337311,1.1450120844570224,0.5722608004225013,0.5324297539869436,0.8753398431272812,0.5930759442112727,0.7114356953707767,0.3113894973957502,0.2626334884138216,0.3690596595678201,1.0801053202456794,0.2054249510875746,0.25728805355818396,0.202449874004285,-0.15026538205217918,-0.42998232022984956,-0.057421084134398545,-0.044102405125552684,0.29319460658894786,-0.03013374894219735,-0.5474066278542947,-0.692222386891364,-1.2441052504058572,-1.415133569327125,-1.0462278652607566,-1.111012391948249,-1.2674677710180862,-0.8026884573927626,-0.37293978816610335,-0.2879017318336963
-0.03929197286168245,-0.2929454586049522,-0.6557544261197987,-0.5662231389921748,-1.158926605057511,-1.766432389687892,-2.0164245897415034,-1.5568823441968962,-1.5396919044099426,-1.4300724322646596,-1.1261297040903548,-1.0301240821557576,-1.3117164248229827,-0.8259256606419425,-0.818523225065731,-1.1972171809015235,-1.2483683825470622,-1.1550291251942948,-1.1005785451563332,-1.1201613346235395,-1.2699279859590682,-1.8852953428808201,-2.0422362754237087,-2.4364340977639993,-2.6412248079888707,-2.0198838112804944,-2.5249191234949135,-1.8835272679884776,-1.661210208248779,-1.47874741482144,-1.3630095766872912,-0.7766067949267506,-0.043654834689264836,-0.5724753028397577,-0.7052403268019125,-0.5962655798896487,-0.5136267600031699,-0.8457836082547568,-1.0071107773412231,-1.0544474448232921,-0.9369788570520678,-0.019115812200098826,0.13223272969154765,0.07150757581842643,0.35031664676218577,0.7259074837806402,1.0405594050612446,0.8906222598361707,0.28614779454595046,0.1999717388292094
0.3674178005348324,0.16318885136886088,-0.7381570459815124,-0.3857556062873853,-0.18385892282410368,0.29829266367132384,0.27232669484919275,-0.10527694323788611,0.3918795524772465,0.37183708498212764,0.22601502436250676,-0.4392733405843592,-1.210723098760299,-0.8155463396739284,-0.7357833989399344,-0.7788668391051886,-1.0743312144107708,-1.3637857744382629,-1.6024575143384536,-0.7780702901484708,-0.4031537939445903,-0.37849463520545346,-0.3090240594520464,-0.17196852920931144,-0.25842324431764957,0.09462518323134075,-0.5133606356025245,0.06212870023382056,0.37736406027558106,0.29755671955508056,-0.17965312318711574,0.06828089274191478,-0.38658078171885624,0.015805974351455587,0.41111009526160025,0.6222787377106521,0.2579245322390113,-0.16174501856247653,0.38637687897344186,0.14863905066179786,0.21053592682692368,-0.22686277418941098,0.021430532950101458,0.2979681197014482,-0.3697245142347039,-0.7951807553055239,-0.3957861052550255,-0.929753521768818,-0.9704214391256084,-0.9203791315623178
0.8256166815944268,0.6976671944304196,0.17967530702905948,-0.5680343541058047,-1.195720200413897,-0.9329052980164823,-0.601116836231277,-0.6000193192286254,0.10398047713461127,0.3131086824654811,-0.49571712488962594,-0.3239091935319261,-0.3428996737307844,-0.34758289530452385,-0.34050960568025834,-0.6358754231166789,0.06442796494329964,0.3256854541156415,-0.3203185557403118,-0.40286234923804504,-0.8496934561352599,-0.1994653087916525,-0.35415408528726716,-0.723897195070144,0.0041106106593747525,-0.4641966522902097,-0.5527335214797077,-0.5069912447197139,0.22392117836245412,0.5414034049464377,0.5503575651760242,-0.4444236381228532,0.6008277643171642,0.43044873199492656,0.20847252691050625,0.1989996508973815,0.8630088447923281,0.3182522187969652,0.19000431240375346,0.3401385177243024,0.4808436594822791,1.3076268255555923,1.2707521395140682,1.5551078715926143,1.3968381548881839,0.7631313486641123,0.6703582721098557,0.2938911880597913,0.09983999391908743,-0.5126590891065232
1.1990505042046689,1.0570283466206016,1.517124124050175,0.8912091085082329,0.9491176996119454,1.0983100281143992,0.4461838385244951,0.03673512037742203,-0.6136044547767782,-0.7324357495948114,-1.1539458872664252,-1.0513285475143321,-1.0416005588554007,-1.0374590149854597,-0.5205416519190029,-0.9165840865826684,-0.6043051113778924,-0.3505678535192573,0.8516459536157904,0.40128446504413434,0.9788192542481844,1.34247563527153,1.1187177135412307,0.698794032457598,1.1972185275313028,0.583170471361351,0.7233322107472091,1.169819546138082,1.5206237825483668,2.1994636192175854,1.1632320524753008,0.6417394417360445,1.0923496257950063,0.9979733085163539,1.2502055201955713,1.4043030510822303,1.9096400354735232,1.8050833642606987,1.0651063086852184,1.2951204783060044,0.836613582217432,0.4885296451556956,-0.10935964618479817,-0.11181405749436721,0.10288293440333711,0.45908531161382266,-0.5952919642999009,-1.208727937364594,-1.0011519621308071,-0.8888152132062407
0.1496798109727935,-0.34101904063153293,0.09978000720505095,0.038715759654682186,0.7306660962680016,0.30839141502662626,0.11491535970370031,-0.6481104838917392,-1.146605748762005,-1.0731623465528455,-0.7680416213856772,-1.1839455756750672,-0.7238077323598214,-0.6714847802581613,-0.6793125334561299,-1.3149184759778154,-1.1561669749569141,-1.1438538679492392,-0.4658935866921349,-0.6720435771583995,-0.5733769604058742,0.025991612540385983,0.03353798049429202,0.283788272617744,0.2652213952912588,0.22105543234920205,0.8527118035797497,1.230095722788212,1.6470193349115352,2.2591660363140256,2.3445076234022992,2.0096018839529006,1.8379460491146093,1.1511314005234945,1.4702611392280824,0.7819774826116397,0.9610153103419568,0.803182100694997,1.0291372075323881,1.4262702636609048,1.466389551744164,1.747861256209098,1.5482591486010515,1.7170473792994827,1.5537934153339572,0.9663715839363534,0.13815767631731932,-0.00892079776400014,0.17402027512928817,0.00042893162330409065
-1.1154333312441351,-1.3554801499593008,-1.6590478063699785,-2.684523628114923,-2.1876878114325313,-2.001085213819589,-1.838535347427357,-2.018722407216224,-2.069833436725879,-0.693142233439175,-0.8529687607337287,-0.39073345876960125,0.06340182590782245,0.27812972784197143,-0.05235238486365046,0.05178065937953932,0.5115990003910346,0.16052883399984041,0.04472398726907666,0.5482197509565808,0.3739168790094146,-0.11206839255461166,-0.16108389636477993,0.12190760903877688,-0.39350266022936775,-0.08405417214040725,-0.6650591560924424,-0.7882003893399497,-0.2956326223458516,-0.296499378273733,-0.2280480089053286,-0.6695931622233761,-1.2204486586089676,-0.4923823676926615,-0.29047655501090336,-0.24239606136773775,0.5631011998512931,0.3492206046202572,-0.2758583820401707,-0.4094095145372687,-0.46186285683534006,-0.5132191392609735,-0.3275972998202109,-1.1305582147110662,-1.8173496771426423,-1.5740858275254612,-0.6850609436792772,-0.890358393414672,-0.8809474713331922,-1.7694922747486128
-0.2666003205026579,-0.517872202578064,-1.5248045152122447,-1.088157671431237,-1.2956694877144896,-0.9381103363502149,-0.6346831222156949,-0.1564547792399267,-0.11858558644205128,-0.01745853085788193,0.26976540794681836,-0.21035033893143606,0.5442363346875012,0.3181830903734919,0.7274325824081647,1.0697159484124936,0.9845754043546034,0.48273433994892917,1.0862581145546202,0.7990394770568011,1.0016288041801291,1.5853897519449849,1.848089029339443,1.0510346408978855,1.016628569506693,0.9294110627336593,0.897278425601444,0.5985713354329251,1.0362491176613138,0.7415787907221829,0.7680460302032591,0.6789116684997683,0.5387712234063711,0.4753903461127308,0.6657026402023803,0.3689656424426893,1.2991674780967644,0.88491766265883,0.5824288411789315,-0.3137774881126356,-0.5922930616055132,-0.04419975501381641,0.6352013084916455,0.1502984439690869,-0.035366278713296076,-0.03199840828328209,0.0286475757944529,0.43204846195758384,0.4996232498178659,0.7312157691587251
0.6351535685936219,0.2925461879403397,-0.07857993214240287,-0.05188269840705757,0.10750971959359583,0.3849005501881375,0.12522267163122508,-0.33977885741496383,-0.49736154056036547,-0.6341524538747135,0.026973846256494894,0.39602273595425797,1.0171113979990203,1.1824309920206042,1.1486866697668294,1.0843976138593532,0.3822363877965576,0.33694872466349435,0.32887764423318466,0.3546290638160342,-0.4094082353182503,-0.47151164521197664,0.18723063604302015,0.5387907571352112,0.18899366775884277,0.6927849562960695,0.7541175444608355,0.9347405549487673,1.1306390659503944,1.1429636694314884,1.0663564818824884,0.6311070228966892,0.09889014149425003,0.10964102630248071,0.058010686349091234,0.27100163523162757,0.3306226692005182,0.3560613027654229,0.10285954344364234,-0.5460851416615021,-0.9277114736283909,-0.4771931764226052,-0.5160562810782573,-0.686443264991312,-0.2836998030863327,0.16044703760187154,0.6257822983586809,0.7261833693193654,0.3267991432115747,0.7131990768473616
-0.9452639559625096,-0.6981814224151668,-0.7426342656808941,-0.6471456943392253,-0.6413774541521924,-1.5669801201482854,-1.6229098547307101,-1.538364737907028,-1.4762003224977984,-1.540787483135947,-1.5925213989789062,-1.5740411137093713,-2.0661933237138492,-1.634596303644484,-1.1309551239569875,-0.9601826214253271,-0.9588717656262356,-0.31414435112868605,-0.6987174581389858,-0.24723295270618098,0.08241031059705801,-0.0019468659870592016,0.32016353951078924,0.2370731673688612,0.2544604364954539,0.77731839535023,0.9625446682924381,0.7447755809416782,0.24709094322469274,0.38046247817464535,0.12158239752273299,-0.2730434961322698,-0.14562607578275122,-0.20058293555050727,-0.39839058356358803,0.05537452211343335,-0.3449481720323074,-0.7512564144014111,-0.508057481519689,-0.401582767311975,-0.764438130433819,-0.3062828746876571,-0.5756700746640817,-0.24237637783811522,-0.15723308342646,0.05000198861728939,0.320911993852483,0.5933347123233554,0.7779277690410411,0.6990330880492851
-0.3050899010832882,-0.46652490667430807,-0.6473902378796336,0.6078223907106305,0.23380090161143047,0.2293550759661674,0.41903158203459506,1.573435780021842,1.679696027518865,2.148318058766326,1.9234612556873765,2.4726612914430657,1.8867538795081051,1.4803599645648098,1.9882830110281122,1.6255929838873941,1.52380107143268,1.5329915244316465,2.023027578900952,1.425405474375411,1.4627342156053447,1.295050766519847,1.9275855255662164,2.256184099185847,1.9941766576867523,1.9901863781216125,2.03766245435516,2.236631684209745,3.0053282041278804,3.3090905373222976,2.7411831640468765,2.4516670365709334,2.4442046067868812,2.340039060767309,2.662771524834732,2.9021306320756604,2.70512487881095,2.092808909996599,2.6146849830469274,2.3055678270163797,1.6952208615571789,2.515257986236506,1.939674995154066,1.5190868429560516,1.3574600251245041,1.477249129842499,1.899223697850178,1.7809634645223442,1.3931272698618318,1.088746215221201
-0.701878340240648,-1.3665874754535883,-1.1831939413046364,-1.4355092518802501,-1.2455048950325667,-0.9034844658726036,-0.3512021412245447,-0.8228484528086183,-0.8771802897828539,0.005851899881470912,0.3592195385812294,0.5212962936209746,0.7034167200216576,0.04799054465226833,0.29192533466942827,-0.5478061268263076,-0.7203699722170867,-0.9324730469664814,-0.4084692482834636,-0.5589401814206286,-0.23407710458599554,-0.27003438189632645,0.2089436838488635,0.27105744126857234,0.5711928282370039,0.3628548550487722,0.33214660862197204,0.03664628825975398,0.08558617094117028,-0.8149546070614979,-1.5573167564658046,-1.1099454006550615,-0.3004052213809056,-0.1806710837388911,0.5140287307342187,0.7591239511131211,0.4096007011955313,0.5457855826866015,0.4373941777111511,-0.061790649988028,-0.3053357170404478,0.11779118641559172,-0.057325094687526154,-0.6595795271488748,-0.25922570786985344,-0.33364204415066306,-0.012493759736627964,0.6754179435895058,0.5539416117716944,0.15613981002855462
0.46874481288041075,0.31210016407978913,0.26594787773936723,0.5662019211517574,0.05763561745513109,0.04101354472605679,-0.1892764515769636,0.12199767090916828,0.11308116176775146,-0.1026400583993914,-0.22136182968365742,-0.023861411100346674,-0.48723502096311694,-0.8008224231371894,-0.6827528949183461,-0.45765513958359855,-0.38415408748062657,-0.3841090909085498,0.6732214964268064,1.0746226928063038,1.0445016157592744,1.275057507037735,1.8322631206318811,1.9267321220667915,1.8712477472705467,1.6357430752707502,0.6740124768377621,0.6909013086593161,1.091804101909895,1.1244157752344839,0.8320056903379622,0.7830694527513857,1.455589541038013,1.7091372353202894,1.9823628968827796,1.5090237854905146,1.6280500378847214,1.2313617350587243,0.9904489601533101,0.7131729735851111,0.6591727852883419,0.051540200716679314,0.7046573598984202,0.9826376909361231,0.32418735694824735,0.5611588881238244,0.5471773566348537,0.4829596885106656,-0.30765667868755103,-0.01409093235048338
-0.4753094664856883,-0.6199602855682834,-0.15116213091167394,0.0676764976403674,0.09865618376247992,0.25343269174336075,0.06650800818100323,0.4648099245277964,0.39158311373255456,0.7996867460192044,0.9964802126843949,0.7135916416132031,0.9626960871727409,0.9355579795172537,0.5650856484494864,0.965328318438113,0.545207900290679,-0.18320972824226675,-0.0794213806598126,-0.3330737209490083,-0.774282517033776,-1.127640409896815,-1.469478297266715,-2.233940939545384,-1.55516238115787,-2.228360005549367,-1.669378164238647,-1.6610690221133448,-1.8041088443435749,-1.3794965890432411,-1.1117910294334437,-1.1991367113674116,-1.4985774671027834,-1.943109168296145,-1.708433314211799,-1.5029117872624784,-1.259590904610227,-1.4430183469422166,-1.5504147665983845,-1.2953300538966006,-1.0483057837200958,-0.8654948416397674,-1.1948092083409472,-1.0445595105306829,-0.8251784593257979,-0.6830399374064924,-1.0782677346219818,-1.0083293525050403,-1.3202775656958137,-1.9724254425182965
-0.5591469259461942,-0.13744938013849586,-0.1603877628270129,0.6862144004847622,0.46810910807420386,0.6216851184169896,1.0081795714759674,0.8141495575516862,0.8590410572438559,1.2562336058618635,1.2461860254714827,2.3378330535164435,1.7040768696837298,1.45527393359542,1.3279330541401413,1.2915835751289042,1.3677362243639317,1.0844677993111111,0.5823157734936935,0.352343004057442,0.49723647256530645,0.5719210190171784,1.2871283450784148,1.265287195021836,0.8642736362299449,1.4262051101342175,1.5076910044222191,1.76589042201035,1.539189845550318,1.4911805595756877,1.9802451242688914,1.7277057782958187,1.4903216725797055,1.5365901860419142,0.8451428796375561,0.615490367170106,0.5453833363554487,-0.11395646734114863,-0.5875720157241077,-0.965278030505363,-1.4073582930761306,-1.6050600516767732,-1.0730266105333472,-0.7388790569678813,-0.5264042667547383,-0.26242991565651846,-0.23954303831313795,-0.21665798882540316,0.16188299290903682,-0.19755760066347358
-0.26378294413972736,0.5683676242484732,1.361568776968776,1.0163829641791133,1.1338493130673257,0.9942005985193052,0.7188094342364652,0.3604073203238132,0.5571279290166087,0.7402155170602345,0.6702918972449992,1.1339963804004798,1.5595054591938182,1.3273392920791822,1.561177997175113,1.6736573690142054,1.188709738694793,1.1201315498244786,0.3911321681882248,0.17201250423208275,-0.5036393728611555,-0.937908226031178,-1.0418625347382389,-2.032728434679483,-1.6524373693563112,-1.8187034157085853,-1.6327897375277798,-1.77283159572306,-1.5243166199999407,-1.5055601450393077,-1.9521851015650644,-1.9494631255221089,-1.7283136475953107,-1.976899165696864,-1.9059885705429005,-1.6827692795128708,-1.7448910835456573,-1.7209068772293918,-1.4167897807299097,-1.3517684194884236,-1.5668262354974822,-1.4021672514702133,-1.7093582437988648,-1.5378445248615933,-1.3095406031165977,-1.1833819363821292,-1.3001514891811488,-0.4372187626502748,-1.0318602859726664,-0.7445409522997475
0.27641933660484996,0.8071858122561544,0.8350292314869587,1.33632459847274,1.9866447590372345,1.691237129525287,2.526922348099528,2.093141727769343,2.331020811058913,2.4249265013398906,2.85098541811124,2.3256927997108754,1.4428581238453804,1.2890059256725575,0.7328989354178536,0.6535283160659848,0.5352850921327562,0.6632900821037321,1.1634262688709893,0.5146320859852417,0.4261580014520328,0.22712902781309088,-0.38663756360392026,-0.9528303041661768,-1.0380462874099832,-0.7364797423616367,0.14416149912967766,0.6567563561335951,-0.037983150861612684,-0.4409743449943754,-0.6588550022730515,-0.6669437040467686,-0.668359594721257,-0.9415923939436429,-1.4740074322846917,-1.523705671125073,-1.3835468825763821,-1.742437137431737,-1.5972718348874113,-1.675850188959141,-1.3055141943508826,-0.5623802397315023,0.19786108004253314,0.0292253656530682,-0.06929339030867335,0.13787012591299486,0.136239015969648,1.1419489668424112,0.9481012721805581,0.49229426995644343
1.5407337964977859,1.8400841102540046,1.8718060996472814,1.849146298918902,1.7017025695148293,1.1358211380810683,1.67728704513569,1.2703818184912823,1.2486754948415768,1.619078640454167,1.848021539315962,1.5245549500598932,1.1379321308068393,0.6273573256369099,0.9298067189409295,0.6754983301732966,0.21642646633001433,0.7432965518067495,0.4946334528160836,0.70386439579635,0.646070807822033,0.5185224721776094,0.3633838349844897,0.751868114091651,0.6037242305045767,1.3817140197117646,1.349961874981899,1.18308427047863,0.574164896695263,0.7848509101913504,0.28236451322710615,0.44689018742944026,0.544091533148624,0.5180355101884551,0.931697541563976,1.168330526598051,0.8237406397098515,0.8904331109712331,1.0147238291694414,0.23673225620688856,1.1464477802271733,0.73746046381577,1.1857931151137764,1.4605918995506684,0.7973154057536697,0.8740187977527524,1.4021688741570764,0.49340032811799595,-0.06931270546642976,-0.7414448969515718
-1.7219400553206359,-1.0056137805418266,-0.9483231202534549,-0.44867900000200195,-0.8796469721774544,-0.718766266391212,-1.357346896747828,-1.0050674010925496,-0.822941334539544,-1.1661367202201778,-1.0603565270966504,-0.8268440594655262,-1.104870947411608,-0.4035146043308806,0.2690708020724094,-0.15580556359774306,0.3089626175905298,1.0162001591652428,0.834057359440664,0.44869079735134476,-0.3758320593025592,-0.34309496936749834,-0.08922951647159637,-0.1687319178716564,-0.32229112480512956,0.13661044090009958,0.2562105990720376,0.5460648287976483,0.5156292559745194,0.47971632225592914,0.537094404616306,1.0081176399067795,0.6341821422388558,0.5428480075383598,-0.48696740284076007,-0.03969695873571772,0.1128132177884846,-0.0018830315839641525,-0.4596908064371643,-0.4970959447271409,-1.2924667933824345,-1.2228209325538506,-1.2726024546499264,-0.8047238425545982,-1.2279177925415474,-0.696432364277091,-0.2573523442793933,-0.0456959297959063,-0.0813346660670305,0.17242169385969092
-0.2129517151758437,-0.7428407105008313,-1.137187286249295,-0.9494588712562854,-1.0881619704450405,-0.6358270695707744,-0.916854691959974,-0.9335907341683123,-1.5436082222104779,-0.9914335162984608,-1.0021648041448594,-0.6084220874704758,-0.5362215500824936,-0.4269787132176948,-0.36087660675315436,-1.1627348310691468,-0.8406617098716925,-0.34332807187854697,-0.5512781056725745,-0.17058425659146323,-0.2764325709906543,0.3057616335918631,0.08769114905963124,-0.03327760360143309,0.1967850915850446,-0.3285257297471144,-0.28977109979122995,-0.09079979046682679,0.1057610301994046,-0.3260220744091005,-0.5498898244623011,-1.1328449362619963,-1.3484331170515313,-1.5833339905535126,-1.5988039900043869,-0.9190502056364392,-0.8684692773185423,-0.7290467367737173,-0.42284361150940963,-0.2818866337786685,-1.2457205592955378,-1.1207790506772382,-0.8176880317233861,-0.7705409407685064,-1.203868698428501,-1.0952256893320291,-0.7622917557216724,-0.9578733191553441,-0.896428169016912,-1.0374896548698744
2.1333428794719884,1.7447441803593808,1.776380577225999,2.559304987985267,1.9677776505830276,1.8693279385513306,0.8699990155098256,0.5183687584042382,-0.12837087020791665,-0.16960658658356403,0.5457264525706914,0.021106169175244518,0.23680744574978996,0.37921936954571,0.16865312976709096,-0.0002832715801433469,0.2501596977347547,0.7132137508956962,0.06302781540022076,0.44653053282882976,-0.23299807392633176,0.6191213916148017,0.9144237722671863,0.7043489027102454,0.31150908801615446,0.34763115458045024,0.8259225242379402,0.7202462514681662,1.0995548089136233,0.8496111657509273,0.7500123496140139,1.2755208874897002,0.507875349424061,-0.10052253008795208,-0.3902085343038389,-0.8421077494981746,-0.1975360429228728,-0.3886388319588082,-0.7693778786676493,-0.9291261410061451,-0.9609001729251092,-0.5757465349890949,-0.4188559971644371,-0.6957021746973938,-0.6925528470143445,-0.8740039933148159,-0.7891426506144597,-0.7765027663098606,-1.5575522843904464,-1.2477427802430392
-0.2224413676371804,-0.20687805403145354,-0.08424527175418688,-0.5320978532502065,-1.411460710561551,-0.8071494012259482,-0.3070553576377337,-0.18950743714261145,-0.5762863951191126,-0.015278480864984624,0.36988494770707225,0.03558235793455276,-0.10370881101355608,-0.1522343475242025,0.20048442048970982,-0.11649336902936505,-0.45323761109438776,-0.4106765710975036,-0.38265623658675313,-0.18615294710574715,-0.6825998127556624,-0.05391731314123949,0.2604101952603987,-0.308697742547224,-0.1511972004644711,0.2652193596105093,0.3683575345530913,0.2572711340937446,1.1976824078681956,0.6911003112042596,0.5303879227073406,0.19346773687345323,0.33435849551488006,0.4973727959299288,0.574292222523198,0.8652139310116483,0.9062331557359128,0.9230573124254915,0.634132252711279,0.29976468939092105,0.27104410894135983,0.02986080855312835,-0.15909075910887313,-0.6681301983677075,-1.3893325538908172,-1.584411121427557,-1.6740403217001332,-1.3165479786139416,-1.1247452585226887,-1.1210978350201588
0.970674378520368,0.9335284088667477,1.253280535241967,0.9951064088409826,0.4766203905017475,-0.4229312671483265,-0.3598660892792325,-0.4934908969204877,-0.4329501322085612,-0.29542200566443105,-0.2989283325659514,-0.16558626111176994,-0.7613587376495032,-0.7941621011009793,-0.48260226531679296,-0.6000609469919366,-0.7581392490728284,-1.0568904000248385,-0.6123320841750628,-0.9283259926713562,-1.1572692110815521,-1.8036128654684278,-1.602817991264371,-0.7681686558409772,-0.9346064571489816,-1.0575463962765093,-1.1551660373600092,-1.0759693931453764,-1.8902818015040157,-1.4003443858978695,-1.5169545974167795,-1.2326468782916742,-1.304266640639619,-0.8303510444711087,-1.046930872787631,-1.2578625003271464,-1.4733638677773329,-1.0215184963147177,-0.5759082748577159,-1.1936737106542101,-1.0034502845330817,-0.7100283097147024,-0.8910707680181504,0.07994368126599875,-0.3113254067600294,-0.129442173385092,-0.15573248600559225,0.29892430869414527,0.4633553032632495,0.9355267103220698
-0.15556273991115965,-0.19302038428650858,0.1032415983692247,-0.6188419753881493,-0.5630472946264727,-0.5120488501818871,-0.5745526769579454,-0.14498522206927483,0.02548592530649032,-0.0324774492224998,-0.1934080380592705,-0.2644439321377162,-0.24477497433014433,-0.4010889265208114,-0.5885581207449015,-0.5184096296420093,0.22817891566295212,0.6361682719895504,1.2356507445937717,1.307764154993877,1.5859102243896601,0.9231234149485198,1.1850080372704328,1.2156901513351899,0.5791242757124402,0.2620672637099675,0.5678196102403875,-0.3166462035961332,-0.20462701862021104,-0.2282702922433668,0.1438401013908244,0.470488653319123,0.2434452509073496,-0.5719450591039913,-1.0187189199493816,-0.9980279412368865,-0.5196417747735571,0.021638212553050026,0.7868560639820916,0.9899973138789887,0.7508613171578254,0.6383001591197169,1.2859618522117695,1.1703004111310016,1.0510274727061948,1.254891229731333,1.5237034132289422,0.7404790362348678,0.8184496446114192,0.9757126903642589
-0.8928290996298691,-1.1795540538674676,-1.4273638389866807,-1.2164738815466356,-1.4945074717028175,-0.5329603680019546,-0.45858540002272785,-0.4190008819788043,-0.9328155942570107,-1.3138643870599889,-0.8061688939023888,0.2197677950307095,0.4995255166279353,0.4674124311953474,0.8718090075370354,1.242258338040111,0.9587203844380565,0.801584644564997,1.1710380969255338,1.1629142253488813,1.1131137766463064,1.522377265530288,1.4752071580909258,1.5253877544503753,1.16065626073939,1.3959275849139614,0.6945448569279467,-0.12162137880429201,-0.44299954637286854,-0.7730230953951758,-0.29783570578053786,0.22512304226569302,-0.060503723404090895,0.11177791219180686,0.10519275563101284,-0.41074576842912025,-0.1340094934371276,-0.38914381540990106,-0.10454744186039983,-0.5377957415991648,-1.2864408247419548,-1.3374586744549575,-1.3295344862497984,-1.5496436003838907,-1.8174347313275634,-1.8556170999387984,-1.1306269657277606,-0.24425664912124356,0.16661184350129762,0.36206512422260284
-1.847016532990505,-2.190028789128946,-2.2803507119219155,-2.3759316882127366,-2.4491936579341993,-1.8256311807041024,-1.9330894514644965,-1.8838399065311158,-2.3539052844532766,-1.756836944565159,-2.1685211353392537,-2.238223941964114,-1.7236339128949745,-1.700041947866056,-1.3677499451413748,-0.9592325171016143,-1.4034406501300558,-1.2256018843278575,-2.0486880898594153,-3.0635064167491413,-3.1216682786481322,-2.985458963055429,-3.2477572641931296,-2.4886427047770012,-1.787629708760735,-1.8811930188215966,-1.784771392030024,-1.7783645576110085,-1.4550156590510976,-1.5394321148005274,-0.9088362693442289,-0.7880400811461329,-0.7650829290140337,-1.3466912746738695,-1.196576476239906,-0.9948154551994017,-1.5376148458965562,-1.7900107644880987,-1.4634302630222185,-1.256604163054894,-1.393895052586908,-1.566217060628289,-1.8800905312682135,-2.4187230398953843,-2.428315083003273,-2.380838052236729,-2.014911956045819,-2.2263791672547257,-2.3336129411080644,-2.616840796331454
-0.8068320343331397,-1.404067503347097,-0.5901785976699203,-1.1678077201496633,-0.7024783531435916,-1.196628233209318,-1.3005104182138787,-1.821512200986261,-2.3512215835479315,-2.918213598607722,-2.638775422496471,-2.344925019002453,-2.5887855278473113,-2.6436222155903812,-1.8751321410318078,-2.3305501370659223,-1.6061024597834666,-1.6539823260459892,-1.2924786553905177,-0.8541959017444659,-0.8291340025851919,-0.47640688847136103,-0.19128723509743453,0.030274059080388584,0.2715448363003116,-0.22293450962270406,-0.9865777901533731,-1.226933352957341,-1.5277041880923672,-0.8704879657883827,-0.2536744226033285,-0.29280747275070107,-0.6783173198985892,-0.37581486652003065,-0.6810835892650006,-0.6870484792684365,-0.5425781345445918,-0.3198554372560423,-0.38034922870059784,-0.36836932348667584,0.31932383302603445,0.5269598499512042,0.25837812467329857,0.5978185380171607,1.1958809461345161,1.8499700201122726,1.5475354832066284,1.3234320294417548,0.42936341371772174,0.2702229041844451
-0.11037831590549083,0.7128489282097739,0.6249496769588844,0.4293300868056716,0.5682685247421144,0.06679166668353755,0.4117176280551338,0.6095756039458377,1.078372570614941,1.0033595964426099,0.45897931841288653,0.028771587023108978,-0.46256233069461716,-0.3604359177837035,0.07250151749599074,0.9197882840702615,0.9168253065299518,1.4534228779729785,1.304886885354014,1.1854796134511418,1.1202670136452715,1.5136546371145017,1.802592750881853,1.684578533827862,2.0474830536361424,1.842095974258703,1.8908930925259284,1.8640929761740646,1.8746240252776476,1.5072556005428104,1.183935036143346,0.9684103686156145,1.5468999736864495,1.2942236306108659,1.120413956604723,1.1602467252431805,1.0767677086643888,1.0627593041960912,1.0895970924635046,0.9430813070650212,0.9728883637782785,1.2763933629201658,1.1589608204936137,1.5300652299977695,1.6970160650989359,1.1926108001238804,1.312727332386074,1.099213544045756,1.1527411208044342,1.948849312633999
-0.6442799411467344,-0.8249351652433249,-0.6896374982381342,-0.18756543341910764,-0.06271457558723272,-0.16598537648158285,0.2723084960304113,-0.22185918388715928,0.34209966985318646,0.6431964639270014,0.40245745999269544,0.5084143493135557,0.9676973323667545,1.0761598920064797,0.6959021054543837,0.332511964945923,0.10703701596918319,0.10358113457822385,-0.048956050462873116,-0.07134042566739093,0.5129930094130563,-0.7467662807955543,-0.6941755240381793,-0.15140753897541134,-0.6800584591369784,-0.8143684183164007,-0.997744378888573,-1.2423201305281295,-1.129290517583882,-1.2625677884869542,-1.1035403851063723,-0.630064708265486,-0.892065731512523,-1.2822814613211406,-1.4944901169608884,-1.7975133669796668,-1.3326903731130908,-1.455105482921055,-1.1183616404366068,-1.2819824938147575,-1.313629978662563,-1.3827605485935448,-1.7950227407130377,-1.7540071915403266,-1.2707465496628771,-1.7708991756801038,-1.0498367945971405,-1.5275507380306779,-0.7246863967965586,-0.19529344825284692
-2.255776199727851,-2.0193732639664117,-1.9990809013508846,-1.7677002597920575,-2.0040884396274183,-1.2387555795237744,-1.0061613855150662,-0.5840056303382622,-0.6432493701690872,-0.4601974844343307,0.06758225943457065,-0.12132464650709412,-0.06798435435166433,0.017809367855644322,-0.4108574642303692,0.10969280824947841,-0.39686291523950584,-0.8794492367965693,-0.3079370867161911,-0.3243402162388552,-1.267320496047131,-1.4949065414630907,-0.9606587026730471,-1.1615064028122408,-1.2040449956345238,-1.365096541780438,-1.6561961299321433,-1.2869810051725263,-1.6378394986682667,-1.5385115485875116,-1.7489023757384,-2.2876598036579185,-2.322586552138608,-2.0055986436649698,-1.9007570497003654,-1.7332947605424815,-1.1126665760147967,-0.7474706842909242,-0.6147867493564746,-0.8102511090992051,-1.1514989214096616,-1.7619913061734471,-1.479309594272438,-1.2103165006184502,-1.0802286218223702,-0.9012332115888475,-0.876096857837649,-1.0480412756107975,-0.5703865015568473,0.07234204295475762
-0.39991540218339583,-0.41794839107226567,0.452335381152357,0.2915480241590614,0.0828758167440711,-0.029219873723561007,-0.5981907064552936,-0.7404536114373446,-1.655233639931786,-1.890129149873316,-2.208872249218667,-2.255620383771649,-1.4904604185758157,-1.0843895091951288,-0.6736847611703346,-1.4811926211710584,-1.3388955855474145,-1.4711338542520846,-2.2094266946321763,-2.268088601052789,-2.0161615254768686,-2.19343454717914,-2.0505619660000525,-1.7836918846810312,-1.0036787249431482,-0.6647859915122911,0.028334156901395433,-0.6281473716081716,-0.5365597229916459,-1.1169191383441575,-1.5973339159320192,-0.9023075199991141,-0.03516420948849813,0.3361006269160638,-0.05101537075843246,-0.29698638855643955,-0.011656088457001086,0.25428424849383335,0.33246075505285755,-0.6494199843847682,-0.6653111008794805,-0.8559365820190069,-0.9490090922271185,-1.0104475673570112,-1.2651253976377235,-0.7909292002940548,-0.17603326040651254,0.801188852037203,0.2067257585298038,0.10016239869229154
0.9873729896185702,0.5577610496934686,0.7522757083453022,0.4652895286809817,0.765829613706854,0.7267153519892248,1.5196624619369425,1.384454400781806,1.301829326822073,1.2284959159664934,1.5594534875566561,1.7022176529174886,1.4529118064242588,1.4393992064276535,1.9726029139996604,0.9871200424373814,1.2790522038917769,1.5507181981288543,0.9436684928213451,0.5764970035703101,-0.4179536508137612,-0.5987991272376767,0.05758199267346684,-0.3341859488830952,0.2301490880609868,0.07345446926101966,-0.28953222110156135,-0.40462364961690717,-0.2475054428858946,-0.550768449785005,0.022113891313183438,-0.381514966843979,-0.3204681751183994,0.13422519663190713,0.9493713711228903,0.9749813182856573,1.0612527317640965,1.3600264268196485,0.9877144160249917,0.44788581311196424,0.2993323116428242,0.350488595188,1.1203567184107674,1.3256586439865703,0.8586917191612969,1.090436810307546,1.556848177459771,1.5393477294720517,1.003288916725156,0.424794291599476
0.11295101871802228,0.43012147594460926,0.44445211050686245,0.5933940589526807,0.45606227604979716,0.21905097348033772,-0.3466194124536127,-0.559452131886097,0.022414031161553372,0.01768941929353576,-0.0735458555534499,0.17754728889079185,0.2470989921958811,0.4960708486195409,0.16286607452975269,-0.28473161277449915,-0.5901321507907377,-0.1455844997462486,0.26282459169148603,0.4719978323498525,-0.13142152441882304,0.04177773954483944,-0.5066397246440094,-0.4244682382250481,-0.8516445740858296,-1.2491198659834073,-1.2500922521445605,-1.2502618608875444,-0.9545773092101744,-0.7087160136841513,-0.365600751848991,-0.3305411713662337,-0.6269912520926437,-0.4128835092066639,-0.485259879728248,-0.8420090635030979,-0.7547443206215094,-0.8424102520826682,-1.1697486460758983,-1.0464497800790933,-0.7372276896940277,-0.7944830097795228,-1.054502883658897,-0.1206109508352362,-0.45462132309732184,-0.9250025488200951,-0.9342261094185907,-0.19133502082989629,0.3310164430066216,-0.2793065232571559
-0.003019217977266722,-0.3585111037651773,-1.0317815275581643,-0.611037173762254,-0.7163504691465338,-0.616233936208931,-0.9101271004179677,-1.0551954083405048,-1.1613015455730757,-0.8399820770064501,-1.5088153944024167,-1.465752849237759,-1.1685685568362472,-1.1120421189782401,-1.186627073608942,-0.8583819711672884,-0.5694408329161449,-0.0384490083466692,-0.39435806266993995,-0.5294203751236845,-0.2822869872435434,-1.0622246310237031,-1.4178007442520473,-0.8302873500041742,-0.6731021412947965,-0.8461122013793511,-1.466326764467596,-1.4323962778833712,-1.0555846899237402,-0.9074256021710752,-0.6717552555589336,-0.521999917891659,-0.40195903201430605,-0.6703573164008219,-1.0323264744535974,-0.28704257060252336,0.10377855421050071,-0.10497967927829503,-0.06127014867863553,0.3640801957054989,0.5091078271907121,0.9906450900115004,1.893980697747239,1.6064043583650403,1.3065132131521027,1.1831392617483083,0.9194770704865708,0.6820853931215065,0.7475892389097092,0.5591962902577097
-1.8888335422325433,-1.828295178850956,-1.8160255891984802,-1.9697721010701033,-2.6472423339577005,-1.987168788694675,-2.4084760252507986,-2.1191202210616362,-1.490535833178776,-1.5927932959459357,-0.5563563440925061,-0.6845465324356514,-0.9564601695869294,-1.6429751694547896,-1.2596170206101296,-1.7605495840264933,-1.815818838465247,-1.6761235508340564,-0.9213124991868887,-0.98794924398157,-0.2831070039700876,-0.5070425109724619,0.21274833804426593,0.1952167104559118,0.3953574071029381,0.0312329182354781,-0.0005374852015005044,0.13247582241654374,0.4153794289956694,0.09775905711740489,-0.1311981441468926,-0.42491423316032584,-0.6877602145243384,-0.9904847816124557,-0.4942203375313339,-0.6710011858172251,-1.2724764163741455,-1.1961121371440089,-1.2474596802963105,-0.9782336269778807,-1.4775066087680813,-1.029590691833432,-1.1317017774004858,-0.4634820383313458,-0.4622967761624875,-0.7872346836961822,-0.41373935430986075,0.09814461666598731,-0.21211369124026766,-0.6816856195744814
0.9873554256635284,1.0441923542291345,0.31023854448014276,0.37697632341964454,0.02998327860791583,0.12659329781236042,-0.7152068858896216,-0.6114812903875668,-0.8448936797400771,-0.5830794552907843,-1.2752610165970066,-1.3891673384395378,-1.3784519885199302,-1.4372126857302507,-1.558272850933867,-1.9684795036764056,-1.4418750179733082,-1.6491866055793478,-1.0130895510948024,-1.0446742689468622,-0.682367492044847,-1.0816137148786784,-0.8596747036824609,-1.3240074019896277,-1.09121344702679,-1.1564046665610919,-1.1465883528948702,-1.6401499468833685,-1.8779607908831113,-1.1878531966746024,-1.4898317324240653,-1.3476038908954568,-0.45185931995524514,-0.3663373811834115,-0.8624162674642771,-1.2733095957977432,-0.46466540751800445,-0.5403147648935847,-0.7313583260798213,-1.1351283757735553,-2.0323586439810883,-1.7385680078533876,-1.3943925549425271,-1.2300525208841047,-1.763045931968875,-1.3801065407375628,-1.710859513789002,-1.861858601047664,-2.135832051804931,-2.185825836233433
-2.076290314279598,-1.7247299650025085,-1.9074143276195246,-1.6162827150227679,-1.8900549905683026,-1.129105470882485,-1.3743703594320436,-1.8498407159318497,-1.6825224252882898,-1.6896665446696209,-1.3996971821089879,-1.1881425971472335,-0.736162013758133,-0.44493997154337955,0.32098838999592116,0.2848719223927183,0.9587323544845937,1.1375900207911291,0.13486058340897533,-0.12901095701503995,-1.134638022424077,-0.9148845906719306,-1.251332654141506,-0.7952573217903588,-1.313445262508773,-0.8957820436596668,-0.6454976317698196,0.0021073948883123758,-0.4156988929095152,-0.7991472040566197,-0.9695685139259346,-0.7118109326943618,-1.3280320351419597,-1.4250120085135842,-0.7039835999869938,-0.35136965388460006,-0.017664533839431385,0.38104521020088206,-0.04986583158665367,0.10658987643145044,0.8608084681251253,0.7735044877781759,0.5803869945557367,0.4141727835222354,0.39477007829812205,-0.009341008469035557,0.7473175016096478,0.6466057198086893,0.5954661572738145,0.7825191358373037
-1.0005700069264396,-0.6992565464704724,-0.7888769253353274,-0.9411826961776608,-1.3775803294751896,-1.730881694613678,-1.3478214559837012,-1.4587587412255594,-1.6427396781597987,-1.0887900446154941,-1.238812573620936,-1.718909642356446,-1.232571345854818,-0.9891760582885628,-0.7100680498488123,-0.4408065093042662,-0.22032666343736754,0.061983695865948304,0.47813001823946105,0.5098090975976078,0.4098862263455675,0.153646418133308,0.21823181474032835,-0.45288364030142503,-0.1425148410251028,-0.1565213097783397,0.1236460190496369,0.09862175228783998,0.6683184604068579,0.7593737351214309,1.2796321311143455,1.3973500537345103,1.7154671674283635,1.9471485395238937,1.9530501637992053,1.8281625291089059,1.4104804332539236,0.9343096078136126,1.5468239707904519,1.8959788312933727,2.2034913590366068,1.6529181568258007,2.135934765546686,1.493058886085417,1.082416110196526,0.6802242273404752,0.7174519999330403,0.9001177208936452,0.028817174210920532,-0.39386266548651266
-0.5749633544756101,-0.42089596161938025,-0.8562166426929145,-0.4106905302648053,0.7019190089740851,0.5061842429996555,1.082396265308878,0.7954159866322545,0.5975083935256343,0.5787166535178012,-0.32965189947202694,-0.09020177025477376,-0.34934537929060416,-0.32249986464448815,-0.445238328960274,-0.4026683328259704,-0.2890722514085513,-0.8866019963859332,-1.1341052737833222,-0.7804511388835654,-0.4785762662952152,-0.705448576811335,0.12408637779464804,-0.38290431706166556,0.18002435743809417,1.0187490820550136,0.904585737411373,0.6587878005421945,0.17775307902648171,-0.23644530946301634,-1.114286314299327,-1.0367439725354857,-0.37607261109703843,-0.6896695858912903,-1.164428347216142,-1.2259476325027077,-1.2140069453610083,-0.8253570871905777,-1.0239366418398657,-1.3066646021122803,-1.3933283113486028,-0.8493904995828955,-0.4275258324274645,-1.0972779630841072,-0.3736050689921444,0.29259969107523504,-0.048370958145581094,0.02062963160577019,-0.055936225920223445,0.5084106187475963
1.4381573294351755,1.8236849282924077,2.219637081151227,1.4519714108314359,0.7816709953007205,0.31233710150457644,0.3183084498541859,0.519764587153832,0.5066543211617727,0.7803258573649887,0.9604542479020074,1.0692993098531576,1.4927984004757422,1.523701325228867,1.4068990973650362,1.4114025276730906,1.5948577367949062,2.164173876527218,1.3821280394151705,1.5559431557235237,2.4735684335571198,2.3242625457775103,2.560967678807369,2.468665462223505,2.177081304320285,2.15361520468984,2.3075171562428847,1.2620713454935766,0.8543562480159076,0.8614316644826591,0.3868400760864737,0.4627911487480719,0.3161013088624428,0.7153160045299336,0.5389665976637527,0.2869735975815663,0.26079517601950797,0.3323580917357525,0.4357961044397834,0.7231892744382833,0.47562759658498804,0.14643707391088492,-0.1435483759860145,0.33346210544322435,0.40359845294967406,0.19578026948650418,0.722569807281465,1.011781196605276,0.7177566352173789,0.4819353189948966
0.5786563028894488,0.04335570056452761,-0.008268943683321005,-1.0547352907514798,-0.9987636488364441,-1.295873186913132,-1.6618968360419473,-1.3382573842302574,-1.404457934555704,-2.010628199235571,-1.8839211209397289,-1.518157117572553,-0.6496142232831215,0.07213695196499274,0.3019627224408825,0.3400713395287867,0.1571259400896767,0.3798886805360835,0.3703456991888746,-0.23210231874409423,0.3901792020746292,-0.8757632147616478,-1.2544568389709525,-0.9729217474348965,-0.4560253203198267,-0.753325108338856,-0.832482853235097,-0.29481944054289944,-0.31799196310168726,-0.9637154583177381,-0.3523517172092533,-0.37581353032104864,-0.48084256167655876,-0.15441645602102486,0.11039984184098896,0.04123153560261663,-0.02278633588642619,-0.05021598164530748,0.15912891587470956,0.8985271588608459,0.9484327591762722,1.4844206931099753,1.5123858976180058,0.5344902974853047,0.77259647427067,0.8517631595325272,1.3756987020283389,0.8229381055134011,0.6441849751657953,0.21435538066933107
1.1365705962913564,0.8668658093468342,0.8681143456662059,0.4381921764734906,0.5510010750388477,1.224515442550482,0.7578787532960026,-0.24598281953642942,-0.39492917264222266,-0.4101425237471676,-0.45375940681082816,-0.798825035957046,-0.7973956307527498,-0.8870127977168609,-0.9043728596441403,-0.7036329180507208,-0.6611112177613255,0.37978978391564494,0.9950735132605885,0.9427666673308551,0.19230434027554466,0.6339920388466471,-0.10357824852500684,0.1670937255691407,0.53787237250357,0.27643478200518345,0.6188035340571815,0.831255312605171,1.176455015537853,0.8761570618257718,1.5448454287561213,0.7651547044907416,0.4896043932113028,0.4278104454582016,0.43472147120156984,0.9700287777626261,0.6762630693780199,1.1835748759841718,1.0724258345073248,1.0191673251467515,0.21429154660604283,0.3014398396947705,0.4897697302597975,0.3129130500732891,0.3884526999573784,0.4700866684183303,0.45734405886705093,-0.1028121006011605,0.5132849032796605,0.23847315769263155
1.0631623849194969,1.4330513923271602,1.13126771871055,1.1759177062824577,1.5889055159584196,0.950566038586445,0.9620997085734709,1.5059662272420988,1.2510122436765694,0.9066288449547256,0.9530535485749504,0.64926138244791,1.178430219759475,1.9372309183974785,1.6327513754758407,1.5384705943268642,0.9495672251548589,0.48732248192707195,0.6664978087683433,0.4242009344877447,0.251790593839148,0.5036061306769628,0.355329001728774,-0.012793179881186141,-0.08299024294050945,0.06561098473598195,-0.09814137736174469,0.17286407474124274,0.32799441274495345,0.6591872415941109,0.6971743893856567,1.451839083903577,1.0315801820543395,0.9082064224294063,0.2936022855578007,0.14828066793309302,0.09345318746675357,0.02968988551232232,0.4032417466473117,-0.29147636785552866,0.3427696725931101,0.4503740579051388,0.2028300424297048,0.049958044112671796,0.3514077963296284,-0.6674306638890857,-0.547087583764857,-0.4807120199862305,-0.8494871315542719,-1.6665152056060735
1.6778043026992444,1.2657393494578255,0.8395531551603344,0.9007108566386284,0.699648980051499,0.9657000822888085,1.2730275698609872,1.1551173141238738,1.3378933641650181,0.7532819279817949,1.7512108372697537,1.6180260304275444,1.4759615204410919,0.5246507358809658,0.5195293895957765,0.3444980534993319,0.8001486436801316,0.2728681969676512,0.7199681657038131,1.3656385933477821,0.6927694592398683,1.1277550672035475,0.8642214954730816,1.5533538730260095,0.96823446513515,0.3875351701770936,0.5369631639914787,0.4225799141573315,0.716940051436869,0.5101597691706298,0.16158700878366533,0.3711070096496767,0.671206575979604,0.9965917125150863,0.5500716176187032,0.5034689599519534,0.35387029870078546,0.17820492808810906,-0.012172597215250606,0.4028187574595407,0.4472296084284428,0.48757338675733736,0.18381824845673603,0.1330295030238264,0.14181430413788831,0.1441728821542382,0.414495033251617,0.24835938956891926,0.5752019426490999,0.27994470958236
0.1951254968066919,0.2417335608993265,-0.18974266000516998,-0.20748775880516923,-0.8515385272261943,-0.7058173916224492,0.04266254808331098,0.40290206916667365,1.115232861211405,1.1187270241050526,0.892369740525116,0.5973981428191569,0.43661284505296666,0.2886016758257846,0.16056254268918124,0.6959027440470346,0.9589509380949531,1.0155422355252295,1.5923827341535859,1.1701491371703958,0.5271814904434299,0.4017420705767288,0.5149151799693897,-0.19827377124795625,-1.1237499274176752,-1.0020178208942243,-1.1796823966108898,-1.3501211899642545,-1.4354560549110849,-1.6745346790309679,-1.6406877412925776,-1.1070281806344473,-0.08020364061079777,-0.6923031634513716,-1.063204189451897,-1.3358112060612053,-1.2890926910018488,-1.2882448128672166,-0.92762512200905,-1.2002361485074615,-0.5480235569220957,-1.0365236322525724,-1.4286664117740575,-1.0819659362250924,-1.0577887204093168,-0.9392266181418618,-1.5648119777303167,-0.8204319634989646,-0.5702332893911337,-0.19033300423924127
-0.21709855642388906,-0.07251059332841897,-0.23234491348218106,-0.404496110880595,-0.19008455191374787,0.15476970205986473,0.2413630383758259,0.24009947788024077,-0.1906456573306978,-0.13432645449218567,-0.8601597679998744,-0.9160024909656319,-0.571253331026269,-0.2171663977412498,-1.3250756508661257,-1.6247001005204067,-1.5364569298529078,-1.582365516600942,-1.2373935077005513,-1.118057288333393,0.06930668135838125,0.47204674244618655,0.4735668479361765,0.20953607904119018,0.12710929338574575,0.003751483020497361,-0.2785389208737489,-0.42420051273723963,-0.2945526663057201,-0.4604520055436682,-0.589360032154362,-0.8647028966881338,-0.44884574995661386,-1.293439071449708,-1.4520370980015884,-1.2879455843248353,-1.6273308337707053,-0.8894648014316368,-0.5484109854593406,-0.23675187839617662,-0.5640860783443437,-0.9466134689958797,-0.5183422009539905,-1.1712612258575443,-1.85772243606132,-2.3132101661662916,-1.7938061920793211,-1.5729386385919446,-1.554870601961228,-1.8090508216308954
-0.005795614243497896,-0.2991724288626647,0.053413215640743174,-0.27175601804730426,-0.888760933300705,-0.7415473953318112,-1.2141320493613699,-1.9071087529211095,-0.8926963606969092,-0.9257453223239414,-0.3080061616209171,-0.3770836187971957,-0.7768100710066321,0.1654646995696271,1.0680314282288976,1.057771368389333,0.18175634803949767,0.785729546583314,1.022062087168676,0.72972647629806,0.5501453500055358,0.28264467794354275,0.574774190637957,1.1346412134474084,1.7302323864787306,1.1032338450020356,0.5434802337564681,-0.05069897939146064,-0.3267802304380728,-0.9282821173791564,-1.0226808372537382,-0.9567527162274416,-0.2756232983668849,-0.03820402530343593,0.6759599350234653,0.22387477895336608,0.30341182591418303,0.5740996582942095,0.3468026284489389,0.3168202082387932,0.3116090779919394,-0.04937319238955714,-0.10148592353289784,0.11498521295158491,-0.3405584822418598,-0.34894116911231493,-0.2895468041956447,0.029756442076556252,0.19036403498386537,0.2902791030470615
0.2907481685092019,0.4268924791594083,0.6357294168431544,0.11820823577457629,0.3451811814813548,0.3968387022044298,0.00385512132963109,-0.3493088676969446,-0.0005772789254545682,-0.04427077974050254,-0.05718596496064926,-0.7627942138054977,-0.3017651268570964,-0.42373555364193516,-0.7704177383597943,-1.1094633029222096,-1.2237198108837934,-1.408852137005087,-0.9788647110265483,-1.0332433194265869,-0.6736907187494797,-0.0930696969931505,-0.48300232078202515,-0.862677550310133,-0.9931305377127159,-0.6862298839213834,-0.632285868087933,-0.8094187380048471,-0.8391909995178859,-0.26581119032706413,-0.29183771103919426,-0.5160073459892754,-0.9139803856975369,-0.26551426285973845,-0.6057484350780303,-0.8524854331335964,-0.5550554222635292,-0.7587414335795092,-0.5073611941791941,0.09690445944257148,-0.17419358933350804,0.8342480907425561,0.7175036716305505,0.5781745951923505,0.8468271657114591,0.6620506196576611,1.2351775944126455,1.313466876073044,1.7377379338137289,1.32368464705317
0.6848919687920249,0.4315623762786791,0.4433516769397332,0.6023893584942825,0.6085342394272182,1.2046457478590316,0.955933194930117,0.49304919017137844,0.6021838806638675,0.7780069408074368,0.8158289250934372,1.4546437547939557,1.5022628727998866,1.8242847332766878,1.9143810464714637,1.3932198097779473,1.1060997521903235,0.6321960918270686,0.665921353964691,0.13074734196196894,0.9164436994435814,0.1998126873157728,0.7937927534230571,0.1461951787792021,0.024767591314982254,-0.5781917184199785,-1.0739184175833174,-1.347338066818642,-1.6578819104368696,-1.4977423533850995,-0.7851275190944564,-1.0315030542472836,-1.5780413753160045,-1.403890175582568,-1.1705864053261714,-1.476882396325163,-0.8528372316952093,-0.7035912077727379,-0.3324026270140823,-0.32213288389948647,-0.04822700990842045,0.15541533839167687,0.2445484353040177,0.7533291861712871,0.5305289651118306,1.3939516935293275,1.7554515152241352,1.82987650821212,1.390811548154861,2.1200030151168696
-0.7677325391434566,-0.4018612727194287,0.329102743855995,0.7452049443791614,0.6866529108063709,0.5866697757147366,0.8141836457613907,0.8004792820133622,0.5711542511341174,0.08241290217359797,-0.28311902264975547,-0.14512141198667433,-0.2784479597655148,-0.518157632504166,-1.070711928645457,-0.6273517299550722,-0.6900650197410235,-1.0335451117848447,-0.22447316441437756,-0.5012585376108806,-0.1206845433921147,0.34961050506035884,0.1284905780344132,-0.24137681864333263,-0.700212310101789,-0.6233334026622673,-0.19016811988464824,-0.4627212398604595,-0.31448212966258166,0.27403158367162916,0.2799467822322988,0.2484049997765572,0.988436639957494,1.4068974907489193,1.7889829599781415,1.9174099149881847,1.3757523874318451,0.3673884675553662,0.8834359866353277,0.1277012170283348,-0.04930876644146265,0.11600401220530637,0.11783176033869179,0.01529898472340977,0.22487020634646984,-0.15827826070784587,0.22784493172481987,0.011242951110773862,0.26878878007768797,-0.1044145028874287
-0.11969850278790253,-0.48125839812230237,-0.5751597809458907,-0.3173759824908742,-0.7995768207467642,-0.9409982964958987,-0.541223809117351,-0.6222808212706963,-0.8743599392145388,-0.6861429556583778,-0.5773099195383353,-0.5252643440670155,-1.000269894743507,-0.7497132187192114,0.43575856144107067,-0.8199402726254142,-1.1678165397051556,-1.226983953237762,-1.2772907241475033,-0.8665221126720389,-0.2943222913166837,-0.2408345438949727,-1.0272583090104106,-1.0912579830744031,-1.2547992793821696,-0.763613422900755,-0.4345497193063995,-0.6890526790208327,0.2752116638042363,0.16827676725513827,0.11975289746156942,0.21304685249767438,0.804561920026908,0.6403936270792052,0.8197923916014278,0.7344604492921022,-0.2098289415173677,0.02088626603760129,-0.24775823814699147,-0.1795317237037716,-0.5373934478386911,0.19627379609933698,-0.19323032445007313,-0.5405643661729358,-0.7806980136865229,-0.6426569019553471,-0.46762677096488764,-0.16977181906846966,-0.15714537709082183,-0.6684195650131927
-1.342700710135563,-0.5326703882725576,-0.7473491139680829,-0.17698575861461954,0.3657257220501794,1.1957787170594552,1.9116841905047215,1.247331166567089,0.5870885381017029,0.25589520037856384,0.4727968471225959,0.6372894056086146,0.6631999452299399,-0.0014852166228627405,0.3330340875477094,0.6727672423659475,0.5177073417351227,-0.323927944839092,-0.6209358165994094,-0.3708719670189187,-0.8335438766652681,-0.7431203240595848,-0.3910528205789846,-0.30644195646545597,-0.41643333902395574,-0.5904129629658502,-0.5175351773231017,-0.41023469388294953,0.2997787431113504,-0.6429395228549472,-0.6257880383785736,-0.4302557092946891,0.2550427086053023,0.1033335897227639,0.9267929114631122,1.0477036450071937,0.9073880698045702,0.7618478584819762,1.0397144069397926,0.5534095940318846,0.7778551590727004,0.8295636053197458,0.942875598981809,0.8606950520106338,0.26263064440315487,0.3099911130509912,-0.2569456036612036,0.14251021188549967,0.09985469220143102,0.04326866111083698
-0.37285488918190707,-0.41286416919842356,-0.7169820727524868,-0.260301774960597,-0.37838898050697867,-0.6225196538917022,-1.191093233280607,-1.0383279625678512,-1.0468096559862115,-1.6545474498913746,-1.4449272299546987,-1.126367452822624,-1.4149980895862388,-1.8397435499362769,-1.5570073798531217,-1.581824579110697,-1.7265737540686787,-1.9109013038217664,-1.6429875868506898,-2.155329215467321,-2.166604022440131,-1.4454498725973433,-1.14701254046274,-0.7142934673284217,-0.6410277286066297,-0.6470495725361153,-1.301218411183711,-1.7834696551018414,-1.7590584437882872,-1.8688541298052312,-2.030845642896728,-2.161828455768279,-2.068899295867451,-1.6595383478534949,-1.7489721509188032,-1.7524513575578535,-1.7336052095990575,-1.6538683707834878,-2.376881397680119,-1.827497176393107,-1.0956097758888443,-0.6610163997878196,-0.7008520444679441,-1.1628094909800233,-1.8099854911204958,-2.2799590221073314,-2.573053933826432,-2.965986664057408,-2.4463281403414094,-2.5005136039532645
1.4206983875662083,0.7710620092002797,1.2268801589164755,1.089181603991161,0.8735089365269608,1.2757333769530927,1.7260340023088614,1.7546119117743406,1.3108356394119312,1.261749299296129,0.8712959130667126,0.80649434540313,1.1304220535351084,0.6266401646129592,0.27810427520924635,0.2991237144754988,-0.33080766340140944,-0.7215110781693135,-0.7191172159412025,-0.6024667057803638,-1.3163032454213215,-1.3277298478941055,-0.42603530915237386,-0.7106904036169712,-1.8787369079279819,-1.5835870334837399,-0.7444481549365661,-0.3628842384748615,-0.41055018361082485,0.16273663208693515,-0.34480948714706544,-0.8551864255557293,-0.35262557001656375,0.010102294101784851,0.17325194620605877,0.13133334878184616,0.7449741045034248,0.2612439888921139,0.7593213388926089,1.5972474627188276,1.775433983096692,1.705526458942601,2.1650259827826397,1.9110053557250923,2.1855530050086704,1.614268185811976,1.780013822643704,2.3043288282037606,2.4016182611660817,2.371996644737818
1.4825266450617396,0.6827497592012638,0.18233279572451314,0.3038313233899281,0.07589851518715462,0.06692903555704725,-0.27999376685145666,-0.20557011175905426,-0.545211737040802,-0.356017452984816,-0.2249021723853985,-1.052904402711512,-0.6210795144611501,-0.47357383663802316,-0.25292890626288933,-0.30992642114043994,-0.8103885280298131,-0.4894132466834119,-0.7596212679717917,-0.42303009392606356,0.4020018678244888,-0.20618741332260415,-0.6397117003591684,-1.0546596253272675,-1.1656364742341836,-1.155047890910178,-1.5426069757576628,-0.8741781108155087,-0.4697338032259249,0.09860976420517314,0.7378739206875365,0.2742476594098713,0.5299162504464809,0.28445537583095754,0.43651344461701086,0.613794590727541,0.22555205147942156,0.029734988025696525,-0.30673468256093944,-0.9331925276580654,-0.5463837909171837,-0.20262167033686035,-0.2974476309924295,-0.4880559349168552,-0.9714201567959585,-0.495627605237339,-0.23912070326610685,0.1548217793712112,0.2938863286339194,0.9034629657295868
2.04394628227017,1.6869700345866538,1.9204806048189664,2.521280643760672,2.3840879718436594,1.7844786206829413,0.7690740475035793,0.3151966932196396,0.34738596213345313,0.4274283971012121,0.12561179438737607,-0.1939901632599806,-0.05820476930848252,-0.5066047214650674,-1.0978470744954458,-1.940071406474204,-1.4335126682724646,-1.0352932774344217,-0.5950771472344321,-0.06609380976977532,-0.1290695443790707,0.48324700136106696,0.7407008229591072,0.5337494787393093,0.11345290694894972,0.41684869833896293,0.5881611405311499,0.45303519815990045,0.4120166425472274,-0.09011912675169789,-0.22520410296716867,-0.43357861491206967,-0.7868531269043896,-0.32191370605513775,-0.933459738727632,-0.7258285318154284,-0.7622088366222171,-1.620874039272648,-0.8642358647758671,-0.6969960913483363,-0.24723501830892056,-0.3510591275729752,-0.3282453273958064,-0.6458218821742344,-0.4519349176351941,-0.5735953499220801,-0.8419748289940043,-0.4658629438071331,0.32266260506440514,0.2360883316457059
-0.506369207515195,-0.5744830336300978,-0.7275680184453467,-0.9995771369028399,-1.0502714549261083,-1.1215436321402135,-1.3099887838805537,-0.9133209660407876,-1.4558234620687718,-0.8082734300816119,-0.9932443779189297,-1.2199095256397983,-0.9805205510003014,-1.4521316125418078,-1.1207578526517716,-0.7959388199593661,-0.7628265630358827,-1.0740283996795874,-0.6861990466431853,-0.3856837716709016,-0.11124599847973739,-0.17856742808540962,-0.3709285097942827,-0.07871826336551585,-0.004329345326559581,0.19149349283743275,0.040715527082445774,0.1574106492892827,0.3269057484998612,0.43633186379653455,0.5240092025140277,0.8414907012719852,-0.028155387177947005,-0.10999954177958123,-0.41989371769693457,-0.1494997444538736,-0.014266582815974775,0.271419614524029,-0.003922787347283311,0.2258984045332788,-0.1264670154592383,-0.22011156237052232,-0.0586544893917589,-0.5611946035037674,-0.43710533996940243,-0.16882881599644498,0.49096750693126767,-0.34568398951108514,-1.137011560177724,-1.2146578626743842
0.15360390082646425,-0.3343013733381795,-0.15592775477198326,0.7126687097800514,1.2920587107586907,1.7546989387445202,0.8747132706692449,0.9815318109877778,0.8630239625749178,0.7057761345037071,1.1279954346198284,1.2861144938363491,1.2086845112428009,1.2743138780685193,1.1528420382100888,1.5482477273393382,1.5513308084110164,2.3291019131720976,2.0509750852375,2.017283088915245,1.8266685650881536,1.585485094601495,1.2653748700516108,0.6598964630117746,-0.05343268114561484,0.41946656005571725,0.23939763177797196,0.05678965894766288,-0.09733216958369113,0.22759866918223726,0.6436698301179926,0.42873007105476085,0.10854515671086544,0.12487679490799528,0.6345351183903174,0.32604778103234244,0.4745010255956809,0.3391466010641112,1.2203408790853147,1.5163014512451598,1.5647009184074527,2.0368921561260365,2.1159699004225923,2.861490434946135,2.040571265571425,1.978072185211349,2.2318141279003165,1.9623789002396426,1.279752184954617,1.2341099861212135
0.6828881065986636,0.7871879260361533,1.0417766305661011,1.4807058211832513,1.3383971092509006,1.2511705470252013,0.5658707311052428,1.0607715604904078,1.6762290127452124,0.9469021191636512,1.413781719989693,1.315643155217411,0.6631147306962272,1.2143971149642827,0.9808773277401528,1.2343570995445585,1.6798256065897808,1.5890987350935997,0.9144703741665319,1.0318076609919267,1.443464326002085,1.0192482864128587,0.6665297777321708,0.24219476625294928,-0.0484943587964333,0.030473035211748378,-0.17968443302343495,-0.11201564469485294,0.28115846575010356,0.8078457098501876,0.7911814619211999,0.44814348233122586,0.8267600111389802,1.0028421883403098,1.338088902435547,0.6277184771508582,0.5314850124501446,0.1814483189341162,-0.02454620204399336,-0.15216408375860244,-0.2902531824205215,-0.19992345796474234,-0.390988913593812,-0.929563137034103,-1.3998467404500885,-0.9214852239540536,-1.1609883932704321,-0.83268632587492,-0.22000190115025423,-0.2506913176557292
-0.020812792054114623,-0.17488456421578033,-0.11839152109039953,-0.28293014136228073,-0.31037983216897713,0.7194420870091637,0.9989567618750569,1.7740882580246673,1.3191825052035917,1.0133194993661727,1.385905638090687,1.6852436334053627,1.0685438331862955,1.4745048759865593,1.0749652968195749,1.2022838491329253,1.183162833325818,0.9915724228592626,0.46612474704969586,0.6472194189610451,0.518139326524047,0.5178917174238606,0.30980383798197003,0.24475893620378045,0.9649969393684459,0.7671959163161061,0.6598806225557685,0.4650908597054598,0.40166957774967604,-0.07137396689012286,0.43153337608638714,0.42692550026698706,0.1606356140978493,0.03840966590942032,-0.21100512665096982,-0.07139135900900924,0.023574924882393704,0.7033151343470155,0.36545840833111937,-0.09189328244085701,-0.06717337798208006,-0.027447189461265602,0.2671727986964437,0.6793233505093745,0.5534304541416957,0.41015122751216593,1.09668794528819,0.8297783516322272,0.8454839198719617,0.6415458234464329
-1.1293458598560904,-0.38840484456890045,-0.5459766540372323,-0.9946264968667125,-0.4661843209266665,-0.4935467812192862,-1.1704395778519487,-0.8448805366689442,-0.6056922763662309,-0.4554019309691799,-0.2626330898087156,-0.42431113756145583,-0.24251811014917166,-0.5089016930600057,0.11033754507304534,0.9848517134688197,1.6033158632241453,1.2181576006131807,0.580170274924492,0.6304812438872257,0.3498562066266079,0.5458098074141174,1.1287682838192896,1.3078716847793679,1.387266959392399,1.1646733200244088,1.5391436850773006,1.2157604529868364,1.4021639986558694,0.7177546890552803,1.2799477768562393,1.241913942061557,0.7787143387592262,0.905683591028225,0.7942685557331931,0.32790145931498776,0.5415800330469608,0.9204362400895562,1.135237022137557,-0.04856591251632362,0.06036809027689214,0.31617620908833804,-0.10447487708667787,0.33444268931815196,0.4417655458117738,0.3817047892236799,1.1361603207822466,0.7080403915384706,0.5985152580134285,-0.1496947741203079
1.738484960880487,1.6232106140901494,1.5536520614877685,1.1631036228457692,0.5936955262640997,0.5993784684223246,0.4686591622455659,0.7057949615063128,0.6461435270441959,0.41481822955483555,0.7178656862213337,1.2958486846699095,1.4379902184003475,1.0708425807720985,0.8899100730430629,0.28831047985722497,0.10409975917026691,-0.03103342439186895,-0.10807027982852395,-0.5308937809567263,-0.9813601654689528,-0.5341346815868628,-0.25648863996339816,0.17595356368803727,1.2410989163862025,2.2764953236959364,2.1523718649744588,2.1310250999856177,1.4615700357354127,1.8031311919087698,1.9729553224166407,2.014067938633314,1.874746771359382,2.3059094564349327,2.2165563609209498,3.0300720572928936,3.119252449278486,2.75978582369673,2.891182821392265,2.634974740669011,2.6451967458878345,2.22848050267906,2.051234676919706,1.0292300531781962,1.4967778817368678,1.595954861630721,1.1886179236301069,1.0473173219237808,0.7146537740583132,0.4096666625536192
0.01648979329195345,-0.18465965770397297,-0.09310472180915348,0.1042940514995814,0.6855848602996875,0.34259812214169044,-0.13521359034026334,-0.2768228611042598,0.17446996232408843,0.05335046349656938,-0.3978172759613896,0.01720495898925736,-0.09259068563044524,-0.09387030785369621,-0.4134090027894639,-0.2700585724436224,-0.2597749606596428,0.14498277893506178,0.32934965967425534,0.17139152858784493,-0.15481210951646798,-0.40015956899274746,0.12062110282971485,0.07331471549764858,-0.04625149532208671,0.21253692446135392,0.2991294263627434,0.1305025333551709,0.5648678643377314,0.9381793379395066,0.5229658489191262,0.8526036195494056,0.9072235801115721,0.6858829800824883,0.7298409056867722,0.08453350355379784,1.2567172451985367,1.8137431972248026,1.3757966754218782,1.0997677454623027,0.7139568513861817,1.041550155392195,0.8866624513400457,1.5552989723753903,1.4984979586603062,0.8323688294198498,0.2876975800259355,0.23866016765070816,1.3185875139515582,0.8675050329635489
1.1879904126155765,0.8547841002940064,0.6760500576244266,0.88449356894493,1.1703176991692616,1.5858934634278874,1.253867355522819,0.9512187246241453,1.5041017116314088,0.8556408134589009,0.781035624760918,0.8128740518076295,0.6256230106858562,0.6180217047891502,0.4360006392531653,0.6103557575930502,0.049823406221016615,0.47149369093985,0.486273629005711,0.7255860488066939,0.7183739167787289,0.8068264654875803,0.2740465063887605,1.3510484132361733,1.6354007020724826,1.6290576302647102,1.383592597430741,1.250182847564924,1.7347370854868063,1.6635404965530607,1.6311942285164114,1.1713896760686615,1.0937455366617768,0.47394608987960085,0.5391504335812138,0.515267566911935,0.6025191792316887,0.7589391075848252,0.7099628144307,1.6473783531161301,2.1800748891884334,1.8209008301574179,1.3509366237414566,0.40661800292230105,0.016573136899402385,-0.45049824266177285,-0.5998997431821558,-0.3261071902575479,-0.050207097470976486,-0.04182702312706118
-0.743537309101325,-0.7850148974654116,-0.6409210504073679,-0.5067421219227106,-0.6273196303310672,-0.5022522352998059,-0.46176055079801415,-0.7078172004631699,-0.7625979499629195,-0.4465631374286588,-1.0474513166477888,-0.7640017341537912,-1.2460886975442447,-0.9335516868086196,-0.7126928204481037,-0.052579688796202576,-0.3550351442455047,-0.7234463048853744,-0.5687321994201614,-0.03626362275850112,-0.07087692263540767,-0.00927188727876305,-0.06697065043533261,-0.5413791545039464,-0.2888418426230969,0.28064349142819095,0.9272687992846513,0.5768194168594803,1.2206793209628246,0.6232657617039392,0.08519096917467728,0.13941742122763268,0.31514029204869576,0.1320952450920327,-0.04203976174105688,-0.30527734885841856,-0.11328661810731973,0.19136422973416334,-0.040164494408155886,0.3406512333647221,0.6744638241478095,1.2750622503722,0.27463621365155755,0.19663939238190065,0.9134288915194125,1.252981698663527,1.0802668299660407,0.7828566155975778,0.4766262226709794,0.06317984573420454
0.4578128238386232,0.22712438961001793,-0.1870129491581108,-0.3005519951132038,-0.3085908715567136,-0.46902467586268276,-0.2682227407556089,-0.18631689650520333,-0.6763922485089046,-0.7002542191789771,-0.7693786502490919,-0.28693852297853073,-1.0606496824558616,-0.6814975733856592,-0.3631080455261445,-0.17763103452087287,-0.06734196256333318,-0.8197847922861139,-1.240712758179388,-1.0692341279021418,-0.5839291564884888,-0.19413325459828104,-0.26675252969891017,0.1874354588581549,0.2092061761965265,-0.21184568006719054,-0.68609634369199,-1.5006635453898056,-1.6220290833385778,-0.6504269392249171,-0.6585569499129574,-0.27398457454255637,-0.017537620595657104,-0.09634827299735216,0.4133631219037391,0.6615963353854839,0.8955922028045746,0.5560912132256516,0.3477659891069669,0.6632453016016274,0.6933469702360884,0.16712913572150323,-0.11603760746117878,-0.605272950371648,-0.8245261773750082,-0.8012281969225642,-0.6053910478103585,-0.382329906344487,-0.5682223731953133,-0.8084647146809941
-0.33961947187440367,0.08952607013125052,0.038133174141609306,0.14983139739865917,0.28552895245234494,-0.3880916340860986,0.577350358556307,1.020650169878958,1.1381078062111545,1.7673034646835797,1.6474654976645904,1.6190204297935682,2.6620042384989584,2.395128019976925,2.7709436444375286,3.134043369817667,3.0720470393617703,3.0342129740679167,2.987625581351788,2.5083241115565285,2.5778464643240575,2.566181079613507,2.1623155456300127,1.9045069100029177,1.2868147034459454,0.7443547899887403,0.6495690056135246,0.4978942180504798,0.69681992863188,0.8817406614280077,1.2665816488925195,0.7535653112423136,1.0788201469775522,0.886785976382506,0.987214718996299,0.8583978152121604,1.1739109729816994,1.3889981121920396,1.5769576090486241,1.4029600672986788,0.9740759790470664,1.3375411346809591,0.796448972828153,0.4085844432946304,0.5514892569778018,-0.43476425929943613,-0.7774670157030602,-0.9222280559295531,-1.150479756731812,-1.5153502808442403
0.5489097808466182,0.35377023010154496,-0.20466178706381105,-0.35779657674326354,-0.027172651073906498,-1.0520571977948474,-0.9175183056972035,-1.3695803852339588,-0.9273821958125457,-0.8317511552943142,-1.2185618845497417,-1.1959514454064368,-1.227611696350387,-1.6638183826908708,-1.3158888462341383,-1.3376629362063321,-1.541122568384697,-1.7348814217219022,-2.158443659286754,-2.031028863084711,-1.5045257327739958,-0.9325767658212993,-0.8942585180712654,-0.182268713455012,0.599438008395067,1.2407669962009322,1.1106597309382176,1.0518638811055911,0.5074650213649173,0.7697649154706112,0.34101179359620604,0.7230169202135194,-0.09655685324232105,-0.4050368957600136,-0.0731664952797718,-0.7154690416867471,-0.5188171882102376,-0.6175076509896975,-0.773606760600762,-1.2391225843168163,-1.0522244868820847,-0.48830101060613107,0.40252745853299626,0.4654350022148687,0.22375981200406972,0.10752000580133365,0.2993931911523417,0.9860339779595948,1.058855829441494,1.1752920800898863
-0.6184321352353431,-0.17196281511388029,-0.2158849902860065,-0.4671831290299756,0.24101985179214047,0.5700207332282208,0.6102215897112474,0.8946703402856399,0.7935288654648527,0.7762143837425993,0.6015649407587006,0.949197562353148,0.9838131127257383,0.7663405123058418,0.317686148196997,0.6150146370310303,0.37926220024750595,0.47569302792295265,0.5268955298787587,0.4010171921437782,0.5878564381080845,0.8340633438138852,0.48868276405174516,0.12044914811648633,0.16232852000473189,0.15424455201350246,0.2991592956338323,0.21295039608012487,-0.03914922114880073,0.2857126422020943,-0.19131783701913121,0.015011272824671922,0.07101261938559077,0.780779765647288,0.4686555264691025,0.9141866396337592,-0.03035208729782938,-0.10887089440250164,-0.3981179186646843,-0.947255159547905,-0.4369164727361894,-0.9195558723537578,-0.7401340559583712,-0.19170677722019616,-0.03001113496268906,-0.016973790885901684,0.0445399141884738,0.5267907414445946,0.5665821991627478,0.7647283777821655
0.5825395472310642,0.7867338731141591,0.4045593246101069,0.8333489666742148,0.6371894459371021,-0.32207153125443466,-0.5242839466114613,-0.30732482206438216,-0.7299226791170048,-0.43852166754298494,-0.8357908159226208,-0.22116217358104182,-0.06358896872468794,0.23973535912530064,0.3222339540003743,-0.22505634442204514,-0.35811911711291505,-0.5566771067588212,-1.165062543695516,-0.6593349200950674,-0.9453472911952727,-0.4960706588617073,-0.18353279563839417,-1.0859822867173645,-1.1954281162571692,-0.7137990037155624,-0.3758844290574926,-0.9211830736402352,-0.8898358562605387,-0.6619412152025393,-1.028237208345442,-1.0649512004989474,-0.6156242133900569,-0.36114973015495216,0.3163650021528819,0.5494020882807551,0.15481520334494897,0.22323888434958788,-0.19197862510394212,-0.49380132896157963,-0.7173264636384137,-0.5261467745487913,-0.2925522198572386,-0.576918408011236,-0.28269767427562104,-1.2100980311549112,-1.6010402000738364,-1.2148860765496503,-1.4516151835807898,-1.6833556983484865
0.4277988258628328,0.2732067007762335,1.0386433897487986,0.5508262702049518,0.5673794992022899,0.670419725617732,0.16702101010019751,0.28590961874952225,0.8878111648325022,0.8359509493417098,0.7273013726750097,0.16062449042550886,-0.16339675640217755,-0.45035238093254815,-0.5608563114095205,0.08911407881188785,0.2646913668577695,0.40710600171223293,0.7675250573386525,0.9868616616151487,1.236331477995587,1.067661130961582,0.3903239525296239,0.4560458810662554,0.46408105194245214,-0.010506238490366152,0.2291306147480878,-0.08789179873575662,-0.2988053513602283,-0.32539245417097956,-0.1418622494657624,-0.8150882714714474,-0.3328354083013284,-0.3571369731917869,-0.7050830049493957,-0.9821933274312754,-1.8836951952041854,-1.1228219577217844,-0.6415739794916837,-0.7142243730952558,-1.1732388213298255,-1.1310848409272325,-0.6813048851016982,-0.5050885674624714,-1.0239893894807501,-0.8193508106659807,-0.7717057169432948,-0.5578776963388611,0.42023093842355064,0.8733384497391913
1.2985176906956633,1.0269282586614636,1.4642936901313468,1.1704109150292323,1.2232188531517418,1.7457500368409562,1.813590162554189,1.8995711311752268,1.6455477648183594,1.7358612004238971,1.6005903848798306,1.5087674385592238,1.5549316637293364,2.129770751984568,1.7079322201671487,1.885780981427176,1.647155995325113,1.931302110346316,1.6116023595960223,1.183756607330268,1.277649067280483,1.593013384720994,1.957548850097176,2.199427416891451,1.9224520678479344,1.503353349581004,1.5710320315518762,1.4199287814401624,0.9678161501503528,1.2445113364948277,1.1913997659048527,1.3678103360598264,0.3591231666978,1.1082079959946987,1.1165314554015806,0.041174294696058,-0.2998222761312446,-0.37673992338450524,-0.003181214462759886,-0.28967867590038426,-0.2469980198321563,-0.19281933619811556,-0.28440852813088485,0.5056749752647759,0.794816140748534,0.5779805527080517,-0.19763828557915228,0.45145658245278564,0.42261346054708254,0.6912737882687078
