Market_Sentiment,Trading_Volume,Stock_Price,Volatility,Option_Volume
0.4967141530112327,0.05978218492179538,-0.4463575410728059,-0.6521420903535946,-0.4182344188253056
-0.13826430117118466,-0.18287077629470666,-0.23816702491709837,-0.3112497263158184,-0.4661754526131867
0.6476885381006925,0.12194086998057335,0.15713916720335597,-0.6153097334936428,0.055237771756189394
1.5230298564080254,1.0644431203069002,1.5609099518743237,-0.2356030714856377,1.7621848204457413
-0.23415337472333597,-1.1341300332555617,-2.1810710578751697,-0.7624744602017006,-1.3240356245723959
-0.23413695694918055,-0.08066271187287516,0.2587451100609482,0.3954663746961315,0.5181142644866401
1.5792128155073915,1.2639729900870253,-0.10586739085723451,-0.033288930175059045,-0.044419047535626165
0.7674347291529088,0.2054034677882317,-0.13144657007240818,-0.8741852198325293,0.6307039720870464
-0.4694743859349521,-0.04595667453175917,-0.34811231490903777,0.6585946593933087,-0.4697193199438951
0.5425600435859647,0.9028331036820509,1.463395820061204,0.02586709733843745,1.832515907238537
-0.46341769281246226,-1.1745140864344568,-1.3958383921152264,-0.6139391849397401,-1.4002859520793431
-0.46572975357025687,-0.7539461921393127,-1.7480732628809472,-0.1162828549361058,-1.3577544575874059
0.24196227156603412,-0.19100135764082177,-0.8201975046591952,-0.17483791877047916,-0.7949590365885014
-1.913280244657798,-2.0005757462806706,-2.281482889808361,-0.006091081058980263,-2.08126069215393
-1.7249178325130328,-0.965196845044552,-1.2056766191721962,0.3784223820824335,-1.2738022159860816
-0.5622875292409727,-0.5467430927791799,-1.003566177116464,-0.44610023220378275,-0.23078254381447028
-1.0128311203344238,-0.9425223169228445,-1.419527054014601,0.7180748079178856,-1.6440373676674085
0.3142473325952739,-0.7505333161271577,-0.48293918105701583,-0.6047636022513541,-0.8047613892256684
-0.9080240755212111,-0.4087102453123557,-0.8010678380963556,0.10897877539335404,0.3395357286358346
-1.4123037013352917,-1.7494721584949697,-2.1522213366114076,-0.13290849105660452,-1.4480754206231012
1.465648768921554,1.2024853302704075,2.7449443491728145,0.20869572510053713,1.2778930649090148
-0.22577630048653566,-0.04193257141013251,-0.9045286678225128,0.24322662743190593,-1.0967051706454634
0.06752820468792384,0.7343518616696646,-0.22988340494119763,1.477155800265078,-1.112889733228105
-1.4247481862134568,-1.7942087485303215,-1.6828966993572219,-0.6536206021665154,-1.9899523761291273
-0.5443827245251827,-1.9452622575305587,-2.7415005458131323,-1.216596575615758,-4.036607824348839
0.11092258970986608,0.18066284414474032,0.02585289632811616,0.1176341008513707,-0.04522718215166664
-1.1509935774223028,-0.020539271182415497,-0.493340952297567,0.9897256731158761,-1.014977766648466
0.37569801834567196,0.9200315911462562,0.948157824915,-0.1464405074466164,0.8832946708217192
-0.600638689918805,-0.3756812442977311,0.5083053741005273,-0.7488798826396114,-0.3550857927507878
-0.2916937497932768,-0.4791730926506451,-0.09373063600990261,-0.42442039820687216,-0.04290164582289239
-0.6017066122293969,-0.07780399146486239,0.42396931737435134,-0.40717867153442017,0.17411424657675253
1.8522781845089378,0.9950494477549159,0.3443231038303117,-0.39953701783628326,1.0608672760415785
-0.013497224737933914,0.22738110488776242,-0.4178349160664066,0.36691526424211673,0.3296270064130465
-1.0577109289559,-0.5934336635814066,-2.415567591988944,-0.24284764544993998,-1.7813380312849079
0.822544912103189,1.1881408834319913,0.940140567468737,-0.15030446836173755,0.682819620391257
-1.2208436499710222,0.40315509947872097,1.0578080312058602,0.920365259306755,1.944717425715421
0.2088635950047554,0.36329885959318786,0.746126540960848,0.4948947980589219,-0.10500375205514711
-1.9596701238797756,-1.8222179119575699,-2.319569452120358,-0.9737068518370561,-2.789391821690154
-1.3281860488984305,-1.0753359952147417,-1.3037833644885217,0.23945078712128987,-1.2152965779842018
0.19686123586912352,-0.7270489637492603,-1.2857900820443557,-0.2804424110637134,-0.030192019379360557
0.7384665799954104,0.24341669845179925,0.4149553675832296,0.1827924397812055,0.27229037738986284
0.1713682811899705,-0.06754659410457559,0.3784710547628782,0.35442532948048644,0.24900132768194938
-0.11564828238824053,-0.3545628248778887,-1.3950074622997501,0.6904357336434446,-1.9764618941256797
-0.3011036955892888,-0.16470552045457004,-0.017858011843075172,-0.1071788359711767,0.4568925819764216
-1.4785219903674274,-1.5940275584850423,-1.3533721476092504,-0.33272966372467255,-0.7414468056836484
-0.7198442083947086,-0.015360033053531175,-0.2674922130422592,0.18259470776067227,0.1537946089619217
-0.4606387709597875,-0.3684074843087314,-0.021668613898127465,-0.026775115633893874,-0.3341120889319959
1.0571222262189157,0.8410476204058194,2.698049811170515,0.6733215634291404,2.0748914458669607
0.3436182895684614,0.1109472733983102,0.07053105228583705,-0.6321518469776811,-0.5830831781452319
-1.763040155362734,-1.3328367823606977,-1.363419908829643,-0.39588553883735156,-1.185141667066212
0.324083969394795,0.6718163078496533,0.363345319222749,0.8591018053991843,-0.21319287733877673
-0.38508228041631654,-0.7416309321885033,-0.7812064210649737,0.0814140904370419,-1.2917940315831207
-0.6769220003059587,-0.8705958447823954,-0.768552038749492,-0.41620874992152856,-0.9035421933298808
0.6116762888408679,0.337478016684362,0.5218790241833172,0.2721572677069074,0.22511303417287742
1.030999522495951,0.15186415626015337,-0.42958020431313,-0.2727085148690548,-0.6556114482927946
0.9312801191161986,0.33539516543221,0.5262912613139223,0.36924639984484287,0.7068844336026607
-0.8392175232226385,-0.9094844553504403,-0.21406378318994634,-0.18722651960327988,-0.1531335037958121
-0.3092123758512146,0.18982468967539193,0.49697108631918663,0.6977363162474146,0.3031959624317091
0.33126343140356396,0.3962914096238138,1.0527420049916811,1.1685770352319358,1.038974268648254
0.9755451271223592,0.8772310573816596,0.9104700868504149,0.36552883862496865,0.3236595576130573
-0.47917423784528995,0.042109590807754116,0.5004716526235311,0.28879509880601034,0.503063799316017
-0.18565897666381712,-0.21721307553075203,-0.09309498770698688,0.22975912954877398,-0.008484242513971299
-1.1063349740060282,-0.6898355542403778,-1.3983491029007924,-0.07582974424680425,-2.0100376222894534
-1.1962066240806708,-1.0085761757307847,-1.019178807997617,0.8472870712386791,-0.41941405001267423
0.812525822394198,0.7827018326151727,0.34422420107402085,0.2136567867119144,-0.130915071646879
1.356240028570823,0.7936126940508672,0.5726070679301655,-0.2317644565400096,0.5605012607403664
-0.07201012158033385,-1.2770166764024817,-1.4188230273075535,-1.1921822146995849,-0.6947348543091629
1.0035328978920242,0.7356867372204673,1.061170648692635,0.4521023437508904,1.4178919626803062
0.36163602504763415,1.0006828880880774,0.4872799866594153,0.8665349742689326,0.45571868227789153
-0.6451197546051243,-0.052988102563303385,0.5688057396337616,0.08652645694261246,0.33067566422935124
0.36139560550841393,0.7718152267023165,1.2693820390230635,0.5901533939863836,1.6161997894085407
1.5380365664659692,1.8484946140758844,1.795356475524531,-0.07849444066500821,1.953168316876388
-0.03582603910995153,0.015667964192757598,-0.903749320838196,0.1028688245191686,-1.1225568987764414
1.564643655814006,1.350372778354003,1.5335045865759447,0.34404165777147677,0.982707304417505
-2.6197451040897444,-2.4046220309889708,-3.153112665503461,0.309569054176282,-3.873978989801114
0.8219025043752238,0.4994855754866542,0.6672669648157986,-0.3696388704384298,0.6775561891760125
0.08704706823817134,0.37752322947610784,0.23515787867798948,-0.29059832500674,0.1702932183009912
-0.29900735046586785,0.3627363382117138,-0.7691905105929493,0.045247927611116845,-0.12417577221238352
0.0917607765355023,0.003685483387902075,-0.22858558291521242,-0.5779279500221877,-0.026199477883507905
-1.9875689146008928,-1.81514976410642,-2.3615511835686918,0.25784256552954565,-1.4582814681254774
-0.21967188783751193,-0.1754735308417109,0.16962837785438215,0.6064601903391731,-0.19601657388914143
0.3571125715117464,0.5862934316739548,0.2846323132421159,0.3599357475954267,0.8252442474017134
1.477894044741516,0.46038782772644204,1.55967019729527,0.07184243531181062,1.1392449880134157
-0.5182702182736474,-1.562706651187537,-3.0222323118160985,-0.7811761944623581,-2.3312110497383527
-0.8084936028931876,-0.9220633070603419,-0.3197754697908355,-0.2792421725759519,-1.0171771190770986
-0.5017570435845365,-1.0117618478247086,-1.3487055999165132,-0.5905698193065323,-1.0962673902417677
0.9154021177020741,0.47825159533800393,1.0896528378117383,-0.24708133866546053,-0.011656416692390481
0.32875110965968446,0.18911072831901182,0.27481376441805405,-0.6511186675301466,0.11376364500537131
-0.5297602037670388,-0.6504323675251378,-0.09678551941488378,-0.08472064994114151,0.1330700294655614
0.5132674331133561,1.1368477137260575,1.1318000777395822,0.5230261189659446,0.7581357943500762
0.09707754934804039,0.24103442177959233,-0.3699309489711765,0.41832961020284476,-0.8581566684520425
0.9686449905328892,0.9251531722317256,1.9624863790407086,0.20069412387120716,2.1892969757846044
-0.7020530938773524,-0.25053890308018095,-0.368735071225502,0.11056783415491284,-0.38359295902641355
-0.3276621465977682,-0.8315462761685992,-0.8649204472277924,-0.7667285320221874,-1.0232137260203489
-0.39210815313215763,0.20586937120440818,0.9878943938721668,0.3690239311378691,0.9100529150620884
-1.4635149481321186,-1.2086941017734247,-2.0696060673847705,0.1809664951511269,-0.5443108896734992
0.29612027706457605,0.5721365302722672,1.043858374910275,-0.2049001637752454,1.5162239623100193
0.26105527217988933,-0.32708439877616624,-0.746438132409134,-0.32449721376096535,-0.09050748507430051
0.0051134566424609,-0.7727886176940635,-1.0066479546194993,-0.4502915800952813,-0.6882099996613673
-0.23458713337514742,0.22127512231239632,0.3088975260054489,-0.015039761141054653,0.36125040969347755
-1.4153707420504142,-0.9440918305915732,-2.0330433135780495,-0.18832143235209423,-3.0277801263854527
-0.42064532276535904,-0.7875420353910425,-1.4123526681615117,-0.2487124238845644,-1.6106075745769266
-0.3427145165267695,-0.7090031538587628,-0.04016004918263183,-0.7783133567547984,-0.2764312508656059
-0.8022772692216189,-0.07910442316991051,0.43678940534698474,0.4857350244916291,-0.5443355672114802
-0.16128571166600914,-0.7237345157664712,-0.9060651653161063,-0.7841130546672053,-1.3941665438922124
0.4040508568145384,1.1445771620796124,1.5193666696032706,1.0243200622617459,0.37701176718162654
1.8861859012105302,1.0586383536444899,1.0938205209915133,0.7330849951011978,0.9652765510436757
0.17457781283183896,0.4588582130696627,1.3645798871803845,-0.11039087794788349,1.637504883886754
0.257550390722764,0.041731074703718896,-0.07013425703203564,0.1141197018810911,0.4902664279833323
-0.0744459157661671,0.24203698292823786,0.42954963479479424,-0.0840479160199577,0.5939869023549353
-1.9187712152990415,-1.8070739732963297,-1.4808706814703565,0.11081549586120593,-1.8144817839226053
-0.026513875449216878,-0.1026075533955206,-0.5895519549821686,-0.5646717132863421,-1.4966293387439316
0.06023020994102644,0.06864375565068172,1.0176460174789543,0.21017022735604904,0.03744706603030801
2.463242112485286,1.4694999620974927,0.8451231086709651,-0.5521666695301393,0.1261195091766193
-0.19236096478112252,0.2165234008851648,1.2376133597298768,0.16495302737082912,0.6694221747390519
0.30154734233361247,-0.015368909368902561,-0.24204804161386784,-0.5739420177839608,-0.29771748644827434
-0.03471176970524331,-0.14206937343420395,-0.3161024968162138,0.24684751180698036,-0.7915743561980766
-1.168678037619532,-1.432117117399882,-2.8525466435896236,-0.7529351051459862,-2.3978040323965306
1.1428228145150205,-0.3669085777856388,-0.7131671237693822,-0.6074617079747264,-0.7579871627921805
0.7519330326867741,0.5060325448493348,-0.016644864796928838,-0.1593829462537859,-0.009707522446723155
0.7910319470430469,1.8391332684408956,1.8423721149049912,0.8460883656675583,2.2282601797500945
-0.9093874547947389,-0.3352078198867792,-0.48463596333746284,0.27915061643667544,-1.0262882341039017
1.4027943109360992,1.1126052588816822,1.9098012793417618,-0.22730334291441162,1.9281734405537698
-1.4018510627922809,-1.2529262648379587,-1.3789495069651747,-0.09197600857407583,-1.2480411705066938
0.5868570938002703,0.48071862144623945,0.7614683377761556,0.6552083138539969,0.5185783635136925
2.1904556258099785,2.0259240582355877,1.7737972365753678,0.011681113526836373,2.039045673350811
-0.9905363251306883,-1.3828354677589731,-2.1878550150724054,-0.003992607556399019,-1.5295624362866613
-0.5662977296027719,0.1041226636522185,1.2041822073934492,0.9552737827530526,0.6105185886598902
0.09965136508764122,0.437411749790735,0.08377347889093406,-0.07009945330152367,-0.015684160927121285
-0.5034756541161992,-0.04368766043899214,0.9412997587075868,-0.3608653772854157,0.9877756241288607
-1.5506634310661327,-1.0212928754480426,-1.371388169866171,0.1812110627881425,-1.3707527268908462
0.06856297480602733,0.06465870869181681,0.07896321211628259,-0.2079834004254911,0.3635775570485535
-1.0623037137261049,-0.5134123529974741,0.026124272540988924,0.9192044974300215,0.16410785424202776
0.4735924306351816,0.6747810113788342,1.5728726668177948,0.249473508847526,2.3318660203140213
-0.9194242342338034,-0.9125597428575546,-1.1615592275965179,-0.4999594660974582,-1.8105428728017599
1.5499344050175399,0.9531466375655816,0.9108301329657746,-0.5666283606175475,0.7585291247954985
-0.7832532923362371,-0.5756744862379963,-0.7243616525989235,0.4246164894378532,-1.1061767430951266
-0.3220615162056756,0.5168608627830532,0.8230075522789347,0.2943597724173005,1.0427605247705634
0.8135172173696698,0.03126023606878536,0.5722944954043957,-0.36734492365251387,-0.2935208991588161
-1.2308643164339552,-1.7184540860233843,-2.0596069878315704,-0.20516460395439906,-1.68048993393597
0.22745993460412942,0.26434836830156194,0.6885498207757665,-0.12238945026330346,0.30467062302401926
1.307142754282428,1.0711580543539516,2.2684055045873066,0.07786772941048774,1.6744840210680687
-1.6074832345612275,-1.199315755463778,-1.210393139197663,-0.042406775473038893,-1.8126029270482404
0.1846338585323042,0.2696836857800935,0.5106121365389792,0.36979145538635005,0.22701294978457823
0.2598827942484235,0.09630510808133623,-0.7957803653564371,0.17376991273685394,-0.17395206367533067
0.78182287177731,1.3703900167228893,0.0660299379700291,0.48031608331543607,0.04683260240828645
-1.236950710878082,-1.7900125579407233,-1.914989631990767,-0.6090738105208583,-1.4096504598544533
-1.3204566130842763,-1.470613802857544,-1.821631102197576,-0.5179129600675381,-0.8071470809946808
0.5219415656168976,0.3659258724189945,0.13024144195394827,-0.5958676348829306,0.24909509016984127
0.29698467323318606,-0.5840066669905346,-0.5546898778768348,-0.4542566605507155,-0.7786206761203216
0.25049285034587665,0.11246707806066576,0.09871825615465393,0.7103572338027548,0.32247253813058346
0.34644820949697586,1.1078936504615897,2.006140530934247,0.24881379429819966,1.5333784046836765
-0.6800247215784908,-0.5335765331148118,-0.5886253187823874,-0.3427030962322041,-0.7819741285527334
0.23225369716100355,0.3011534105881446,-0.08676987833632704,-0.25361056982629715,-0.8380392903121867
0.29307247329868125,-0.3956244039473451,0.11935045863875926,-0.13363660792323317,0.5705441583170795
-0.7143514180263678,-0.879661838440833,-1.1858728510967211,-0.07919339621682311,-1.2602868538117686
1.8657745111447566,1.3050214187538367,1.8819477127079882,-0.0827873394112754,1.7848020643451206
0.4738329209117875,0.220208788351313,-0.022195877694104638,-0.4499779332655608,-0.5379572542280139
-1.1913034972026486,-0.31222090026023464,-0.7645612116107434,0.41404783507512977,-0.47013127559193285
0.6565536086338297,0.8040884172696261,1.015407038834969,-0.39126376316249833,0.53289571588393
-0.9746816702273214,-1.3354743146503731,-1.5948719914542366,-0.3901205583986031,-1.5062391531597252
0.787084603742452,0.7529200722099642,1.1914003078720565,0.48211150311092255,1.5111732927044137
1.158595579007404,1.175987337454316,1.2499973529593336,-0.25658630793915216,1.5203772737796648
-0.8206823183517105,-0.08647133542073515,-1.2055814727671204,-0.26319608635052494,-1.0960383617488785
0.9633761292443218,1.5609712466796442,1.6135011658625396,1.2427669647315338,0.5680855329229265
0.4127809269364983,-0.17732235436473565,0.26350425504860675,-0.575219967325398,1.7335591145740668
0.82206015999449,0.2522193723904229,0.12423759932264364,0.21990261905357983,0.9847433245269472
1.8967929826539474,0.8886454566658499,0.9185445064902911,-0.38794373774001145,1.1880274682854113
-0.2453881160028705,-0.313320422355787,0.21584139671661784,-0.16141216442414658,-0.18234463375052934
-0.7537361643574896,-0.36980974426282465,-0.8709556294707432,0.29336634099342557,-0.8406561473746512
-0.8895144296255233,-0.21794428540586774,-1.187215073432781,-0.06140332766992207,-1.3402037809777614
-0.8158102849654383,-0.690623739793612,-0.925127159467631,-0.022532617974551028,-0.2006864739726738
-0.07710170941410412,-0.22160512915870528,-0.5564305257396884,-0.2691685016336787,-0.36953602773980265
0.3411519748166435,0.348800575977685,-0.16118710067873038,-0.4546129615859548,-0.5371503197907738
0.27669079933001905,-0.19621881135099625,-0.34068964716041,-0.14070573772014724,-0.54199823200676
0.8271832490360238,1.7065159600762057,2.342722540439517,0.6756464247841654,2.6690443576805176
0.01300189187790702,-0.7934290000567037,-0.9576879370087338,-0.6247111773565293,-0.061870219897621315
1.4535340771573169,1.2551975511737157,1.6904257050202014,-0.3321931301227207,2.285548916261304
-0.2646568332379561,0.8000776430244548,2.0481377907385996,1.328942913841218,2.2218400441917283
2.720169166589619,2.179535255551694,2.4097149897274943,0.5162757701458227,2.0424310563534265
0.6256673477650062,0.4055143607112578,0.653626413640311,0.3566887322841688,-1.0324931403882802
-0.8571575564162826,-0.8644487565382396,-1.3428665254053682,-0.29871323234529923,-1.0599998609607206
-1.0708924980611123,-0.9469098393300938,-1.6441076391282963,-0.8190637943018776,-1.480611254637517
0.4824724152431853,1.0724021695328134,0.9359380113887141,1.290612264047181,0.91233525841052
-0.22346278532585084,-1.284701183925434,-1.8288965636235341,-0.8119984392872256,-1.6190582337445776
0.7140004940920919,1.3379172459218363,1.8211861736344788,0.28002190669121785,0.9759364752964523
0.47323762457354485,-0.33338847656623666,1.0093793001409703,-0.3032701160898925,1.187145648552466
-0.07282891265687277,-0.1915892947427056,-0.6595332154567509,0.36915026520986144,-0.27747173689515064
-0.846793718068405,-0.8920571846040549,-1.3204438048941434,-0.21026339262282234,-0.8472300333748995
-1.5148472246858646,-0.9176011448633319,-1.138995181702747,0.62653287811435,-0.5518071617457792
-0.4465149520670211,-1.1562741375954908,-1.150049655888741,-0.15293444487658547,-0.7330188678390552
0.8563987943234723,0.9162053684997493,1.25757692937257,-0.21740811417273515,0.9268045306658577
0.21409374413020396,1.1834298069475895,2.190573244705978,0.45183795053442,1.936097496277335
-1.245738778711988,-1.6781780252659957,-3.4696488726403203,-0.16884036301829597,-3.0771215517496
0.173180925851182,0.23339782448614343,-1.1520805327340315,-1.0082570113094658,-0.983022754907319
0.3853173797288368,-0.022737185115235092,-0.32481152534437163,-0.2683569967110785,0.2067784551759304
-0.883857436201133,-0.4941423458643886,0.06540929748895885,-0.47630340465437426,0.3807027442513084
0.1537251059455279,0.13255397346429837,-0.7803240508061997,-0.17469629212116497,0.33638007405939685
0.058208718445999896,-0.27417647976535486,-2.13359117953468,-0.34055593067043,-0.816997571638876
-1.142970297830623,-0.6704400958289616,-0.4618204712632286,-0.04112066932796471,-0.3758136328299433
0.3577873603482833,1.1884039431719982,1.5722790660280266,0.43208457920121357,-0.5032766148044607
0.5607845263682344,0.3531757252309382,-0.23031417380253205,-0.4720267153739861,0.41113347664135436
1.083051243175277,1.2263199656143127,0.8802601983046171,1.2336628610698548,0.5220460089806283
1.053802052034903,0.19640516269234054,-0.346160036549996,0.3575673895317273,-0.7122859938104997
-1.377669367957091,-1.5803536827746774,-1.8301032288452486,-0.8822392220662418,-1.8463155434554073
-0.9378250399151228,-0.5140568929919096,-0.9926574373000956,0.7419193953846518,-1.1167132169773892
0.5150352672086598,1.1540862280349102,1.6813418250272039,0.3905565298309661,1.8193425475771798
0.5137859509122088,0.5888354351225971,-1.006173475595518,0.2069668184623977,-1.685274017599079
0.5150476863060478,0.2555091337832611,-0.2075001585367663,-0.10397703346350748,-0.7256105155788904
3.8527314906547208,3.081830895235454,3.0225646977359144,-0.03298357516412914,2.8918875050610313
0.570890510693167,-0.16849145843032515,-0.35599415713988547,-0.009848338805352352,-0.008922726219242838
1.135565640180599,1.2107101753221625,1.130023555292512,0.33006891486587736,1.3377920222312667
0.9540017634932023,1.2043679419562665,1.9239477982849795,0.17543610833508883,1.338034878989832
0.651391251305798,0.29506783462809827,-0.7615206614423164,-0.6409839189334192,-1.1745014199312047
-0.31526924464034556,-0.4872364695920272,-0.5573888777119814,-0.5408689118818945,-0.754967406834743
0.7589692204932672,0.7401144912206381,1.2231392433917891,-0.5179565126330257,1.220761695194973
-0.7728252145375718,-0.8366200396503553,0.1100444143567465,-0.19433200112039495,0.8417786575573466
-0.23681860674000887,-0.22252119270491832,-0.5560850139019871,-0.5160217684371967,-1.5241951053971636
-0.48536354782910346,0.6615700563199749,0.9885592301954801,0.5995566083311177,0.7793389286967488
0.08187413938632256,-0.058013538863940284,-1.1519339221741471,0.4664941945462289,-1.7030797504693345
2.3146585666735087,1.6725567773281957,0.5718944102060206,0.49318028996161695,-0.31141636949132634
-1.8672651925917483,-1.8175830568909783,-1.674235042800154,-0.3515863011688578,-1.0233332158477304
0.6862601903745136,0.9211041380495792,1.1019887894706526,0.2668089109901886,1.2641021977732565
-1.6127158711896519,-1.380784783560773,-0.9498341263938738,0.5917584068706881,-0.6301339557808554
-0.4719318657894335,-0.7022320117922598,-1.666720147532561,-0.04729402721638057,-1.0395352129138082
1.0889505969673663,1.5318124937103992,2.1501162761697303,0.39667086316298694,1.6952452001696894
0.06428001909546277,0.7612255175331888,2.034761325366138,-0.06968939412268005,1.6149664346627604
-1.0777447779293061,-1.1624076052127976,-1.1430657612409976,-0.11726364741840792,0.06410612324438936
-0.7153037092599682,-1.5055129430882828,-1.6406666283513098,-0.36447769649866885,-1.599885492645966
0.6795977489346758,1.047435044066202,1.262055701374052,0.1407450465735458,1.5034161877636925
-0.7303666317171367,-0.9266082182537114,-2.054458736180001,-0.16696133486381654,-1.8458220920803434
0.21645858958197486,0.5684796712469642,1.495519366922566,0.14427715711587577,0.42183816519110173
0.04557183990381377,-0.9485944369328668,-1.5048279082024796,-0.7604149854845148,-2.376659619282866
-0.6516003476058169,-0.07498160893499883,0.21271202310781157,-0.7218157754765233,-0.09805128917292197
2.1439440893253257,1.10956930681987,0.3936625842410919,-0.3839860913752081,0.8823469516519773
0.6339190223180112,0.8725172773876713,0.33934493416053724,0.6815503039755859,0.6995562690624854
-2.025142586657607,-1.6129775354078688,-1.0745206029561012,-0.3690740036833278,-0.5100299605484744
0.18645431476942764,-0.3278062578827804,-0.6017488828340423,-0.3016809906165336,-1.0350970840187956
-0.661786464768388,-0.7329473282781006,-0.007571508308193975,-0.4845501800872446,0.8011218875837822
0.852433334796224,1.0251058963153297,1.183188680143285,0.4355341305397279,0.5824231620357643
-0.7925207384327007,-0.5810693641885434,-1.8024219008009665,-0.09709746473009949,-1.5157675113858855
-0.11473644146689901,0.20041733706272297,0.7757413643142999,-0.17803625959544717,0.6929910829290016
0.5049872789804571,1.3922101154421085,1.3167167478771655,1.2550740283852984,1.0981081629321559
0.8657551941701215,-0.08951665051942848,0.3117933074869119,-0.12396644703577459,0.949910045886024
-1.2002964070557762,-0.1516308381603091,-0.16683048526832164,0.25204391124440184,-0.5027026968244698
-0.3345012358409484,-0.21542301991115226,-1.1843785606591049,0.2155698277497786,-1.7407433324491584
-0.4749453111609562,-0.829348273090329,-0.8966410684860534,-0.1281063344545999,-0.7969792185342384
-0.6533292325737119,-1.1878201989284645,-0.10765035342247797,-0.2478890289585987,-0.2967986852234936
1.7654542402810969,1.3178031968363608,1.8771557113123083,-0.637967240753127,3.3781315997224004
0.40498171096095553,0.7848104247309942,0.9072618578739151,0.7495190582442693,1.154789410306511
-1.2608839543350452,-1.0724817236568034,-0.6417720272140254,-0.3481748145625323,-0.7822651121019351
0.9178619470547761,1.4898670227674946,1.9142415064428602,0.4408447690333513,1.194761571205031
2.1221561970126332,0.9721371125843273,1.2922850732588693,0.6745705812067925,0.22291236064859
1.0324652605511468,0.8199277345178902,0.3289381781260068,0.1784661361753544,-0.21656518255531038
-1.5193699659540134,-1.8416926949697703,-2.0697224184899654,-0.6840288936807026,-1.805279290761403
-0.48423407286625136,-0.2055713169805172,0.37458046947354623,-0.7839006345555988,1.0507867483235764
1.2669111491866227,1.4569726143979485,1.2467298460175231,0.9423309090637947,1.6829014326097305
-0.7076694656187807,-0.7765164693355513,-0.0771222704544926,-0.7278106640489365,0.04513737241414635
0.44381942814622843,-0.9470513857965843,-1.1914852774429767,-1.2862212455305246,-1.2339205825499215
0.7746340534293368,0.7191813161417167,0.33035587244693554,-0.016431025050606424,0.4317264634083191
-0.926930471578083,-0.5231751013957118,-0.029230875522707422,0.6638073814921602,-0.2856267867127247
-0.05952535606180008,0.15452709263140865,0.013355969714728827,0.4472276375391898,0.8712023706251938
-3.2412673400690726,-1.9751227761441812,-1.9144383988813525,0.17491272279750564,-1.817589649630757
-1.0243876413342898,-1.3550369528919564,-1.8010995228254698,-0.31301522090169603,-1.6641584996662864
-0.2525681513931603,0.13805353161069644,0.1297685518148935,-0.017232729324374668,-0.9911195158769299
-1.2477831819648495,-0.40197278933289216,-0.18623122459889563,0.3983721142755406,-0.265325525400388
1.6324113039316352,0.4166352511420499,0.6745005359244634,-0.4952262782551281,1.0252925513144875
-1.4301413779606327,-0.9842871894090177,-2.378463695561864,0.41357761466654513,-2.67447861452495
-0.44004448669698376,-0.6041255048614228,-1.3976968498903424,0.18400563892107577,-1.6332873321477146
0.13074057728609134,0.06383112527805013,0.6342433412081495,0.17690245193384735,0.9671745159541669
1.4412732890661155,1.3268568730220607,1.5129462942855445,0.06322414356394374,0.6233230530979634
-1.4358621511794394,-1.3923040030003278,-1.9850035852632464,0.04004719124554096,-1.2576027229659625
1.1631637521549596,0.5926769621431618,-0.1039320545826905,-0.20349538905848524,-0.3596107942109725
0.010233061019587049,0.02526265755968194,-0.6175266036938907,-0.4201984177032694,-0.750058053570103
-0.9815086510479509,-1.328829890269762,-2.8076750523008824,-0.6007417144292333,-3.0888467496335914
0.46210347426327075,-0.1732297850319761,-0.2686441732592911,-0.3185017931402888,-0.052756625719420386
0.19905969557347003,0.4989343979370277,0.23965872917580516,0.6138105442350825,1.4456288487729148
-0.6002168771587947,-1.0545705193063637,-1.8454373577588257,-0.5115021937979185,-1.270145002252627
0.06980208499001886,0.388997918446621,0.4259234470351733,-0.24628198407821722,-0.04881152863861199
-0.3853135968617599,-0.07695523106243235,0.12603610123672404,0.1614848100059051,0.6812427838587898
0.11351734525124799,-0.7720894881942999,0.329411373492807,-0.5518388983390129,0.13813046317640162
0.6621306745210463,0.1909222134490095,-0.6780233955991167,-0.1230847362851153,0.07702143467457456
1.586016816145352,1.865868154439968,2.9346704113082747,0.8810479064170735,3.0445415712596287
-1.237815498826849,-1.48083516463132,-1.1931412609485408,-0.010107569792540128,-2.545397917589553
2.1330333746562666,1.4742245685703197,1.3016138386583633,-0.2722438382815763,0.6694126383150134
-1.9520877995225019,-1.3306397929920533,-1.4748261788388453,-0.20186133855276361,-0.855150949537266
-0.15178509503558324,0.2702671786128311,0.04974066473282818,-0.1509999118354159,0.12059523433205414
0.5883172064845762,0.34488432216541315,0.5252743348497391,0.22678669038569166,-0.039131072489160146
0.2809918677350327,-0.0739616031577946,0.8167246842533767,0.38725898725711366,0.4182574580811327
-0.6226995198205939,0.21302531499277866,0.6189941175701221,0.3344347092416726,-0.39602360423158034
-0.20812225035727533,0.7029520316129692,1.148707461875628,0.49955532141771875,0.9896500719248672
-0.4930009346588331,0.0950282776638312,-0.14415165877618796,0.8997332844536889,0.9756083701093132
-0.5893647569442118,-0.4288327342728574,-1.40503328008203,0.1967226057671088,-0.8620632567076643
0.849602097021025,0.2755488167963568,0.20557765383138343,-0.0574225948326407,1.2802283890424566
0.35701548596504734,-0.12960981450624476,0.5684331155108554,-0.7456012155263858,0.9527883488547599
-0.6929095952606542,-0.2930706235756447,-1.267985462244562,0.41279658883914344,-0.6274472443437602
0.8995998754332507,0.9288790107909424,0.4816011920431137,-0.17123916636686903,1.4204804167113143
0.30729952087660933,0.9466389131745022,1.2117273375498434,0.05538940440986356,1.2791862334659723
0.8128621188389601,0.9755147413392378,0.5798248186987278,0.13772062881130143,0.4282286760754149
0.6296288419236122,-0.24783707734101934,-0.7729185610783508,-0.7226174644799958,-0.1792979466595096
-0.8289950109220725,-0.13722219987619877,-0.41882578888834476,0.22980208779368133,0.3499769085614321
-0.5601810401969697,-0.9471751458147822,-1.9559806174918282,-0.9593247357818304,-2.00036487709875
0.7472936051232618,0.4058492481224337,-0.09745400998290055,0.29397419371114164,-0.4484931501546251
0.6103702654334648,0.6133963154726192,1.1581323286395282,0.5752668059206726,1.1117471119910156
-0.020901593964148132,0.9811124697206637,0.3929130943262179,-0.08170746386978711,0.7693712183594272
0.117327383308782,1.648821184649706,1.0198621408827446,1.4868942598670234,1.316921451125251
1.277664895788425,1.3254934461988312,1.2125771477182608,-0.03519848748368115,0.3792356328526352
-0.5915713888358299,-0.564855420428858,-0.23865320300872211,0.24317711491082888,0.7410151508238109
0.5470973811700377,0.7049307291763054,0.7277637902134326,0.19252422277182862,0.33440494649366415
-0.20219265243389398,0.28207359098980284,0.05973966231839234,0.31005806554220844,-0.07876680235773659
-0.21768120322722037,-0.3344787753603722,-0.37475925192308235,-0.19933360090713784,-0.788610506724684
1.0987768519871903,1.7766271595459133,1.084528131739305,1.1791022673819385,2.325239736533918
0.8254163489880298,0.7753684587861249,1.2272655428083694,-0.3657854583537388,1.2255743236715162
0.8135096360006385,0.899679253346208,1.3096761228576361,0.4661567948360298,0.7532209702310901
1.305478807154329,1.377345171750694,1.4072291216433999,0.7519342826041413,1.698467984460283
0.02100384163275905,0.22759637861343507,0.876670361413972,0.43535157642918926,1.1735712149275914
0.6819529712949639,0.9650326272707773,0.4815414933531096,1.2644259191714293,0.33952383222785665
-0.31026675659345604,-0.5568399985482265,0.008537397694269755,-0.4462333257769101,0.42798701431653446
0.3241663524884421,-0.01981779498226155,0.06891484537843681,0.20696629630560837,-0.3506226195748391
-0.13014305436768459,-0.6541915599799951,-0.9869614259028981,-0.4352988189387224,-1.1347244207872345
0.09699596499271819,0.2973473873042878,0.3448926835441584,0.6530076191577101,-0.6947049120932889
0.5951570254369136,0.865593872105588,0.9743537870401405,0.30526159946690695,0.21494286622634506
-0.8182206832334725,-0.4256901135108352,0.22134160163762817,-0.04402305058583619,1.1030228443092083
2.0923872756854602,2.511156037222137,2.3673797681839566,1.2340444697614172,2.951356105226718
-1.006017381499702,-0.8076119146142848,-1.4266458410251006,-0.2589444250877203,-1.2510869325981093
-1.2141886127877322,-0.6369800624339295,-0.14259433967722757,-0.4038820408701069,0.703130817885414
1.1581108735000678,0.3806382607303971,0.09944495176616097,-0.5193474075082873,0.009463213285392374
0.7916626939629359,0.43978030393314826,1.0680562111187328,0.15962804440714876,0.8395454387229054
0.6241198170521551,0.8470647324246129,2.036139268714761,0.8377009048059879,1.860780666076063
0.6283455092642799,0.927227462782996,0.8715959391746149,0.37933821943456203,0.7219755475953707
-0.012246772846914623,-0.15678089210962282,0.22068032541363586,0.4236555888403314,0.09101413109218207
-0.8972543714858315,-0.7536031231176987,-1.5965391165451535,-0.6221649690305107,-0.8651861513158619
0.07580455819372633,-0.6982932267854236,-0.3851118933018228,-0.7040129237738209,-0.271532876993539
-0.6771617115121117,-0.7202439696129941,-0.7446383719435327,-0.2810199698346805,-0.3139336525322772
0.9751197334177512,1.2252873684940941,1.754167811489042,0.32431752024798216,2.094441292978803
-0.14705738150213865,0.1699566028515722,-0.18339531979935034,0.22613606804724867,0.029037110007951394
-0.8254971967925115,-0.41006489674340446,-1.4887279254323889,0.40206755363274976,-1.8249907958432692
-0.32138584165299344,-0.23222182973191474,0.023285043171405173,-0.1797850952540397,-0.6554764056277547
0.4129314542756245,0.33387674273458784,-0.8373898002061673,0.08285946755764946,-0.6792605027818979
-0.5637245528039749,-0.7811402119799036,-1.127778549721405,-0.28298502811356563,-1.1006288471617318
-0.8222203955664315,-0.3083621063518778,0.1946745922297285,-0.1750992382195587,0.21890284746681649
0.2436872114919123,0.40543624138822476,0.6016621311896913,0.11649508759322698,0.5334688984464291
0.24496657110872277,0.4419826808833779,1.699384803933941,0.12944077910515583,2.8212331536238304
-0.5069431753711298,-0.668571961630694,-0.1872208624077688,-0.2805610114571393,-0.8336119039876609
-0.4710383056183228,-1.4535021044302805,-2.1365415583116825,-0.7692285376594546,-2.9178605373910766
0.2320499373576363,0.7342163057629569,0.8974475948264116,0.42819586160060613,0.9738912521035752
-1.4480843414973241,-1.3978862012020614,-1.7058858629691351,-0.42739624173571295,-1.7235085539663193
-1.4074637743765552,-1.5573589015228047,-2.8181367398350416,0.12266654971082047,-2.3782891309865617
-0.718444221252436,-0.22801592104495194,-0.8378584551445543,-0.26818128578645506,-0.46213109848809825
-0.21344715171184725,-0.3667640413290426,-0.7765733937827672,-0.43839929646236475,-0.056863706815041826
0.3109075655980046,0.7786942445017146,-0.28729920831150446,1.5016176380416202,-1.012182197672323
1.475356216949552,1.4887879483479904,1.8150416189685743,-0.1107230866268748,1.3551785081431356
0.8576596232020194,1.0279123601618543,1.0840517254024007,-0.25079302937161524,1.1900271823025426
-0.1599385299634271,-0.8109286795710089,-1.976850756272155,-0.1938901127175055,-1.3939338828013261
-0.01901620790268883,0.5907590263710492,0.9514385508116581,-0.4078085190984708,1.9530194708746853
-1.0025293646378088,-0.6713982260933191,-0.3761542244974073,-0.06282363993539453,0.13931318350926697
-0.018513135992389903,-0.19944907841701348,-0.10311820678148284,0.7279721831348809,-0.1212006840464731
-0.2886586389201379,-0.15923267746498476,-0.38552011808336384,-0.5851079236267807,-0.792185982746358
0.3227185603380895,-0.6299427681786884,-0.4010660307633132,-1.395105012189612,-0.6431043540464914
-0.827230943552323,-0.45745834910152294,-0.14081780263581284,-0.5062778533779839,-0.42308743385078473
0.5193465142411723,-0.09920854269809792,0.06539189059409553,0.030224590329539558,0.3864695157915663
1.5327389130025777,0.5498559874802951,0.1650598347154975,0.06844042272924272,0.277052574036863
-0.1087601484568576,-0.8481877118744316,-0.8518647949426097,-0.7443868428750768,-1.4285031008694382
0.40171172209894146,0.8777135651741158,1.7705446687042263,0.6868285961728379,1.3755394672885872
0.6901439917111125,0.23748349652249567,-0.07299723934004332,0.3772685827149866,0.3730762613196713
-0.40122047188583626,0.44588747744958057,1.7938285764189552,1.2276700359295547,1.7902768962640894
0.22409248181041677,-0.08862674607781548,-0.4217306556846092,-0.27261907563161847,-0.09523528210976306
0.01259240078179486,-0.8436050581710375,-0.9928818618011632,-1.5174084281786184,-0.7021328205924154
0.09767609854883172,-0.48012134113526417,-0.9796369669661187,-0.7132745570329755,-0.06845790296507714
-0.7730097838554665,-0.000502017080903916,0.13336008105507183,0.21543180199699744,0.23804560486174967
0.024510174258942696,-0.058340949561179606,-1.1153421550545806,-0.1566692704536533,-1.1968193384844716
0.4979982912454495,0.12425498475105912,-0.17851909758876178,-0.23716441670047117,-0.6185447083966659
1.4511436077950417,1.2409239991624272,0.8338360787857723,0.590632834688446,0.875257200012051
0.9592708260852069,1.018308028951938,1.3031726434777,0.7429515778987856,-0.04749662825761214
2.1531824575115563,2.2812453739604757,3.334162874057915,0.4516110714466414,2.9086020857357675
-0.7673475628880495,0.11037156463602338,0.5200495898319589,0.9003278271099686,0.365124700888091
0.8723206367206782,0.5179721864819996,-0.8014289927369357,0.06948475882949637,-1.4035215202718825
0.18334200573835174,-0.5163502384503378,0.6056215056163229,-0.4273137806393836,0.08092643572669267
2.1898029332176723,1.5451097660125,2.0312996835875206,0.3492930324438993,2.2329984803028893
-0.8082982853551515,-0.5164983749926781,-1.0856975342870139,0.0715010994778674,-0.8617719063208312
-0.8397218421807761,-1.1536569368499263,-1.2901115728253472,0.43542553613454466,-1.1102062486891486
-0.5993926454440222,-0.9580895738027392,-1.0439935950616717,-0.9463308456577301,-0.7864204685894931
-2.123895724309807,-1.5272226386729029,-2.2327763965784215,-0.21317634455293552,-1.9631849629461176
-0.525755021680761,-0.4449301931298344,-0.41516623135055597,-0.09918118313208368,0.2477816732136569
-0.759132661553698,-0.5909076315371652,-1.0735725304167825,0.14171206488402963,-0.9045006865232799
0.15039378647620763,-0.25893263816906864,-0.553336361416896,0.2507344548847837,-1.2271092821845817
0.34175597577715944,0.1582044235188439,-0.22192217323043803,-0.06989431831985166,0.615335026529811
1.8761708392158862,1.0388200992385568,0.3869813452424765,-0.7798032099434362,0.5334533443826517
0.9504238381860503,1.2054382761112337,1.5340278134627108,0.7056004327668401,1.0859981667189058
-0.5769036556624031,0.056101742831953794,0.4185017533081474,0.629706554270355,-0.25004928117017666
-0.898414671348358,-1.6418256681977335,-1.6612606441914568,-1.4768140958159968,-1.2971774692932885
0.4919191715065057,-0.0712200928910004,0.40649104011194,-0.2973353042452729,0.3072559336135583
-1.3202332070206422,-1.8044511931615532,-1.970737305784943,-1.2390559639748853,-0.9865901821902445
1.8314587658543537,1.140155045480034,1.0485507556458986,-0.3834812900919782,0.7707420397478948
1.179440120721287,0.9018331116818492,1.5859980526769322,-0.319560452968469,1.0087078525680055
-0.4691756521047048,-1.100163131533029,-2.1347062817447955,-0.2118204867239734,-1.4733375444523515
-1.713134529090878,-1.831437529835359,-2.7381278653099184,-0.3787069366704386,-2.001674132420511
1.3538723741654133,0.5811192132915814,0.118823013095951,-0.7843891380810106,0.19126639559145364
-0.11453984525261789,0.012001788497377666,0.6624357816804394,0.41769755975741024,0.9343707273498496
1.2378163119734618,1.0249252180968946,1.795583370200319,-0.47498283289027043,1.5971814728091682
-1.594427658794367,-1.6364109037041206,-1.6713099422179476,-0.21622828700732313,-1.3872463974915294
-0.5993750229537729,-0.3910895822933193,0.17385042037509518,-0.29967946384505956,0.7389608196195472
0.005243699718183166,-0.26914508251908614,-0.8505437684700963,-0.33729424063465985,-0.4528302246123353
0.046980593764742055,-0.09824308015123298,0.09126537573510868,0.10944784622711949,-0.0024983810047145283
-0.45006547147924364,0.47667366796587357,0.49690374452914976,0.7672840629395449,1.1233946430393102
0.6228499323474987,1.168510471773173,1.9103418284587559,1.0413199934898558,0.5368799592171241
-1.0676204293825944,-1.5038869619698745,-1.8737988938951677,-0.551812138556196,-0.6603823487946836
-0.1423794850212935,0.30096262092255244,0.13018941206101423,0.40444392234176985,-0.7358090765904548
0.12029563171189886,0.5019347826153151,0.926866850274972,0.1161116030130413,0.5206337528613267
0.514438834058749,-0.1625805771293099,0.33060480775956785,-0.2982298679707724,0.27708555938607654
0.7116148780888896,0.978680724348542,0.7734097523101694,0.5050634872029393,0.6228284417150718
-1.124642091837869,-0.13074771426401888,-0.19354265992824832,0.4314737069523709,0.3290171260778538
-1.5341141707356223,-1.7885637397107048,-2.7813408678378373,-1.2064377260666808,-3.0321250903591705
1.277676821898509,0.5633900470116755,-0.822768554081753,-0.11187701950872356,-0.610108289932046
0.33231401197959165,0.7746819430054246,1.0498941104547468,0.5219449450561842,0.6557986502993951
-0.7484865365565536,-0.46304157383241895,-0.19030667484612357,-0.22195522394359685,-0.023705517692802908
1.551151975522523,1.51665971803778,1.9772317470973713,-0.22766899956382114,1.747122442488696
0.11567463429285867,0.2628343156345353,-0.8543358518911779,0.7164983639993314,-0.7224344403605711
1.1792971840638264,1.1387857077151333,1.1560331912122752,0.404079607726441,0.7654674558588748
0.06751848141010895,-0.6092212790274543,-2.062074190863594,-0.5518465483929564,-2.1108987468252756
2.060747924881987,2.1722571932163137,3.4285292964520875,0.03539291955143109,3.2293126238205923
1.7553408424432044,1.9890676701684504,1.7352484549312885,0.18595101652777452,2.033581362316182
-0.2489641484790735,-0.3138666908172727,0.3766021366952106,0.4258115493819385,0.03980225592676567
0.9715709509543554,0.7555182858565531,1.474143729238351,0.09814210096962792,0.8923455840280611
0.6453759495851475,-0.24925299160974324,-0.8394578014533289,-0.7173998957196766,-0.4487819384720776
1.3686315575323487,1.3520326240347966,0.9427681780811089,0.4659827505480456,0.8322394137441533
-0.9649234605801045,-0.48591004760701156,-0.3728699272966108,-0.1834345780133853,0.07966613242602627
0.6860514599984393,0.517745659499096,0.11470036908907244,0.6197334437622988,-0.3496682745054086
1.0584244868495878,1.4089162694149215,1.7521903085928303,0.9981493591243411,0.687251815021832
-1.7587394864231143,-1.5740302046284618,-2.178532800038305,-0.4090810285094767,-2.227181560947642
-1.183258512665775,-0.66430384718582,-1.865859665302364,-0.12485153550953054,-2.062450003404636
-2.0392321777601006,-2.1412179115541385,-3.9077423053396414,-1.5264897286847583,-3.5563622748458275
-0.26940683444455765,-0.2273015429927652,-0.1367513024945599,-0.6170399714932041,-0.4414987793802987
0.7175422557959621,0.48685667568535174,0.2472933630240468,-0.5537593649013375,0.5930725023898668
1.502357052096028,1.3145396026972933,1.2455936330882726,0.22307533223504558,0.9769591385681872
0.07409478041977519,-0.125487640080859,0.26693313535924046,-0.25538222004303285,0.3154770712102669
1.6286155455712918,1.2371561386211996,2.1886527323249063,-0.4864326707169029,2.048604738312888
-1.3801014582148914,-0.6910575808511601,-0.9927959298384775,0.09384480552581076,-0.7960387906485362
-1.7033824393551547,-1.5810880701032324,-2.101664908269796,-0.05293557033574575,-1.903562972670303
-0.05554769889661878,-0.8477267094866346,-0.7171862315156311,-0.35449910722609995,-0.39016726315891126
0.3840654489393073,1.182044311254156,0.604291831685242,-0.12446981893529696,0.14603508160381407
-0.03269474809409311,0.6645712408699688,0.9313773218925807,0.4302418504624923,1.5379485530302643
-2.0674421000398766,-2.3000850275847107,-2.4289704500083604,-1.1296747800780031,-2.304342096691792
-0.08912003951278841,0.27355787101236645,0.7364075702654173,0.5967420083211602,0.00699224428953471
-1.3044695005048532,-1.2950629856795541,-2.716127204316944,0.059349226818138257,-2.350477805389363
0.6696725488300385,0.6674816467295606,0.34416481419010825,-0.2268100122341103,-0.11584190845264508
0.36659824609684827,0.4403906613842255,0.0015108419669905837,-0.18144374103962627,0.33402702502472903
-0.9398797863273552,-0.8691077292200452,-0.9829971024185264,-0.32294233748967693,0.22010539584451494
-0.5138669173366935,-0.8029763666625531,-0.6751248921342733,-1.2062673558879762,-1.000898448699771
-1.0592135218889516,-1.1926413436692909,-0.5331433679355602,-0.17085491024779711,-0.3136428645300118
-0.06267909727317188,-0.5082392355591587,-0.9068663708918344,-0.43356573479087746,-1.6939325281549649
0.9551423205012383,0.34820275228576825,0.11929980375739341,0.15424079937656246,0.33432243810232765
-0.9857260463355437,-0.8221699820931127,-0.2968007671844869,-0.522019651482428,-0.7099775903658829
0.5040465155178444,0.04535721785889968,0.23237482454886266,-0.4679223845576651,-0.1032799671232647
-0.5302576183724408,-0.08318006184164273,0.660774832502813,-0.39570733731857566,0.044054104332617694
-0.7928728322623442,0.10932481185808829,0.30442657603560774,0.0712475590341326,0.6400595314594147
-0.10703035995455783,-0.3756509086486678,-1.1450510616063638,-0.6822332545040759,-0.5268937767090962
-1.035242322419374,-0.7084916076678107,-1.6500669420680567,0.4200665073807978,-1.4733676405319973
-0.553649305347182,-0.19307688912627866,-1.162599616386892,-0.13763390921536098,-1.4785530074160624
-1.1978778925888485,-0.7223011786114415,-0.4695303134786458,0.1429983951642606,0.3721842359211499
1.9647251329163893,1.6097577402911554,2.644867382201591,-0.007837509799107717,2.005175580104104
0.03526355197172861,0.399552050757244,1.5890797457405215,-0.24573144686091875,0.34915562120275
-0.6997255079925854,-0.3186559300537397,0.12347608332945642,0.05948343369001782,0.34032297997504496
0.21397991073422196,-0.44764728257627134,0.1605264074294659,-0.18070172042506305,-0.407913570134239
-0.11232804969082963,0.34471559244197286,0.06564891133815665,-0.18563881746254524,0.5533884169539284
-0.2209695995332226,0.26686973900679295,-0.3736058032381625,0.6209387333639179,-0.5268140712510557
0.6141667000434252,0.10969030794544943,0.6416759689850712,-0.5701885030509766,0.8793649923586622
0.7575077100473051,0.6249750857616452,1.0005785542576144,-0.13446486541963726,1.601270872107932
-0.5305011476105275,-0.0827364216828873,-0.03481708141492924,0.4196083278312618,-0.6357648055837972
-0.57581824064468,-0.5653115023054248,-0.4459509143867158,-0.37318339417925256,-0.6843243883942469
-0.275051697151644,0.3164476661616907,0.5736484888689524,0.3740691586233517,0.47844810365352547
-2.301921164735585,-0.6596006844787876,-0.02123070546240835,0.5633637717174041,0.7496680246010042
-1.515191062198552,-1.6051458660763327,-1.1491836884014255,-0.31425937247262925,-1.3634566785315057
1.3668742674445244,0.4029771123787321,0.8101047462586868,-1.3536487972665485,0.43184242365831454
1.6449677135012837,1.467883468603465,2.268941885861915,-0.5268381548114496,2.2811179850536276
-0.24903603955637832,0.1615524209179691,0.5023004365564283,0.4839915168395028,0.16345603004550002
0.5765569630557664,0.34581238352222865,0.138273021005903,0.3686627491972969,0.200708660354121
0.3112501545435361,0.9756304552953462,1.6246953513022995,0.16312156002236583,0.6864571056880062
3.0788808084552377,1.7938017469025658,1.315865054967522,-0.38139052226427655,2.291443520749068
1.1195749114345768,1.2421192406634671,2.1228780201736903,0.42758371390805916,1.2367356030016197
-0.12791759148076653,-0.4052644835640599,-1.203031144136493,0.05756069790902302,-1.2436043817179478
-0.9555404406004258,0.09525660062330765,0.28578989282480893,-0.2666210679318113,0.24097038562128076
-1.6064463202575725,-0.28889937962199896,-0.8537716306020942,0.24657749560203607,0.18794959963651303
0.2034636358672231,-0.22055738519789544,0.06736452760718148,-0.3891537395120883,-0.6017948156199067
-0.7563507452843033,-0.8798591641817328,-1.0761861325748245,0.04353003660935845,0.023284548422033535
-1.4222537095976742,-0.7080090241882384,-1.8064644039238855,1.214892731355668,-1.2472295529804858
-0.6465728842425267,-0.7108236322887787,-0.600568580135447,-0.2654923912047688,-0.3319640599102792
-1.0815480036143952,-0.8879440118576353,-1.4122852803287886,-0.6435777913347426,-1.7633735958048877
1.6871416350725648,1.362407518329257,2.16357705448313,0.2710216761747167,2.232789970053854
0.8816397569494505,-0.25452477253926775,-0.30463431380647693,-0.09058890343592862,-0.6359141936357293
-0.007972641316617375,-0.01329698610041253,0.2212962079123279,0.037884078779820286,0.8324972137203013
1.4799441388900263,0.8390914240799341,0.4323683358867936,-0.5152674906507764,-0.09639951225575233
0.0773683076476183,-0.18466676508179136,-0.5751994569545668,0.21524668721094453,-0.574258758487152
-0.8612842013282637,0.0327886406717961,-0.23583681285449537,0.7190123965337631,-0.48988967557563157
1.5231240772696573,0.5902458146760978,1.2223164657568506,-0.7588223060398099,0.6063233379676684
0.5389100436846587,0.8377306283217156,2.011703006669352,0.4695266649966084,2.181192614456374
-1.0372461543264564,-0.9692783886270695,-1.646237117398209,0.2390344321878286,-1.2138840319535715
-0.1903386780836082,-0.29215102671480375,0.2955276547368437,0.36341963736499894,0.870479988713658
-0.8756182533847574,-0.3053086546819503,-1.6681768362537617,0.19751347829123111,-2.3912967067324695
-1.3827997309643363,-0.9362141374870239,-1.8399706056398022,-0.10718180923047607,-1.1238881939053
0.9261775475316414,1.0262485366350786,0.6562311702500295,0.7461947307112394,1.8433325059034735
1.9094166404701305,2.011625642642535,1.6024455575066088,-0.030634571577644876,1.2163804571674746
-1.3985675738191412,-1.2845082506469745,-2.4915629346489174,-0.024440272174909294,-1.294832335129541
0.5629692366905709,0.14425702209858154,0.4209077738009764,-0.7285153538220501,0.24723636039096544
-0.6506425691218272,-1.0630893185763608,-1.4041478009283497,0.007309270461302142,-1.949937889616168
-0.4871253837646962,-0.8024055720012346,-0.7352434478384158,-0.4213394147629807,-0.814535324257972
-0.5923939242388692,1.0006320732632672,1.6150420995888284,1.5040727076627092,1.9776398734675835
-0.863990769679816,-0.06885282537545945,0.07674680545296872,0.5803635096192972,-0.35001611625809387
0.04852162794482699,-0.6367198807481491,-0.36940595120755465,-0.9592528225208898,-0.6326346855900427
-0.8309501164110378,-1.3259890715006153,-1.6329062575461,0.05713380098598564,-1.1728459156448945
0.2704568257798388,0.4572984914831168,-0.1634378432037068,0.8053786377193541,-0.1455640005140497
-0.05023810944913695,0.23344191112967386,0.9148188018480863,0.5414429895550265,1.115648397906648
-0.23894804686640975,0.0832834801655544,-0.25352710347001084,-0.12686268646539506,-0.10925962274384184
-0.9075636620415979,-0.8535288264101273,-1.5855923709496083,-0.2660939292092537,-1.187220474078861
-0.5767713305683327,-0.5241441944561164,-0.7357237588299785,-0.020344383872811296,-0.8783019758517513
0.755391225825756,0.7682527427402837,0.37421673971043257,-0.12140285272725282,0.4526605367545856
0.5009171876243808,0.44368025324616983,0.2819580747017444,0.7370562124454103,-0.20992423561639684
-0.977555244798551,-1.8916943822126084,-2.06360090571705,-0.7776778564591356,-1.2130240038936506
0.09933230542922587,-0.0354339709442162,0.16648427841461677,-1.1558091512185071,-0.16730150783550177
0.751387123371789,0.17540648156727445,-0.3282102619746484,-0.11716669948631422,0.26903450799751116
-1.6694052811213718,-1.2479185154428416,-1.7901254423006567,-0.17810327897622844,-1.7279163785620237
0.543360192379935,1.927317655205653,2.9573809891089295,1.0474716400066104,2.762642395576697
-0.6626237589458467,-0.34635817441952516,-0.11778973866306552,-0.058586588935024136,-0.3534930402421093
0.5705986685931593,0.29971409178832853,1.604695933755119,0.24731909659792534,0.9362286247955927
-0.7632591565425169,-0.1497065742453874,0.5284290151504516,0.7247100877208398,-0.3967940801672443
-1.804882100664519,-1.202561736927009,-0.7564982431764474,0.17386909938681483,-1.2085104981550323
-1.6275424378831627,-1.0919867050806096,-2.143105176370213,-0.08634394947010893,-2.0907490853411526
0.048084946661381994,0.34189325393694114,0.8685881157043829,0.1987479225014997,0.8876688935483865
0.25972250172148187,1.2360497837919564,1.4513956595322013,0.7432134444246797,1.8114457502206127
-0.9043166251044086,-1.2888975177464848,-1.8772661034187315,-0.7710419658162698,-1.9124182229752829
0.6385924587773739,0.7476900054276263,0.9980372108326686,0.4356582338391454,0.4572531076158147
-1.6615200622689599,-1.7924066148059372,-1.5837610170002345,-0.2399076696854895,-2.1467423083015675
-0.06607979864731657,0.22489248425327088,0.570369935706452,0.8066411342116173,0.7533647510878587
-1.2110161997624564,-1.4281562155530123,-2.2408717394688504,0.10793866110950967,-1.325187307857294
-0.6518361078021592,-0.7301522930442695,-0.4307074034975513,-0.4594585182659611,0.24552847083034812
0.047398671316414016,-0.10962602006582195,-0.5141037493245646,0.22768180009930356,-0.10772700031848947
-0.8604133652839524,-0.2004223325548074,-0.11049692768719716,-0.09047030338417761,0.21982442371532207
-0.38455554422982535,0.15158278658734659,-0.00011069658146461991,0.5767585631023951,0.8487122629313524
1.0062928092144405,0.18217555914836026,0.08729091993665689,-0.5822691927074112,0.24460255865139646
-0.5768918695231487,-0.43404644011859467,-0.06110994311800794,-0.4246878626716757,0.26806588920587865
0.8356921120651418,0.31376376227752717,-0.24759971715650608,-0.08619328535934014,-0.383231676366855
-1.129706854657618,-1.533017939063762,-0.6725044823103543,-1.5780859812774806,-1.2862757195066976
0.5298041779152828,0.3153348171200411,-0.7142498610326485,-0.7445579467357039,-0.9847493251791718
1.4415686206579004,0.9990135022984105,0.8402155928051782,-0.09247161222977622,0.7516145142573328
-2.4716445001272893,-0.7639573569290703,-0.6946216943498398,0.7340288068672325,-0.5947668386642044
-0.7968952554704768,-0.4210362916960334,-0.15465505017405423,-0.044005284515260534,0.8239533822710478
0.57707212718054,-0.2271510486326866,-0.3328666907022475,-1.07931631712019,-0.2589414378364884
-0.2030453860429927,-0.44482331091986527,-0.568222394904764,-0.5370103614778116,0.07802156659853432
0.37114587337130883,0.8076083464117463,1.2154600668906654,0.5362366366975255,0.8763754394134409
-0.6039851867158206,0.5610332370623061,0.5345981980001592,0.9274285675528696,0.32530043531752617
0.08658978747289992,-0.7237198261406592,-0.03255503660784753,-0.5563880190732878,-0.6938033515587869
-0.15567723539207948,-1.064503980883186,-0.7737953085208619,-0.20458065650739488,-1.0675797841070616
1.1677820616598074,1.869708237013737,2.7673444950198656,0.883863544463406,2.7541007411997556
0.2544208433012131,0.3983437633264224,-0.10168151803054343,-0.1473520489053958,-0.08773327603042246
0.3376026620752022,-0.16406423627802147,-0.24451013817704748,-0.3958471177968631,0.2514101855892741
-0.4118769661224674,-0.06218702983675628,-0.25490400503652977,-0.39873890070763757,-0.13878663036035166
-0.48760622407249354,-1.7079588487664337,-2.6529114439334,-0.9950236782568235,-2.563847165358931
-0.4325581878196209,-0.34435879695711624,-0.19713204598107933,0.4200681837283645,0.8967295905105079
0.39445214237829684,0.4794723003241801,0.2527793057211262,0.41252057292216476,0.18054959079249
-0.42098448082026296,0.12534748511270444,0.5436592800453875,0.8590392103566734,1.0707938368935008
0.28977485689641286,-0.27512809062913857,-0.9722686464915653,-0.4586311894082007,-1.0756463851147475
2.0754007986454384,1.7031642196180303,3.075221431246729,0.6929544722156051,3.1224990278138396
0.8711247034316923,0.23418744971556027,-0.2567746554965647,-0.34895282749414197,0.23291063962893518
-0.32602353216784113,-0.13312694789711435,-0.028170935156275584,0.6584569355838981,0.07889214364714234
1.2012139221639448,0.5132979765496439,1.0910731580924131,-0.2500410764740712,-0.19527561906512925
-0.4080753730215514,-0.5305107179973514,-0.9789971197168893,0.11557273343434044,-0.8719711773171439
-2.038124535177854,-2.1284073255373976,-2.0426076045851067,0.119222085436691,-1.2231168202466083
-1.008086310917404,-0.4809009278220948,-1.3145912720667634,0.09004145455075346,-0.9193917283462218
-1.8707919210258557,-1.067407978492352,-0.4096189546812862,0.2755659705859511,-0.14573762159853426
-0.35151348404130867,-0.3985210722117538,-0.4697357276746496,0.41233736155494755,-1.2838906218859443
0.0184183791895517,0.03385370083165553,-0.3172224037833413,-0.03871286458464242,-0.6457276987425367
1.6764373122752827,0.6168541425034543,0.5607159075476843,-0.9347776693876879,0.7103231323686354
0.32692737376416264,0.1117035750079366,0.6193958516451555,0.7719316374574383,0.762647904874086
-0.21910052880886424,-0.2003827315679638,-0.5911324529918195,-0.21862343342799723,0.07531418237381382
0.8294055811834892,1.9739210104617788,1.919090598900468,1.0305443371065177,1.654748161437374
-2.211135309007885,-2.32489176009339,-2.922792070662311,-0.059453909780979475,-2.427600820259173
0.23561455810856594,0.9205802658630715,0.3985190513737049,0.2832013455573863,0.3668542672019813
0.7708651938869668,1.1151215418424776,2.4304721949760624,-0.007994682942601194,1.693953607227678
-1.4785862457798415,-1.042550794378805,-1.5908977079834,0.11100248553469055,-2.5597036027324336
1.143754043206929,1.7943134766631101,2.6521462437039744,-0.03308814710424346,2.602436465398615
0.3384964074944141,0.45684986229896274,0.6739018849474188,0.03538426911489871,0.6934853006590825
-0.4152879139008013,-0.13765073328667668,-0.7559013102331928,0.20930390937588933,-0.989398700259958
0.6327818661062848,0.4796651663762553,0.5720253741238687,-0.08860607531982945,-0.29476369154645055
2.270692857804396,2.4283387274528305,3.384408140529845,-0.05288969695951562,3.3608370836812296
0.18186625505849516,0.6937276209522379,0.7195163440909016,1.032347389618924,0.5146046725840354
0.24822058630033608,-0.11426217470783734,0.5787531578612121,-0.16267855386598404,0.7993152032591637
-0.4593608995402441,-1.027112316931579,-0.6196255446487765,0.08316267502271324,0.37436127502198036
-0.8498443694647918,-0.781365814269662,-0.3862900643285968,-0.22604838532854532,-1.4183764980555895
0.8303358165442456,0.2642493710365733,0.0413051818800898,-0.5821981412228271,-0.3126257406591011
-0.8560838259088672,-0.7166293480347714,-1.5078606863106179,0.03407373743215761,-1.4617624243355127
0.07156623721939247,0.6759720571175836,0.44301390532342366,0.3510824708413244,1.1261256018644066
-0.4776574467651167,-0.6107767849554884,-0.6151875775465538,-0.6598196092828268,-1.3718703293951409
0.47897982574639203,0.36177216994132616,0.7615986320490047,0.6016643096007306,1.6533692816844066
0.33366210528694845,0.2959410516337564,-0.9478135808957607,-0.2085804056574432,-0.7851042720230393
1.0375399442578994,1.254247396508962,1.5002289548437042,-0.37690334849090357,1.302205728492405
-0.5100163988547471,-1.5314577860761003,-1.7428958080974097,-0.28574582924296354,-1.667636108897122
-0.26987493529337125,-0.5192500956173453,-0.7896266685301452,-0.43025680561050533,-0.9287955177671452
-0.9787637157823074,-0.6773691264861097,-0.03807864837380437,-0.2279060876953728,0.4897875960981534
-0.44429326007611136,0.2446048701525415,0.5465938887335723,-0.3127849956671549,-0.042325877181004334
0.37730049304485197,0.055889170682779044,0.853182149667873,0.5468487675943157,0.9405710255230125
0.7569886166453519,-0.33268545970465546,-0.5287988638557259,-1.1271663649998098,-0.6680098103236412
-0.9221653241776254,-0.4278765363590323,0.04903465187331624,0.1849488789197501,-0.33693553757106437
0.8696059201056602,0.3780035416717135,1.4346440867225678,0.1948476481335456,2.584167265892259
1.355637858804951,0.48967695749878004,1.3746284185621325,-0.16635828595209062,1.4466909440826494
0.41343490322370086,0.018575227722348653,-0.6329946827904214,-0.21757651700308303,-0.2630624421808074
1.876795812558066,1.409173971218528,1.538803118936805,-0.63264246974103,1.9538111973774557
-0.773789199103573,-0.9214036915519648,-1.3127832531322357,-0.5819779188415024,-1.8921799004782858
-1.244654703311417,-2.0985067911986683,-2.224655428392605,-0.7715072669663504,-1.1260439309923291
-1.7787202489042786,-0.9744431006798568,-0.7575195878071084,-0.10761967401855899,-1.9362462182739355
1.496044311489183,1.8342729698307076,1.6977919593814075,0.6173127071364108,1.1436295584240064
0.6543656563540577,0.849253520752999,1.0598073332537612,0.5399919998761271,0.724310763338935
-0.05558467091045507,-0.6133105719407723,-1.9479290856226084,-0.016523910583272405,-1.4622744945750945
0.2799686263198203,0.12322913408209725,1.0130419643796507,-0.5441956624275154,1.0210969010124296
-1.1254890472983765,-0.9036518954534303,-1.3918068189501325,0.8088466188233688,-1.336033507404316
2.4457519796168263,2.2559987784744164,2.7407168980759975,0.6633148929453305,2.460646535954536
0.1292211819752275,0.4375471899392224,0.33926679953423033,0.24098678050221636,-0.1836713921804768
0.10939479460489293,-0.2795710637053335,0.35213126856164884,0.18541749133447638,-0.4316980555366027
0.7257666238986923,0.6216110773257341,-0.9565705720475466,1.0184075509786572,-0.49765770367476186
0.4810092317367132,0.6134475876969911,0.7261708998408439,-0.38657934490321066,1.0004068661248522
0.22388402427913137,0.9070183804966884,1.0249308020974073,0.4328657972115747,1.7146849094661958
-0.7904744554453119,-0.28012629444388804,-0.6083333858876753,-0.752223842337397,-0.9425085957065118
0.4714683571359957,0.771703029396556,1.9617795626572467,0.38151855506880117,2.1120092115419835
1.8820244964750337,1.5475329111447076,1.3246418180601862,0.2884184863338346,1.0503242720718018
1.3454200461549777,1.7815656095257344,2.600956437772278,0.5587210574134214,2.9360982865917915
1.5931866266393973,1.4794306992912665,1.98906851237317,-0.022805252215136074,2.301143049474924
-0.5112156764311853,-0.8395164962317334,-0.2505082439567706,-1.1518595156219509,-0.11985271994886523
-0.9896048202585809,-0.08999887114426941,-0.5083120962396265,0.5812166736930093,-0.6272459649486571
-0.12578692009964815,0.24832210018979528,-0.141794819246501,0.8188927237488108,0.3528507519822798
0.055724912288694604,-0.17694208073328546,0.44531144760649655,-0.38812929495101994,0.7242325644741296
1.0941915184709485,0.6356067310771372,1.0179208622906308,0.07385292412777975,0.5739085750184766
-1.6924646297148194,-1.2056839312014747,-2.3737831254478245,-0.6250041623516428,-2.8003041496427574
1.5295503194606137,1.4552326532022832,1.4226961751647775,0.43677292298829684,1.1361601073074017
-0.15800789857898942,-0.027760186047588203,0.19851736905173073,-0.09778110004167986,0.9363725398206622
-0.42688106994742003,-0.18585051923649348,0.2796379098441613,-0.22162200873300117,0.8249176982262643
-1.0121043752601677,0.04029518708005608,-0.3591841674197057,0.23011336209967087,-0.8794294855130256
-1.6548566718657698,-0.788113761375173,-2.6942901075403722,0.1183040701570599,-3.0087398047362957
0.8231705839619146,0.7538542628020439,1.2185590268046727,0.2690860182574877,1.7340450489639485
0.07331796718840389,0.5293096641344648,-0.09702081700502774,-0.19100749917828375,-0.6551366876834395
-1.2899608997410539,-1.5482306715566128,-3.0682800847413816,-0.5976271528462429,-2.5068044144462394
-1.295078772063616,-0.8370994926774884,-2.7039149462034704,0.04498102995790712,-2.7415590592512853
-0.3357846992901282,0.6360254154344525,1.2516190146399877,0.1734944506364371,1.9349795754368304
1.669021525289393,1.2261942725353276,1.548603597285373,0.7424913088000398,1.0085308379878963
-0.2595913513636048,-0.6314900454004262,-0.8931818829078624,-0.6536455481230325,-0.23218292951416208
-1.5031429531181062,-1.5285588067910152,-1.000855950371561,-0.5861944536480537,-0.8083410283042226
-0.24574306408594407,-0.7414109699399495,-0.5072983541140959,-0.7874393268439918,-0.3304710915855429
-0.2727235697476702,-0.6105598098619879,0.23710825379876443,0.4283619528256907,-0.7717568622568127
-2.6968866429415717,-2.3427633636482716,-3.6469573196781235,-0.07032894164321166,-4.3837182643131705
-0.05429486651781221,-0.7462194028035708,-0.9161936577366631,-0.8698429512010503,-0.9348572620966538
-0.23093453020867796,-0.17693845719214085,-1.1823541735993774,0.4341029686138279,-0.9406657245311337
0.6962063648134184,1.0081036787440583,1.0720950153795896,0.43784887042968285,0.40228659997276905
1.8489560949453452,1.025286785882816,1.081174630799373,-0.10387592891010067,0.42871046248126465
1.1265650295477574,1.6608939854590905,2.3690409649087507,0.46155239154650335,2.4128731833309423
-0.2688886905548305,0.04028509181993295,0.07568043886905852,-0.137122485231421,0.34953963521071796
-1.1065259087416701,-0.36993043418130744,-0.06987223804961956,0.4294180900657604,-0.13175554443862114
2.5733598032498604,1.72977056567382,2.4977887586919207,-0.2938753976514924,2.6381107434157665
0.05921843401448826,0.4746373607448985,1.8625220393237631,1.0293391873442266,1.0891686875313136
0.013929291912946203,-0.5348235166672995,-0.830966213172434,-0.8890575497208244,-0.925837050398676
-0.024125087110003277,0.42582368073025173,-0.0536252035235254,0.9246018292081559,0.7756761197206637
0.19808476076785533,0.24438747851104992,0.4409151434031051,0.02750131505468699,0.43098469403270356
-0.14436041192394275,0.16113728045323777,-0.28800327973984075,0.30461059588768014,-0.19604669447235668
-0.5736620068802363,-1.0467269083166149,-0.3668958289180162,-0.11261472572973835,0.8227670469576553
-0.5468589412403921,-0.8850220741306161,-1.2319573123238787,-0.5981856992730097,-1.8084326640158763
-0.03275327021599839,0.27241149295389366,-0.012452029179721658,0.5527640340551794,0.3870083570593057
-0.543424771133765,-0.9089138190191124,-1.3734860155136057,-1.447544829898967,-0.4041442740581954
-0.7128457826771644,-0.3386734800921699,0.024642277972380666,-0.1686443580147124,-0.14025091307413046
0.10643022769189683,-0.5984247210766054,-0.8127578552308176,-0.8417375415359983,-0.30166667628031274
-0.2549772174208552,0.2201053323966499,-0.12087369320224944,-0.21984006356062213,-0.5997960724874769
1.5039929885826884,0.5869327334818963,1.703530430752394,-0.42712551608559723,1.189811189893479
-2.650969808393012,-1.844625877874648,-2.7272529578466274,0.18854677695693037,-2.2620444540381475
1.0915068519224618,1.18602094836097,1.4445647824529602,0.5655252372911703,1.6993916407629592
1.246085192497629,0.6484822447833158,1.1695623847061172,-0.07275432202033037,1.6130744024386283
-2.0733902324081495,-1.3676989023841561,-2.620039749111231,-0.18697150142225333,-1.5732214807303615
-0.34268759408034877,-0.14392894359750105,0.11544156852655366,0.21820011165199052,0.07017413239630724
-0.37144086599579146,-0.5665736208930023,-1.3129529503598723,-0.1611668236868656,-0.5848517777375912
-1.4075116947178212,-1.6302866978123611,-1.462674368874432,-0.06302237393533561,-1.4875593537115632
-0.7778166875908753,-1.6035661959089897,-2.5018700422421736,-0.42281331216824847,-1.8006373822238224
-1.1105758454658288,-0.7136356527228161,-0.44070136415806294,0.06793353139519465,-0.2928868288161658
1.7522704434236227,0.6194149690578706,1.4067978026462724,-0.8014459458358048,1.4889569759226071
0.9356783931474612,0.7962148142386231,1.4723196924660304,-0.1716688889395268,1.536841660230446
1.2715550949941588,0.8855199679542024,1.2134139504879042,-0.23582931378435107,0.28972005054020766
0.7216720640432349,0.9169090389536856,0.9615102809866028,0.15489376167946012,0.3032983234575559
-1.129051771217229,-1.0542641667187154,-1.6109687458633648,-0.06623886005858493,-1.3986011513682672
-0.5245202662797737,-0.5843401061973645,0.18141268705342484,0.13929181485295505,-0.6803681214725019
0.48937456122791806,0.7574350011264821,0.4892248692511926,0.2650697429684273,0.8559079339259512
-1.2221278088919454,-0.8101732325714976,-1.5944475232277946,0.050392556806113445,-0.9992247877609444
0.7129984301723881,0.7284767227292996,1.2733934282948576,0.21075701282431747,1.309639361904267
-0.24032539815813486,0.04237347637775521,-0.426833910258591,-0.05653799270943993,-0.944717525611693
-0.37482080754959723,-1.0676427076432307,-1.8512093476515532,-0.9300963946326453,-0.9760189434521406
0.7109599682034917,0.9471623145562844,0.27043222016568247,-0.3946415228366308,1.261994318008293
0.4442633114860399,0.6616450461956331,0.5042281517584492,-0.037039866636825736,0.5273437503055912
-0.3609661658190799,-0.7971144969435126,-1.006166410670111,-0.18823888364380403,-0.6502820803774817
1.159329803364248,0.8054236058542978,1.1123633636215766,-0.29703295279994263,1.101996354657441
-1.0810633275998973,-0.8845043058937335,-0.49062142049279023,-0.17374416529604064,-0.17637468394411177
0.6159356069442637,0.42550009335454464,0.8267388662249298,0.1764547768409761,0.6842856012892388
0.5931012579683838,0.6414109896589744,0.6551698558588613,0.3607128623461576,0.5723707503510735
-0.3095464393139903,0.4680462394643995,0.4427380815294474,0.05059244641565913,0.8513230736251853
0.326133022242118,0.8017897816301087,1.2682422193052405,0.7970100786014737,2.314230078322937
-1.2511135763853032,-1.6570004578239457,-1.224858451631593,-0.0834034965419162,-1.8024082236693033
0.924027019206901,1.0502566105185451,1.3360964523121743,-0.17877382512789292,1.1505805648794734
-0.18490213644298903,0.5165449506133135,0.3383754282097309,0.12449778579435228,-0.28569235722728326
-0.5227230205190395,-0.2247741560706303,-0.8654485879360836,0.5804558742685552,0.017108720145566414
1.0490092258368893,1.384697593262495,0.7945139532676587,0.3860422938631814,0.4211935732809437
-0.7043436905427592,0.44266027041617517,0.9309541277255241,-0.22587714441803808,0.1162583180600747
-1.4084612963635597,-0.6149142640373572,-0.39111000266109436,-0.2860819385374447,-0.03290550297069822
-1.5566291735239037,-1.1206490409982586,-0.9983607341339134,-0.1058875920058216,-0.02636910334896647
0.6060099513456396,1.0073521981188884,1.1316269699314325,-0.06307549710343874,1.3502632072186707
-1.280429352496283,-0.9518995654485809,-0.29811863100324665,-0.1914845278204416,-0.16590782926196335
1.7547941819843647,1.4157868672299696,1.4084731439250728,0.12661220154222785,1.4721962909205626
-2.081929407883722,-1.841250644163844,-1.6363392306722895,0.3369910946410619,-0.7652849761922831
1.6964563682900382,2.1388717740480847,2.5434003918639756,0.5328004911975245,1.851960717670503
0.2110174672026184,-0.24040035920890596,-0.6534908898582896,0.1552277347815602,-0.6440653529156172
-0.09671311187039239,0.6888133728427441,1.1820942318019498,1.1020299817398254,0.8375397343669881
-0.5449190868089495,-0.18600320757697403,0.02257782211802728,0.7159811658414234,-0.5636126137396306
0.39913611435207075,-0.380344195919314,-0.24222937954302118,-0.3519071569653278,-0.38219407129712024
-0.03763470242484838,0.15371688455583207,0.23322731470071772,-0.6588964887340831,0.7637651312218703
1.103301882016522,-0.16737174821259448,-0.22358194688521188,-0.484481218595531,0.08207732199967205
0.11422764866203965,0.4041361273451496,1.9179865485364425,0.6451414199360013,2.0483431437368984
0.1503017614618776,0.5628571506639976,1.3859825679145006,0.2864222825596926,1.3206221169497097
-0.36361221221385587,-0.5870677475971116,-0.2707851601252266,0.46869223081904954,0.017955247251590367
-0.056945623721067457,0.0162173490009372,0.0865403137231576,0.3837583807481729,-0.3224088888232109
0.3078017688920592,1.2233201319887905,2.07227847874455,0.9297325588072375,1.7102956879064806
-1.7101683926566253,-1.6210080662562687,-1.6344128136726512,0.15493083443125977,-1.3749694138210478
-1.348185422105713,-1.6080021312128707,-1.9138797057910233,-0.3181608402918016,-1.5837338057709758
0.743264094022715,1.3354429764494715,1.420392976579817,-0.4339461632548689,1.4384476063827718
0.17086543812794186,1.1179859457677508,1.293032732323688,0.49750186238530836,1.0945618180831305
-0.18398333635267913,-0.14533883315821966,-2.076662041316697,0.46912169586472724,-2.057707537750192
0.01843393306539316,0.5204786641564927,0.7509349005663762,0.032081562337529845,2.2547270520318876
0.34758170536167105,0.9488033220547774,0.845478338399517,0.4009824706627329,1.2143241410257648
-0.5397596803093615,-0.8030498605166813,-0.008057833650287005,-0.7101895877682247,0.1993216876910529
-0.7783047254023127,-0.8652966980057843,-1.0267495951198886,0.49701371217781515,-1.0406788847110968
0.19584525509768155,0.7721134606555127,0.21315810106563804,1.1151537778772243,-0.0337671225128639
-0.978372777615032,0.05980891726222903,0.041842608237804224,0.17750507283478462,-0.027741949449453997
0.40825275571447184,0.6080426346587549,0.10197851055300333,0.2804226665595261,0.2381950812910447
-1.7025836042378404,-1.8019740601412997,-1.8783244227420797,-0.6822876590856088,-2.6307097524994125
1.0291556373256436,1.8168550657102356,2.354794497455974,1.0031985829468941,1.3346202500230344
0.472597482413043,0.11259253702445216,0.7098148230943031,0.0463892656075266,0.3203921463153941
0.25602973431387566,0.03725489686537464,-0.4298231987782897,0.22274578929413064,-0.28327116051117646
0.9826909839455139,0.9573217044012219,1.1691909030183543,0.3115470801912532,0.9326352391405932
1.6654744444625766,2.1094597659274488,1.7123386418569573,1.818047096473313,2.2801653907210038
1.0143700650181304,1.2384840402906163,1.9070777175035682,-0.05141571030992942,0.9751715522553271
-1.8408742313316453,-1.265266634884361,-1.20699725359716,-0.6494908705278357,-1.4619702630391291
-1.2795769667357015,-0.792017308329508,-0.6529377573788671,-0.07185971274338937,0.1724018888545702
-0.6248185776956788,-0.47809752783481,-0.5727456145876074,-0.6494542868606346,-0.44991139079127324
0.026091050210833786,0.2999425974279202,0.6087948513867787,-0.4000706149082699,0.9903366576486801
0.517659020469123,-0.850652822471853,-0.05817992198106581,-1.2548123476440454,0.9732615418517725
-0.7257438131534656,-0.7288987800576716,-1.0457350902944142,-0.5162328016362883,-1.288063790215884
0.18676676447707832,0.27007437904005316,0.40727636507411447,-0.286178557690526,0.316891559670687
-0.7553829323533225,-1.1798133876924117,-2.0674518447397396,-0.2408903250298623,-1.9969201107312016
-0.6115178029919482,-0.29605258348777863,-0.8762196771443337,-0.10395353137960539,-1.7658942116715381
-1.4066610968482223,-1.2275644879716388,-1.414389409709982,-0.227770423105028,-1.4281488706169685
-0.9232332461109043,0.13915125226902159,0.8293416307439702,0.9167156094441412,1.1869385613599057
-1.3516846056163336,-0.29483782188563856,-0.5075738808137097,0.1629268175756493,-0.1865217218262183
-0.9758732529773327,-1.0136013869409477,-1.3578715819164116,-0.3274027038518859,-0.9125428390307653
1.0536417966078395,0.767494581502924,0.676862351100884,0.1567293031852933,0.4214216256710458
-0.949398888831943,-0.7964928938697508,-1.2766454751502947,-0.8594727015409425,-1.4770295456380858
2.632382064837391,1.8800759137901013,2.4330739699734143,-0.9541000963458576,2.824394408925383
0.4933179008808892,0.49216681271877477,-0.307754411844657,0.2363047499817868,-0.5256375438390262
0.1848361236948739,-0.23127213548789596,0.4910371834145614,-0.05750284446220469,0.5889744844697123
-0.8583577801812133,-1.2519938916137339,-1.9016460488141569,0.37847121990195737,-1.629814103593972
0.7003098794089911,0.8716035154773272,1.4790663098356773,0.3232054714763574,2.062018186980669
-0.5756378262377739,-0.14574546887931378,-0.936893721091502,0.5136929718066052,-0.357498170146172
0.12200981464536144,-0.304550028113707,0.03584404459128249,-0.35237898443666515,-0.6153696702014062
2.5600845382687947,2.4957453459963355,3.3980611798843006,0.585870361697072,2.4644784785083504
-0.09605989972464987,-0.3926367843623856,-0.24064289803132477,0.44008693750846867,0.0728763008063748
1.1492733262856758,1.0460012800475313,0.6585444229771623,-0.6920328943598203,0.5605211569898628
-0.7031764251258874,-0.15236913379448197,-0.03311404679453217,0.41037632193547857,-0.2573885340919609
-0.0349884904969617,-0.044797074749425875,-0.7635902005399444,0.8403709849548292,-0.1794172384887146
1.77080063563551,1.6440109645789753,1.8211552044370591,0.37822104507126475,1.7327693750378086
-0.6269670577877674,-0.7597884681739998,-0.2940983012356042,0.44186078646522314,-0.23845977766732182
1.8124485579969287,1.3517255546834945,2.1000918218626383,-0.21170125053179517,2.279996960053899
0.7077519354554754,0.46327183292421026,0.5650359650333122,-0.04240468234627594,0.32097787105819875
-0.5624667758942676,-0.8232625939855336,-1.5727990583363454,-0.2816405468873046,-0.6312596597664338
0.6324077390555208,0.4175391096865257,0.8883995589283469,-0.9109629244907007,0.4055357914190082
0.9725544496267297,0.00373441026951038,0.016110034942227583,-0.9509342687647877,0.3429635646190489
0.6218099622171964,0.2518710962027048,-1.089944043495008,-0.5733452455202993,-0.2640332198155847
-1.5702247198904564,-1.3986175225972006,-1.20876313132673,0.1349065253401988,-1.7765345628301072
-0.7271371758248686,-0.7097996169075851,-0.8662992406109173,0.2155700983507468,-0.9513369044760502
-0.24751863555150475,-0.31876363137659336,0.3389543911379312,0.030239352894750368,0.8761626484669169
-0.07443342910004629,-0.0904288432101015,-0.7656769231578047,0.30355768304523445,-0.11048695697651167
0.620672097550678,0.7362584370835743,-1.022512163417311,0.13938509209445338,-1.0060087472696997
0.17770100093325383,0.5794193378128644,0.8627535203825482,0.7975157038181955,0.40914262150586367
-1.3353443587101013,-1.3931581003922147,-1.496851514461474,-0.30402311386667086,-0.8691984518499454
0.3801978510059632,-0.29744214688980164,-1.371333552831633,-0.3751628093551401,-0.6424256462576674
0.6105857452838231,-0.03255360989449296,-0.6261640593933553,-0.4343174528730212,-1.145879327710217
0.5597904479310398,0.2042308977473683,1.898207723528783,0.136846595512209,1.1064301266927148
1.0807807255546218,0.688663921535443,0.6430303373502495,-0.22680514434766613,0.6913556446070244
0.8339221545489041,0.2821396905403946,0.7771430144742032,0.17110925698305146,1.0141090297412287
0.4591800792284367,-0.28071426874219785,-0.7272530189116677,-0.8789496840201595,-0.8040622596355282
-0.070165711458647,-0.2841929829040117,-1.595213318796708,-0.6034187341947622,-1.0960450769258627
-1.660960933515991,-1.2380554367558072,-1.5878214721845119,0.23881236307953213,-1.7841076283847517
0.42961821913258585,0.641209308223851,0.6100884336969581,0.1986197203571977,-0.5082672092096054
0.20768768716311115,-0.11256137682367168,-0.37500059538942887,-0.3641933738193771,-0.549451072016784
0.2715788371953735,0.010764158684581804,-0.0558675108823373,0.22776858547170442,-0.018664686537552988
-1.2767485758203097,-1.4847480150799033,-1.623136655108502,-0.6438538882802112,-1.5987429695458801
-1.0810565404082624,-0.8805648175139982,-1.1467479517690817,-0.15594760377581543,-1.6113747884219163
1.0531528533329035,0.4183079655709156,-0.2564341420833195,0.3259303292616529,-1.1386152158143963
-0.03955515385665504,0.254919783535276,0.5976146151794945,0.8138783637272808,0.28080875147759615
0.6815006973726244,-0.3477326880689561,-1.5869022788762013,0.04479605377354945,-0.9793841651637094
0.02831837613045931,-0.15716013532186365,-1.4188066367567564,-0.23702159356409871,-0.6488272533742397
0.029756139495743236,0.17435858119246553,0.6527385942518994,0.5994540990806424,1.1813214268959369
0.9382838059759977,0.8425443029420504,1.3152653268116745,-0.25894202203603484,0.7757840265562306
-0.5160447282173739,0.9336810494163492,1.0859800402551976,0.548837948811307,0.4005288744144958
0.09612077694098344,0.25179663383674045,-0.5351131422489546,-0.8119850858345179,-0.23328452053411142
-0.46227528870504275,-0.8718475293850392,-1.4709635996664923,0.28999165454240594,-1.0063172339008803
-0.4344962274323156,-0.395329105490389,-0.6320429752003692,-0.4050741997575459,-0.3687538750800836
-0.30917212346863937,-1.1354608655081375,-2.3200894197542334,-0.6908495760202005,-3.0951121148976917
0.22213377163371276,0.13740714265858978,-0.27852862362363207,-0.37901162272715716,-0.6841180537030023
-0.4787486216634771,-0.799526925831161,-0.5680341080913853,-0.04222843791801795,-0.526075092425236
1.2557561255735208,1.4623000382388975,2.611143264460207,0.24547849969353164,2.5936380353293997
-0.8946073022195039,-0.9904559790733706,-1.4402080264831751,-0.7679422904147872,-0.9125335425336143
-0.18687164416135904,-0.20788027322671057,0.20443668471760634,0.1245846564964064,0.2561197773868658
-0.4397310582741749,-0.6695637673215417,-1.9519125631383303,-0.8223211179120831,-1.591329403555379
1.4469778843537329,2.0270079834096517,2.8280803247597492,0.3604543560836931,2.5877050214643265
0.19655477651157463,-0.00337756184969612,-0.4864221230561239,-0.943397327401007,-0.09497022364127006
1.0318445394686349,1.741754153314509,2.2745123540021925,0.13372239270679598,2.203493944347429
-1.485560373036972,-0.7813724173704444,-1.0862983517883587,0.26723116224736615,-0.9447996865858791
0.26705026586925884,0.45467357636310013,1.3378566975060204,-0.6010680447216292,1.069886628186728
0.889630795623437,0.8960712101575096,0.5506240631850605,-0.4100238405501482,0.536207369387795
0.08228398927542419,0.26272584052846515,0.6918347871712568,0.14181852727909028,0.8649469978737685
1.0654803750653512,-0.11145198962052394,-0.3014468655225488,-0.8281993387042634,-0.1375644845212633
-0.5172884501003722,-0.553272457155676,-0.7589102353926094,0.6681681594249365,-0.49260600268072163
1.40934744018558,1.5500569377406248,1.749755989393224,1.1139247547353976,2.2461413211294943
2.2988981236192503,1.8146699071583476,1.6702000258935494,-0.22634911189924323,1.6357619846774882
-0.36283856043965906,-0.9928657717535148,-1.1998983056482206,-0.290731712646238,-1.4044077353199775
-0.4455025214007718,-0.3826042424093522,-0.49671402416431554,0.2546413137656198,-0.005239228750799407
1.453384477117701,2.0147603398219065,2.5624565568303255,0.44464845610672277,1.6231117323128341
1.5795721457307124,1.8871035743519298,2.3152273766380334,-0.06703018541828698,1.5429979486045864
-0.5228600271532683,-0.44929002640563054,-0.060351301919414735,-0.057992384630530254,0.11360746063256127
-0.42018681709585753,0.13957518485235726,0.7215953914512498,0.23865776801893446,0.9076341861994143
-0.2817846088605074,-0.4086811972724318,-1.1207914298235988,-0.31949033244869623,-1.6312378985932365
-1.344450511034277,-1.927496202240781,-1.7917319423344749,-0.500095338785614,-1.8039674885944026
-0.9186519464841982,-1.1971545512521358,-2.1483873177684756,-0.6789740554366354,-2.2365905021014574
-1.0041407667520679,-0.021868229147555485,0.3264716579055745,0.02596360394108782,0.05048633067421868
-0.7677975651041284,-0.7512345929979549,-0.5296382407758247,-0.09833224440657143,-0.004875528561769316
-0.034684887386781105,-0.14943989959693393,-1.3261180145138232,0.06712255100308716,-0.8402534812888146
0.23421473253652023,0.037452687891775915,0.10073077338777689,-0.5615484623040382,0.08109660612214546
1.5505004928140769,2.192468689037765,2.3498647588291286,1.1307140803158293,1.8418973193887518
-0.998354040738791,0.014296225089998837,-0.43810368465322636,-0.1990080771780366,-1.0691181512979742
0.9843223984765838,1.896848035505334,3.086729041025804,0.6043870421291846,3.488148606314198
-0.21398884422550896,-0.2507136805804328,-0.6930639010789708,-0.17170856877259208,-0.3277005608286145
-0.049463709652432936,0.10824127665160119,-0.3539366254889085,-0.1539887365784346,-0.6718775149765879
0.6748194921666035,-0.21846568097711272,-0.2167418531694792,-0.7163599121877576,0.16473208095991448
-1.1227220215622986,-0.1597104041907017,0.21970136275020777,1.1979935207709038,0.16261941618787415
0.3824097461840506,-0.277961978686727,-0.4185435260301485,-0.7261318937882937,-0.5202439258583051
0.16645220821305598,0.24154954845175935,0.9896817855436625,1.0623472687984692,1.1083193711340975
0.4924512640081488,-0.154690252609903,0.13295709404657072,-0.17965809693858575,-0.2510877403144488
0.2891686439078181,-0.06309849824309355,-1.3826449897305704,-0.15193121579927774,-1.4162587505125683
2.4553001399108942,1.5456088964038652,1.5370504975804333,0.04477229888232476,1.444075979922163
-0.637739984251316,-0.8141296177389616,-1.3140608008977732,0.7609503594091658,-1.4323803172506024
-0.5309969550018176,-0.6943589155759434,-0.5456141266334789,-0.6179899649748308,-0.156510108836369
-0.6231405264247644,-0.7726468186023501,-2.5020664161472874,-0.6774496773838186,-1.317326522693428
-0.5554771191602547,-0.027714739438050195,1.4961481379049733,-0.043608236655276245,0.9693842578109045
-0.6373871273065177,-1.0623410983764743,-0.9561936611152431,-0.4120879464244488,-1.693136943155741
1.1890165311075518,1.0614839383929748,1.3631068084221842,-0.5417779586037229,0.22592604384183512
1.4205042479898549,1.7453829745446632,2.8034001993050834,0.52045165391378,2.4478261086270843
-0.5707462937494763,-0.713195217256279,0.5503581709800401,0.4635553481608117,0.16374005881894477
-0.8323555731042287,-1.024843903857184,-0.7073646978755787,-0.24064998989800343,-0.5326979775544807
0.4714155563864041,0.2618701325189979,0.8835320169057694,-0.16947286902001418,0.8614776512282429
-0.5522230442809716,0.14808416875557778,0.2561150171853227,0.13250626079593925,-0.5711049078402577
0.6329318177555111,0.6033992696810877,0.6391636715971363,0.4653182617196316,-0.33219461030328035
0.2029230208512997,-0.10326873062275943,-0.409399743150252,-0.5040827311568005,-0.22049314866217917
-1.515744114997232,-0.9706569664037658,-1.660455554713244,0.816970549255679,-1.4266955818819413
1.5475052013300616,0.6868580861458377,0.4120212435553067,0.4803919587227984,0.15791012001650043
1.7958776730955217,1.7773818936978913,1.3225246938316797,0.4489288085054781,0.36170043188235945
-0.612788690484386,-0.2859272985366251,-0.3886356286549641,0.10163920103589742,-0.1140764344069723
-0.38770155993598404,-0.46406548351822924,-1.567679126557707,0.2812688648018554,-0.7749614411899647
0.28586539072490513,-0.19060058664369145,-0.11417078948620331,0.16156629487789348,0.03623750957187816
0.33445678998702516,-0.17577502915210858,-0.23272839980793533,-0.6126676078237547,-0.6331925051096741
0.6585442726728304,0.7942440863112195,1.041254082605476,0.016076670826757566,0.959404757130504
2.0102045387663496,2.2226538822576107,2.3539057166971373,0.02181647432383438,1.4354581045605812
-0.1769472274940494,-0.46021165550963705,1.2938622354967375,-0.07004856977609836,1.6934563688664601
-0.7982972445384537,-0.4094444438550209,0.32473620748216275,0.3791886649534686,0.33318475399871594
-1.3793192280145272,-2.146968891712656,-3.3230881701060206,-1.3531888653361046,-3.8748578089720347
-0.7309300399419191,-0.8770528972821351,-0.9127426242824231,-0.4305515700529986,-0.9718055420760221
-0.033126972873797095,-0.042031044734488654,-0.41524093944378054,-0.5517598119097834,-0.14206609038228707
1.7945578635177877,0.9808045823233134,0.5682776627635278,-0.5702356482301096,0.34492608599941377
-0.5176112990361714,-0.8823422266237351,-1.8628539146228429,-0.13842708502800893,-1.8145163838806457
0.2237879516388985,-0.15485941692332417,0.07349871414756337,-0.513688394337088,-0.5460522607908288
-0.016422896072752075,0.13295804730498492,-0.2492784842757624,-0.019048301263054,0.05891985769264188
1.188393273448084,0.8570501095552798,1.6091557458814583,-0.6451862512142724,1.1240055712837438
2.5269324258736217,0.9024303240364115,1.6791857175619573,-0.5569689022214571,0.43304445730324526
-0.5308687729203206,-1.4850450946537896,-0.957705482457678,-0.791806507735352,-1.047563619547107
-0.48943944251822213,-0.6949841429431654,-1.3454130311762604,-0.5333528788143695,-0.720296870273458
1.044160877069072,1.0641719946820336,1.5622257600336464,0.14723423866989777,1.212538460730308
0.6818914896263114,-0.8282392296615682,-0.6144145456085013,-0.8485952533748757,0.316019401514109
1.8467073257360336,1.2275007725130116,1.188494021953235,-0.39005038167264633,1.28412859403217
0.5839281853259639,0.2040186200020606,-0.21824083043325232,-0.7396560762622513,-0.027037666249744047
-0.35929209078705954,0.4067352164745763,1.4537946592350752,1.1865904700004593,1.2442160603527632
0.5906548306923093,0.2800129586974156,0.472513075876131,-0.35262742614207276,0.3911186644063726
1.1087035805829077,1.0784573568367906,1.6757294786311914,0.16186431821954378,1.3764447132083202
0.8204821811973643,0.7270143150016231,0.37917157090519116,0.5030048239105793,0.1901197177734088
0.5072740311072979,-0.659464015017762,-1.5229274979346306,0.6963602489621115,-1.1052011671075932
1.066674689589154,1.237443359987192,1.143262167289364,-0.16492157275908903,0.5610203356651449
1.1692955904456728,1.0431347250846823,1.1773488376676204,0.3254773978270452,0.5216670395387286
1.3821589910375272,1.3598615126673166,0.9933018111103705,-0.02219735076928453,0.3323741045616446
0.6487098875896427,2.4820867632898773,2.9725972307576227,1.1975896686774083,3.6981647815204375
-0.16711808031685435,-1.1757509340027776,-2.4240042336444327,-1.027551422046233,-1.9164323594446997
0.14671368643332283,0.9797192740272125,0.5036346753507316,0.16218466148215316,0.6055173086557308
1.2065089665083568,0.8214834135065077,1.3883268451739341,-0.04473263851348766,0.7207368255098251
-0.8169356709872361,-0.5098840845882842,-0.24958658933920447,-0.538252098537475,0.08704321993213024
0.3686733088729012,0.27218252444769986,0.09149297010511998,0.3849141392816875,0.024057999867943533
-0.3933388123273607,-0.5267892165609103,-1.242805645319264,-0.15008187101560694,-1.0114406102214626
0.028744822934817487,-0.26192060577152526,-0.9307468578414368,-0.028742846346900414,-1.3259823299890712
1.2784518626072987,1.1875158578723435,1.2010580818820238,0.00555972442850175,1.16108670240261
0.19109906801990334,-0.6057075939199169,-0.34013801771672547,-0.6664264234385928,-0.5180409850482945
0.04643654815614881,0.4124388222858018,1.051874001549557,0.3805144635889181,0.5638810228795074
-1.3598561409799192,-1.2959821152265625,-1.8530975795610565,-0.6928796631309643,-1.3007346537013265
0.7462535660272207,0.031968183301597675,-0.653733635628953,-0.4939452284678263,-1.357214176331059
0.6454841811410754,0.29138091591495346,0.5103632818177442,-0.46262085498145195,0.741715085793045
2.16325472330546,2.3591783870756546,2.336893082115276,0.21356998506382235,2.4454468406802463
-0.30777823495300055,-0.5138901314705121,-0.9276197410813359,-1.0497692708031148,-1.2746796047488227
0.21915032766393877,0.35454707123596124,1.220622139745376,0.6743384218252033,0.6883956952046049
0.24938368371075526,-0.16597119088913243,0.2971038280725019,-0.5154871767392779,0.1558806046320506
1.5774532797634744,1.6409235487725893,2.063892845877978,0.8252702663244953,1.9985216665212906
-0.0952955323869521,0.26651744348554035,-0.44333046848498525,0.6617269051910712,-0.47542491754359945
0.27902152577033923,1.1475216372644772,1.503863905199768,0.14935450059336686,1.5702587447757308
0.6078965097165392,0.39853523502362365,1.1158366565008642,-0.4603380846108714,1.8857428171194774
0.1866091231563581,0.4836147009040398,0.35495744162552645,1.2694269127969222,0.06560331288811688
-0.44643361455052827,-0.30811312187095036,0.4409327077468886,0.7079079987364564,-0.4607505483795105
0.19408999289830758,0.8032078852501532,1.739496636011108,0.45259311789471174,1.9785087639253236
1.073631749859772,0.4994892060834525,1.597626746586227,-0.08422418810452953,2.279521359891369
-1.0265152994110602,-0.4487095830902077,-0.3553056237894375,-0.05317761963649076,-0.12339087988493153
0.132969674146876,0.009027091259159958,0.3632675293945993,0.11277521248810997,-0.21693356122169466
-0.7001208149391732,-0.5921907405055875,0.13788348439194897,-0.35134587117331323,0.06214895433515361
1.1950466289248425,1.0019135453640604,1.4707326166782577,-0.7091253384269328,0.7643976129046159
-1.5231869047837747,-1.0924293256136812,-1.611655655410545,-0.5317293901421098,-1.1290623428880169
-0.5589218472715883,-0.5052519993782497,-0.8754281011706162,-0.0657783767887457,-1.4635304924027719
0.37721187506452086,0.4091260916368797,0.634084282228499,-0.35464456758747975,0.42061146059154914
1.5655240292343404,2.041478252168565,1.6754370494345467,0.6193617759354113,1.005724431344139
-0.0657502610729878,0.44012463394921897,0.44219421152054716,-0.08890204147219793,0.46138713293597344
-0.5551995266931983,-0.009582325106110401,0.6464294808108197,-0.0420494332284756,0.39861569416085896
1.88115706944059,1.2771558925405366,0.21783476034947546,0.29469671262335734,0.28443233593965983
-1.448013900416244,-1.6030315344471575,-1.00294858025988,-0.29912290484884635,-0.8914784447507093
-2.198805956620082,-1.281394486177189,-0.8642488521907311,0.19856106946066981,-1.2711534808337133
0.4400144500533324,0.790034956307563,0.6721831780707899,0.6846028336168883,0.9184033920282217
-0.5020542243526112,0.33469195839340204,0.7276648467951682,0.6775549203906259,0.6305155361940937
-1.0212328171307132,-1.1189765666891853,-1.3408832438832263,0.305958128383474,-1.701059423427854
0.7083564472993533,0.45191083015930916,1.2802872172543807,-0.22178434746421635,2.272721773631839
0.24380071377119883,-0.624701510245758,-0.16003192663294497,-0.7310454054686335,0.0941863493889119
-0.5640786307367284,-0.6474984576198192,-1.6170405830535883,-0.6916533115220473,-1.5319668014478822
-1.2803043986708944,-0.5259582636469919,-0.27879246829788423,0.100389127833585,0.4566890418828159
0.8724573282801447,0.4647181730100168,0.4342850954260715,0.2749820146879177,1.311764390576768
0.650201177958661,0.8404008399673406,1.0581805502716686,0.7831749479026615,0.8796877840875592
-0.09917586377938291,-0.174592244022412,-0.6464138334087837,0.3114954283086703,-0.4080737068505245
1.8466369960476658,1.639338110948913,3.016087974611197,-0.4934585669793684,2.2204777681486068
-1.0700847663261526,-1.4299135079687557,-1.0918591176209613,-0.032638987350758986,-1.0562695812428708
-1.5255251709247388,-1.1778154119228406,-1.857241192691189,-0.7971156521924472,-1.7710483503020051
-0.6919080698812444,-2.0490944413553573,-3.2596796937725685,-0.7291651443591888,-2.841298207584485
-0.045586016355497805,-0.12991689216539068,-0.3873038491851777,-0.21526262696644666,-0.18219322494815474
0.24333944932269183,-0.6205650623994166,-0.4839764872245164,-0.27505194276739525,-0.15566461408803484
-0.24123605785632987,0.4100084119883441,0.6361336007537467,-0.1253554218378206,0.6913415688283516
0.3520553965142968,0.6703479935936931,1.5562972871733778,0.7616829503408955,0.7952962451414577
-1.2515394241904443,-0.7678960483693149,-0.44752342473466655,-0.49774742020525387,-0.8720046351317423
1.4437646040732597,1.9155147968382975,2.8803591716577013,0.3515960914089072,2.3191194447600947
-0.08215117839256883,-0.5401792031264737,-0.452101803385506,-0.7362877040998612,-0.5480119190085699
1.1172958315881278,1.7675182642282814,1.2874426789473432,-0.02309907196326677,1.6840855562886659
0.34272534637770413,0.7402760592323556,0.7709121523906859,0.3846415953091842,0.11235144372516082
0.4567532191537839,0.24712493171355415,0.9326037620014642,0.6670464897573805,0.6606358617159679
0.5697672802322037,1.023623897777235,1.1974349202178942,1.4984151772559662,1.5541961773031296
0.4477085600173148,-0.19497990819196526,0.06787833134388974,-0.321477900908534,-0.08884823903880534
0.6427227598675439,0.10192112713019835,-0.06894363659144186,0.19665591908437585,0.16815855198911436
1.3291525301324314,0.7590271624860949,0.2929454858582068,-0.04041939615453445,0.1938799158084344
0.19652116970147013,-0.10727191827083149,-0.20273274035266406,0.02620235026696799,-0.05406783765503623
0.7090037575885123,0.03892418469068348,0.23213748744841253,-0.4641144099616733,0.09468746679880101
-0.08973569428722672,0.5397529781178811,0.2542909420645912,0.500725701995171,0.562394584222309
1.4401172154494728,1.0226665721746624,1.0857731396955936,0.21079947464009863,0.20466762202281663
-0.6763923020592697,-0.3648613574689761,-1.0015115741543608,-0.14859069074918094,-1.0830164209331974
1.8009404329108156,1.1555766631218125,2.0582389462846327,-0.12256427222733426,2.0007013900033237
-0.04015795064434341,-0.9424280107897333,-1.3075870675005001,-0.6629926798296367,-0.9099807367473537
-1.4307751021180481,-1.0095914024987276,-0.3398563559227632,0.33923489624212466,0.44060559104642694
0.12810441491078928,-0.853643955781257,-0.10712403661296332,-1.0880158451533468,-0.29192396638445517
-0.6810516574748808,-0.579158349022639,-0.743617597660213,-0.08550189902146743,0.07048504303624481
0.8406435489887243,-0.011642680225425805,-0.6190404557989208,0.3363305369689189,-0.886648323548864
-0.6526239793023911,0.471538816173491,-0.685692147231813,1.1220132220070145,0.04720027326369025
-0.4461834332147797,0.09873461451553706,-0.7647407063974305,0.8318775663237479,-0.27953307240850134
-1.889540730945531,-1.4587556891206848,-2.5748077218840177,-0.0665858808405002,-2.774056239511727
-0.4523063192490767,0.2700082834280729,1.1510917165905903,0.5435579834985986,1.189502163557442
-2.4238793266289567,-2.3622614500360335,-2.7652189877070725,-0.0407488850295748,-2.514315006702461
-1.5839028234857233,-0.9953825694535321,-0.9606963688890459,0.7192858249377616,-0.5518344351626412
0.7604146561442974,0.7082369417747947,-0.48236827523132186,-0.6650826339829472,-0.5457672419248444
0.7858001586508322,0.7606501675875008,0.19400034357464402,-0.3866214848341039,0.020977196386313873
0.42545756178496474,0.9765427994813558,1.704099225245399,0.9946288193055258,2.218236594102285
-0.966976143129213,-0.4073348631134693,-0.31673736830661137,0.08759792507765657,-0.33442407870378676
-0.047711356141979855,0.10619274649892774,0.039108128587354934,-0.1704977150829916,0.4484084778245026
-0.003602539090568403,-0.8303257493866028,-0.6574854841038498,-1.0810911498235791,-0.7044126782155647
-1.1583646891925423,-1.4067148989937657,-0.7065791951110296,-0.6275247653170086,0.197410354013835
1.5033983017671506,1.1413641746158585,1.2370115314168,-0.5136919420220044,0.7741430636073732
0.8773622905756714,0.7485760195988628,0.939913105113477,0.9217597775243591,0.538850028978537
-0.22096417382966393,-0.741873201400693,-0.7746896904420485,-0.4178035748578825,0.0650378691601079
0.02688583899453078,1.2273470089848353,2.908082191946198,0.8225197700870321,2.394800777303952
0.20838280794755248,0.9249032739848285,-0.14972982986962124,0.7784715578827363,0.6657803061995372
-2.0417348684242906,-1.332328734543191,-1.1888606725785444,0.4731753877385395,-0.6240543155232836
-0.24717738252059693,-0.1617234753746051,-0.26294951970496433,0.38873752111993065,-0.31397942101488463
-0.6819842479977986,-0.651691883348815,-0.4419672243080703,0.3142565832177575,-1.3044172378858425
-1.0016200098949155,-1.2772552379270503,-1.9271298179092948,-0.64560688191782,-1.7440759882542833
-0.2811002928859549,-0.18613997504933266,-0.25274698857426936,-0.10889455807429993,-0.1766572629501301
1.7976865268495226,1.5670254915509934,2.307276937540489,0.5056872428378442,2.6601581104386267
0.6408428612670098,-0.10820599872720427,1.7378989221536598,-0.6071212543983959,2.3583326180583497
-0.5711789897827968,-0.2898549832037887,0.13699573379669638,0.0806483538378563,-0.21919742915484708
0.5725827813561586,0.38043670067255253,-0.05231531801124212,0.13951980556263305,0.3535070957839735
1.3993554365860021,0.1655805703301063,-0.05555912481749428,-0.2696972861377762,0.3326978656709299
0.9246336829127688,0.3095144409404641,0.09936886409824464,-0.9567291177461401,0.6261383288936427
0.05963036992017413,-0.15909847077468278,-1.2683040685076281,0.14471414545321304,-0.892128705589093
-0.6469367777055739,0.4262944065056359,0.31349917278590067,0.5283848502660419,-0.6890995899735743
0.69822331361359,0.836855213157751,1.4439237048823481,0.5196700767493831,1.2218201181302335
0.3934853854217497,-0.35295247621254566,-1.1880822429011317,-0.13303674911772528,-1.6471278060694763
0.8951932200277323,0.9591727207310043,1.7800968555075607,0.8669903189454999,1.5007842834977678
0.6351718016819695,-0.26551455312360717,-0.025952571097725696,0.03793537102097144,0.4666448040789939
1.0495527153193351,1.3809876991990047,1.2166452458561827,0.9805436968237541,1.2475561392080508
-0.535235211560568,-0.6637504951573937,-0.8814183765915808,0.38046038683660377,-0.2192311057337064
1.3173940656343257,1.0070971581378751,2.16750967435007,0.16282257180572812,2.1216356672718324
0.19759960469239965,0.820978007525015,1.4253022971335376,0.48875883773604656,0.6336090975857326
2.0752608726252655,1.0166269138080875,1.2252224895085937,0.023135236624362232,-0.1577232627286329
-0.6891878180895679,-1.24990934702815,-1.6425012066103704,-0.237510253301712,-1.4038467051095382
1.7359638031652493,1.096971379359197,1.3623310975020324,-0.22372843072649085,1.1191347545762464
0.1979107834626478,0.6775180522797766,0.5059635279703498,0.5372366083878268,-0.03310569451762618
-0.6514180036144483,-1.2808074406299799,-2.7998186321873844,-0.5848947933475994,-3.3701503937943347
-0.48388583405432156,-1.803186466298742,-0.9385170132376517,-1.361860772765981,-1.212036918650241
-0.32034730819432017,-0.4818572757599555,-0.4850337313923057,0.33905785761573126,-0.5337761006854631
0.4241659464019164,0.6152031570769934,0.9771321475659143,0.24063893376497283,1.2123578446625178
0.5228354880354996,1.0183992652978144,1.1873344684312321,1.2709450447702606,1.162916562372099
-0.573700003938579,-0.6905406841935627,-1.269718901467028,-0.8467253850461376,-0.33871338773396076
-0.02435459226098284,-0.2251969773667875,-0.38179106140940744,-0.3681720971636063,-0.8614139832911638
2.1422703586118637,2.290766654017365,1.789283127504251,0.545457013182572,2.0508842607825426
1.7275431701007113,0.44716368623285896,1.9028483223114134,-0.09580456563578882,1.7362128616446362
0.4363236696740321,0.15479854814772107,-0.5549489412761723,0.04998489790726274,-0.15211948508926282
0.03800347816820029,0.1256147274970891,-0.4684420973118007,0.1931176718361628,-0.6398553192133924
0.1200313267182613,0.32063442201712616,0.12060578378871117,-0.28647708496880125,0.6443853923551349
0.6135179727304166,0.23591103158889204,1.055938672818097,-0.6043978231447724,1.097957184708909
-1.0227925651984056,-0.8010135463058038,-0.952510856009372,0.07968866430110208,-1.1969822628673097
-0.25737653742334515,-1.450064906645171,-2.481759365592483,-1.4319995634672904,-2.239595443489829
-1.66858407387759,-1.6639914652689962,-1.2441867418683916,-0.5432530888652338,-1.239545997150102
0.39922312260527926,0.5461328543614571,1.0939598013050373,0.38304836838472334,1.2291529964934305
0.647195939702741,0.026609734634853055,0.3549926558916951,-0.6979008645176837,-0.2703949843847287
-0.4831864622993739,-0.3570570590447005,0.0009720738488636638,0.6337956747631193,-0.013800984593869988
1.5739867632900326,1.4826256610333752,3.215767933589521,0.7404191187735025,3.0918447665552344
-1.225765663002341,-1.1518871308307554,-0.07120761997523917,-0.8220061594156785,-0.04757520438119864
-1.46437488020982,-1.0862680186695706,-1.715550828205462,-0.4011486702365843,-0.8705251231904179
0.22445181855997198,-0.30180482779432855,0.6121652023334971,-1.237800186533996,0.9379600691356738
1.0470983026121545,0.7343730022417003,1.1111485165453805,-0.3225245947561404,0.9962932665204692
1.6839276914578687,1.6522502379609063,2.282157775235737,0.6211667114726597,2.162286546461
-0.45888426286894,-0.2886209298109349,-1.361707614759119,-0.1381504963431272,-1.0777040775422073
1.0786808334312956,0.5696790319630688,0.5813833791227649,0.04375380310488733,0.7248948432939004
-0.03850846950070721,0.08130142654483073,-0.3901324423481421,-0.5327684939809626,-1.2639481959456318
-0.17262729994081963,0.2192030553656533,0.7598789553747695,0.5589458905591292,0.533127911952619
0.8836599374866724,-0.31804268929940105,0.2609970730824017,-0.8865035424242569,-0.5073221683225514
0.6523228784134196,1.1013953352086845,0.07698259164063459,0.44968316835253136,0.7084248062063144
-1.5763921569842494,-1.4292410949279357,-1.728310232316085,-0.24942248851465124,-1.5859039690859404
1.4765403497258958,1.3939772464008318,2.3458895985575494,-0.27110551073927924,2.014630163861983
1.3800913541474515,1.7026965451405753,1.9312284767806231,0.04060817182876397,2.1865042951191787
-0.6255627015095294,-1.1862870098228564,-0.9861062247860091,-0.13050176851986423,-0.6763332035824708
0.39580353343740904,-0.03807767446384602,0.1650060712196352,-0.06495927584271849,-0.4158117930919319
0.4940301862827388,0.25094980108833864,0.5061359004775822,0.34866938424183835,0.42006962916613955
0.2606737658239071,-0.18333774790308846,-0.38279428432468465,-0.12881001224310812,-0.5120983425054086
-0.5503051538454201,0.42722416484206815,-0.21727948467094393,0.6314057462358442,-1.0678179805068766
-0.6716233679380516,-0.9656847412638376,-1.8317397779716216,-1.0305718823823673,-1.9937039167930617
-0.025554070991445278,-0.2982166465365895,0.06775153282928287,-0.3041212957843579,-0.03079378146187821
1.1727290192593647,1.0403777312089801,1.260128230762106,0.13094617405510614,1.0766399419399741
0.5436001545944323,-0.1661946393624985,-0.282540913999333,0.3931065544580646,-0.995402534438054
-0.37061433208610595,-0.4943318215470167,-0.8475322112498316,0.11405754379961225,-0.1869461986011106
0.7716987106483447,0.7760855991437632,0.7481894116840648,0.7718350367602733,0.6223189410699389
-2.8485426206300755,-2.445264298695316,-2.306170081741495,-0.048398616413792034,-2.056776535237064
1.1487657003721035,0.8723191308477087,0.8456365078964344,-0.24828074937244743,0.9613936762767092
-1.7397137787780996,-1.6564370792466654,-2.79236332307694,-0.24279937962367532,-2.9071651177210818
-0.36244094140313216,-1.0471879077128892,-0.810434423931363,-0.457321606191763,-0.5012129949718785
-1.1196698946261439,-0.7349393100312959,-1.0048531703563852,-0.3302847976171079,-1.0879051763298382
-1.2946814757209055,-0.1582786447531036,-0.17109685438405844,0.3827907358961118,-0.6022799392692485
1.1608267873785192,0.9378622452945344,2.0899816781931477,-0.006216619453954381,2.1677072570515326
-0.46770120131189136,-0.26152890242573834,-0.3261710173211903,0.6930283019839761,0.45228301381183256
0.3465038817307158,0.6235644829430025,0.9217875834028382,-0.5690530129616476,1.1920235118054703
-0.04692057887918407,-0.6722017113766968,-1.5139961484310311,0.0352464597623216,-0.9011077510177127
0.47704082722312147,1.2328899908433,1.347666317601384,0.24978448599499614,0.952584382560096
0.07682189106025536,0.1626219110596053,0.560861920396687,-0.47340728269624965,-0.29403413622720986
-1.2829922241885696,-0.21046532980630128,-1.185782636072307,0.9661472332452595,-0.3221356114151558
0.99626681944714,0.4304969577957174,0.6371034052242867,0.09597368842718462,1.6006505094042378
-0.4937565831613125,0.5140256947498624,0.6773054772867186,1.1085037588580358,1.3809783164428877
-1.556581898659751,-0.8576877719104096,-1.0044528529400278,0.49819028801081955,-1.0719005371358998
-0.4281151609659125,-0.06597208584655084,0.5431288361790848,0.9918151210853314,-0.0885012168032458
1.5007597906343109,1.3176200596840226,1.78180718052994,0.39544368123945445,1.0707851135671627
0.8502217421134929,0.5559130846535696,1.5539388405981498,-0.09856266224851114,0.5566786727313104
-0.3486521344078592,0.3213441217106489,-0.21054076330364296,0.5364375033299209,-0.24317599617830135
-0.3492577043184288,-0.2092262285307196,-0.1695167339058547,0.5255581435260962,0.6502739185259581
-0.3216350512173826,-1.2408428927674824,-1.4383313994870104,-1.019522629432593,-1.365329575474431
2.076747983560841,1.1028051559951715,0.681813490941158,-0.5271658155963528,0.7647935920211795
0.38193545223155334,0.21262548568886913,0.8289275840814506,-0.16571389197273126,1.43383330782541
0.43004164719106963,0.4990328093356331,1.9936433547144503,-0.7075309765667246,1.5922313633268055
1.0302834540318422,0.795932518775526,0.9449153778403325,0.09724239949396574,1.8681895684160967
0.23878915902651351,0.8005167221180425,1.263632719505911,-0.31348435561103744,2.1333166513040465
-0.2590421458207031,-1.1827846486758749,-1.3686304929218533,-0.6772044559897132,-1.2973231129699092
-0.19634984908497827,-0.08528591101540252,-0.5304938951627884,0.3845906892858073,-0.766211637656116
-0.07160125941406395,-0.9662706202248286,-2.251980910951004,-0.8313393887078822,-1.6781637966607474
-0.03722223650984159,0.35007835853421093,-0.0033700596161659324,0.9345123173036168,-0.17679552491397837
0.7276295436369798,0.5348742776885825,-0.19332589534473976,-0.5736031372038773,-0.7522709143439339
0.05194588580729943,0.2513616946578986,1.3240952804249488,0.6264845160096123,1.8323050791439441
0.7326400772155792,0.1541705814775804,0.11593888141915298,0.01165419098928494,0.7125686869157777
-0.08071658010858232,0.5751592017420097,0.4826394446621093,-0.2434435680505776,0.5121313020776788
0.07863519031609059,0.5837704842822982,1.2340168760114412,1.4536394634557763,0.4791828115462081
-1.9982006845321076,-1.3067883961197424,-2.2411967370572237,0.05885035078064778,-2.6318401889601946
0.9163276747024814,0.6683035163302649,0.3418457967935864,-0.34134498478230807,0.3612758613238042
0.3464884758979927,0.5671194233659602,0.7213866695883249,-0.33909551950643096,0.39931248537697633
0.9980101098596522,0.4449618038940473,1.1512155595269449,-0.2755390032678626,0.8655475375034465
-2.8962553781936893,-1.8892264730445956,-1.9660607405522417,0.07470640900964381,-1.258473088967016
2.0883747047807275,2.495440210986543,3.1435233386933805,0.7436790067160819,3.1957606635353213
-0.13958962815517376,0.4236335774654541,0.5552309341001547,0.2472198558138208,1.1887791809389456
1.1081828167375165,0.5217450184863085,0.8662355354996352,0.06442022861769509,0.2843003702610428
-1.0399059271255309,-0.6512160830638734,-0.6604675565990952,-0.09095022764724445,-0.7660165852825417
0.6127739050625697,-0.15635164782926814,-0.8056053422612832,-1.189818752907961,-0.34555396030509855
-1.0534155631736561,-0.5565372949510872,-0.6401972209614138,0.07738707686121057,-0.35213832835882664
-0.6237689606958051,-0.27371346212537473,-0.9726693499011012,-0.8267060044891711,-0.10921222361718019
1.9140313538667861,0.596316913327347,0.7642298217333107,-0.39808558524769433,0.8980751925120142
-0.19068240076334658,-0.7334378425668592,-1.1685141759731759,-0.8097853815281822,-0.127608206323082
0.21743287317972287,0.03237685017189473,1.5624811938759906,-0.02070849950321492,1.6762419753499618
0.8700677306887539,0.5456243109805899,0.6308125429256808,0.47253314495187765,1.0988150124274427
0.4956818879726045,-0.20819295733131904,-1.092375288554536,-0.7730754922254257,-1.144895233091311
0.15041890514357628,0.31482448879095304,0.2972812601429889,0.5696701929867262,0.27469674007068456
0.3649610024662251,0.4177056064432362,0.8128619751146162,-0.06344240339730853,1.187047979522892
2.403415585238275,1.8255979022013604,3.1947358503331467,0.7774886597480489,3.6817513505963593
-0.05761879703358539,-0.4239907877060498,-0.8624603852104908,-0.41404519815672747,-0.4115958720340653
0.2010990467149675,0.6852328005802557,-0.1271774237178771,0.04291624284601864,-0.15604556731339914
1.050654396007612,1.6682270733502373,2.4919746948788735,0.9173271334994755,2.931444740155157
1.1055259329579838,0.6426400044431186,-0.05719121820804829,-0.2772308552182633,-1.1474614245271844
1.1870303055603801,0.6435407858708938,0.5105556781405816,-0.47961640832216784,-0.25161714042691347
0.6387302220291846,0.7565880103293459,0.7533333210886185,0.019110555934433227,1.0188171008139513
-1.1430049127304835,-1.0934186200578802,-1.353882416049521,-0.21173319054847486,-1.2114399963180065
1.633431532301096,1.2370466255092598,1.897954624855713,0.5860889242038755,2.0109159879322243
-1.146345393018688,-0.5472497385526147,-1.0668802556349704,-0.5835372186613172,-0.9279884688555023
0.30263546523903323,-0.7125696715624198,-1.01932115717496,-0.6408842391330422,-0.6319161941555278
-0.7542758500193579,0.055730482410848214,0.05831436712338476,0.66611070055889,-0.354718480085549
-0.06413834659299263,-0.014970415109723433,0.07179427637960471,0.09896931271640835,0.3498578917814896
0.32876241030348075,0.05726335596169452,0.127412331978787,0.39964921179485946,0.6118783628847005
0.32135721545027307,0.212468695249494,0.5165658994329407,-0.04168865295390037,1.075184611455263
0.42192075423528475,0.3187512808984872,0.8888052428632269,-0.061655057363079205,1.8067018659012541
1.613711269058647,0.42536836352445506,0.7460225056199268,-0.27216596125686765,0.7934694768091273
0.45353430151397983,1.1102965549378019,1.6045071800308932,0.5901659636800112,1.5810120054513934
-0.24415663529064877,-0.1746624920972098,-1.1589288905645383,-0.1563489221349109,-1.8046222335950084
0.9640871682883576,0.9927707998543738,1.2214615793246566,0.41935359158843466,0.8336097208229785
1.1894704889246406,1.4273512764267342,2.000526060513046,0.14339933174973563,1.703932417458435
-1.2276078151369925,-1.4926674808897444,-1.3538362603254233,-0.6755341898620556,-0.6932928581547034
0.597400069849858,0.7146560053975006,0.4421767419367242,-0.009638439852924091,0.09245850569823721
0.7011727423108983,0.42711764839932187,0.11711761314599922,0.4896236467906391,0.5035758617058155
-0.297563503359992,0.18533458492025323,-0.12205890326585508,-1.0098905812701122,-0.11066387142095964
1.3757068133116197,0.03695174047354821,0.3661904285030638,-0.5037476544191491,0.24098732809537649
-0.15005558703252717,-0.16959161974665624,0.4168186892585376,-0.02997761462630688,0.499583804899312
0.12557645347154262,-0.2009491651147467,-0.48561506251265696,-0.8758008260113421,-0.6326317423878124
-0.1730718242838696,0.0776740158899821,0.6379862072442078,0.26479843491932314,0.3596689624734543
0.015579047581467534,0.24748533174927514,0.37107028359788674,0.3557510051663716,-0.5184296976569591
-1.0962750868952018,-1.2308330169271746,-1.5515710866100711,-0.07758987585846122,-1.5203910816130088
-1.4400508825942944,-1.5081276381634574,-1.9365837036869302,-1.3963951306352527,-1.9829094063926005
1.5945050632249722,1.2202713663013132,1.9122924583228702,0.6034931895402085,1.4630727178160434
-0.8469613483183278,-1.1258901923122664,-1.1557215407024777,-0.6597371423333589,-0.8317128553372098
-0.9913923494563072,-0.3721220318389823,0.9189488183818038,0.5098378511421364,1.1563699129388783
-2.153390113603715,-1.9073156911066949,-2.800113615126428,0.038003585300085574,-2.4040050012926213
-0.6389617476895023,-1.9646635078124226,-2.046735188156922,-1.4064624158716617,-1.3443540741164928
-1.3230897934074985,-1.2458828630369019,-1.81258004153119,0.053610873518538105,-1.3435410744628884
1.642015160136369,0.7943402176871092,0.43163606903134466,-0.4191667240521514,0.24094436722538906
1.0098170893426341,-0.007784236256365373,-0.015861365728621735,-1.3389083817860359,-0.24570337201294953
-0.6881503451777238,-1.1692335952534654,-1.3206688266599367,-0.007291573877452162,-1.03219082561052
2.2524358053443088,1.8566528801919322,3.9788875892663738,-0.13657887174429795,3.867882385290687
0.9817654869915943,1.4497328037173909,1.6291918750509478,0.18213283401115465,2.165194841061602
-0.32483138350862245,-0.10327286987440795,-0.8020346815400995,-0.07110166437246321,-0.12624469091604185
-2.4994057148735727,-2.302776266006728,-2.599525088711442,-0.2533458386369679,-2.6103090830938824
2.2909425725907413,2.0607061556579445,1.2280633642617123,0.2741148583363495,1.0542538877719103
-1.389572466763596,-1.3412031285203727,-1.6646178237870068,-0.024829186699594635,-1.162647138949421
-1.6453987469568918,-1.663619182147086,-1.986727849199407,-0.8776298006359777,-1.2540561752499804
1.0225704320096403,0.24087501149122004,0.7658102435565909,-0.63962725613326,1.158713953553328
2.439752406339273,1.0758875216955586,1.8752383756913784,-0.5131537669113589,1.6557756217065673
1.3842728185105182,0.912456401528692,0.7928059104897998,0.7057379888783075,0.0865139932265615
0.5639091200523596,0.5301540410019536,0.5458164404243845,0.043628253309684464,-0.008233391740849583
0.594754341665286,0.42749163832478393,0.05331746762333811,0.4359558814593584,0.18430247802071145
0.8534155587803077,0.4747489830505669,-0.10713875322393607,-0.07896142374102995,0.07468791181063032
0.7589285897867651,0.1342698414810216,0.34706067740560664,-0.4789388608316948,-0.2369850770521465
0.2811914239693758,0.529076235017985,-0.1292598471363775,0.13106788288212531,-0.09404905697810394
0.10420110395187607,-0.5752050768117916,-0.9390222325172678,-0.5221119905557445,-0.5295078307796495
-0.06259312789952241,0.3379394546021197,-0.19157703041699892,0.5093124777555404,-0.748032656128871
-0.7539645888666763,-1.1042801805567035,-0.9953263048938885,0.15383067507426756,-0.3432950735022924
-0.28067507686677406,-0.6007576801699368,0.35994884335596855,-0.13632049861104026,0.13518838474045913
-1.6929568141953855,-2.0877580466641468,-3.2862624456789744,-0.1401211540705078,-2.3288296448227515
-0.09833962679474989,-0.32937277487861827,-1.5070584195928831,-0.567307024069532,-1.623078800521545
-0.9885911071509176,-0.3032166564817447,-0.43879211898813403,0.11619169051262526,-0.9082256485314102
-1.1035893172157711,-0.6250574095506387,-0.7406502138861114,-0.17546654176062826,-0.89565368741836
0.17989415115347845,0.6331263769368003,0.8909472363785389,0.47901922462896196,0.754278451202025
1.3920022863445993,1.3746731020426475,1.3818154133105702,0.12268667418578807,1.0493939185937728
0.9183166060023132,0.18281837053666605,0.09899846534874007,-0.03927626881181223,-0.01890209197269062
-1.5705006036231774,-1.4217950950623206,-1.4856478677504232,-0.5824069493850123,-1.1701005061372858
-0.9896281365703375,-1.1818020738150015,-0.7939039529910984,-0.31523499405681965,-0.8001032425901883
0.9407711879882159,1.4179044024100929,0.5284560207011417,0.7968906520978594,0.442554221655024
-0.9824873935383096,-1.3843842380438036,-1.8826247490714416,-1.3039463798777517,-2.548975473765595
-0.2246331499970246,0.2671423246969358,0.44885606600096095,1.147968725218449,0.5998194674061013
0.5500520990245519,0.8865186142740262,0.5130366743623898,0.2322762265275921,0.41713135808031676
-0.9683444548636353,0.1401345369671353,1.206863223420942,-0.22774956216165698,1.8913233913202832
0.1053755061459599,-0.12054289139798074,-0.525897397814819,-0.07383021762085207,-0.9430902416603162
-1.3340254949182044,-0.7110593161444826,-0.8780467915777488,0.1826486133472248,-1.694389776669731
-0.6013676439512138,0.6597318031084503,1.1252914218355148,0.7297383323225248,1.3217965266169842
0.319781934142537,-0.0529952911528187,-0.41836522266451914,0.19948877429242495,-0.20326519124156708
-1.5929937335316693,-2.0419151105915154,-3.5582419613924685,-0.33386572207740367,-3.7066342755187947
0.440474737960399,-0.5876252265855626,-0.9623429880525951,-0.5124245511805553,-1.6309831667493815
-0.019637798926681226,0.34064577528932066,1.026439263903409,0.4283331957445241,1.692493702855213
0.552489954417148,-0.4995831404955735,-0.8016368446657713,-0.66769655533071,-0.014417964895803381
0.22391413406466143,-0.007028219217232262,-0.5162944439360658,0.5933195192116261,-1.708393378895524
1.3641404299738442,1.309968937498556,2.1273660506999,-0.3567703660810396,1.6855179310016597
0.12522450264790727,0.19276737053328286,0.03285590702610777,0.128185577735703,0.8616663437154467
-0.429405541125253,-0.13080200080811627,-0.46305888915986987,0.14915122247245716,-0.6547842791328163
0.12229750303228384,0.2089829303262541,0.3404531701894906,0.41045146213807315,0.06110173615721526
0.5432980290363882,1.0740713298858071,1.751335721634241,0.14265936543191104,1.4348224856561327
0.04886007032570433,-0.437070134108835,0.9045439581089255,-1.0278481699976512,0.2536410754139533
0.04059169120388238,-0.3060242162661598,0.12911260507506211,-0.17178359054897574,-0.7361865275464662
-0.7019916878067556,-0.9479230728808165,-0.44160370762397305,-0.20005811022575198,0.12883031850579862
-0.6629009175509484,-0.11522482810945367,-0.44184951312405757,0.8466328428779163,-1.3191330149354896
-1.4026052717996935,-0.6718849232422232,-1.4217827714723534,-0.2771616288997439,-1.1559687682707402
1.7495767431869393,1.6252740542088056,1.9877276748220403,0.7247809730393822,2.232244653718661
-1.243863235391285,-0.4033437548680642,-0.4197105566859193,1.2865567348988463,-1.1033526504679065
-0.6929051977959073,-1.143344591924916,-2.0191211551286576,-0.6049945704584784,-2.2793432409133274
-0.7184072655691974,0.2588862433202104,0.20548677404184473,0.024047115311456313,0.7915276908334552
0.8949243769444413,1.477558812411682,2.012661135925497,0.4240392336666084,2.077840882446467
-0.2949496782920278,0.13185125598925113,0.3744575441979495,0.24537270528704197,0.028368936338711015
1.2477420726737338,1.8890931125245172,2.569484447059984,0.924009292433061,2.913660504034571
-0.6734906242438685,-1.3671041032339817,-1.4659460857983122,-0.8567854520770719,-0.7160836154913299
0.27899416222380197,-0.03902873835228435,-0.35103968158477467,0.4552622157004368,-0.18140936691844367
-0.8353470532597573,-1.035929372948782,-1.5514556235278443,-0.7532899604374934,-1.8463901751118914
2.1451491277733883,2.0768589640973825,1.7728599181205331,-0.31445534988764656,1.3888495745725822
-1.1875984190295128,-1.4751491050246832,-0.6993139025185631,0.0038790057124050703,-0.4861891402890117
0.3098207102270275,0.6266041428503648,0.7599951901920136,-0.6261358676007384,0.5896982565990682
0.6337768809320985,1.1922895767440356,1.2958356586159314,0.4360623557056892,1.635730681871764
0.41379909745149823,0.6786407280031983,0.25709362473236275,1.515221412559709,-0.5335027777955417
-0.1852876588777083,-0.006354615271416064,1.7537692030709675,0.0833781775648903,0.8312605182307514
-0.12982069973342616,-0.5977932302371155,-1.3613486956182759,-0.8018519715777677,-1.134778270315232
0.0438114719791096,-0.3883763054793946,-0.7233603219389175,-0.3167281353398485,-0.896796496648478
-0.14700200162848862,0.5072078513455425,0.8581515233862873,0.4082261813083106,0.4588120636987882
0.9638791167949097,1.160777795388594,1.7530611339128794,0.3948648745158076,0.693726660934393
2.2105230015913513,1.748908641584309,2.6734496030305808,0.3838797411771883,2.4158775651266136
-0.5574917850078337,-0.6549482008892122,0.2986272635945032,-0.5953623154656273,0.24238698323467006
-1.369802979579078,-2.108746320218951,-2.226800990986314,-0.116201712269009,-1.677381400911812
-0.0882820483512548,-0.6060518480232232,-1.3608806976078682,-0.28204955569158163,-1.1903395612865955
2.579709337654318,3.0194770136933164,3.4692053413589106,1.114496859318884,3.0559827681027714
-0.8036745679697308,-1.283167439877018,-1.3551015043440906,-0.7476396838313042,-0.6310910355145131
1.6391168054440675,1.4060333549657944,2.9281756508624475,0.6792178005522357,1.9791244340519278
1.6777008140764407,1.8458826378587518,1.3763758783759241,0.3504464759376801,1.5069328999621199
-0.5535882417079946,-1.0703319273675418,-0.5628524097059137,-0.3614172229058692,-1.3421407511329968
0.5689830791852754,0.547541700738762,0.7649986626143643,-0.27445477995034806,0.26931785635252403
1.628396623128538,1.771675067258158,2.628708401847478,0.027201584955590774,1.7595089953510732
-0.3791277409874871,-0.29705253183636454,-0.4176598681851966,0.2569092207894414,0.015077386359282186
-0.20358036010236177,1.2713372397514948,1.020145109625998,0.8142835157942728,0.8854254818657011
-0.5816809139486437,-1.2996443605980126,-1.1090495650768157,-0.9604398304460378,-1.0048962308656226
-1.0147567306928669,-0.2824411196123541,0.05372927272854777,0.05239624480697341,-0.5050101484090325
-0.6492775450660071,-0.6058229047510378,-0.14375330625741223,0.18014396789424558,-0.27922472359811557
-1.2239402667622565,-0.5931921359914678,-0.7198133444169426,-0.05487950629434357,-1.0295646616298042
0.03408346825922606,0.24792035045700378,-0.062388793443505064,0.109440538549424,0.13557759332795344
-0.7699732310586415,-0.9825566834019115,-2.114340217096599,-0.29679196273717845,-2.398451763052746
0.2337859117907477,0.3015269256622683,0.8534562716783658,-0.6727636623359057,1.4330078271130673
-1.5558956462036273,-2.1736672426620456,-2.354067001728063,-1.3320698089110254,-2.956450526367304
0.33088023221445706,0.5663279360572626,0.1001239435503396,0.36550059483188035,-0.313148367032975
0.8335289616089246,0.8159024022824026,0.6559386787609086,-0.1404445436678594,1.428945065867866
-1.9937356425714554,-1.2756584297356133,-1.8108454028536003,0.5265968849829659,-1.8473302365492574
0.37405656984757213,0.8283044184216328,0.10417464291650858,0.7795076496715746,-0.5636821535773482
1.2276689924732922,1.1659451140834893,0.9085246989371069,0.4899945501639713,0.9272080103122305
-1.2096410186912054,-0.8936681050538262,-1.7526999401484038,0.7071615507329635,-1.8151260672408345
1.6725723868377034,0.8975237411395167,0.8295410822346581,-0.24125530571846326,0.3286518462020394
0.4190190093660452,-0.020895174331689303,-0.4682927081957648,0.035416643646330515,-0.9693988427755469
-0.7050118557584089,0.029357825481938438,-0.9409735619417231,0.1392960150781489,0.5373105970654207
-0.05576907765770601,0.6735524407268244,2.021817067213878,1.4803192124851194,1.693859410400422
0.5583269125217224,0.3276063118613509,1.1446520128511595,0.7436144230164923,0.06740313139960497
0.0760053914124115,0.08380568675656627,-0.3668448288041118,0.025413458830507413,0.41669453357906644
0.5387559924463692,-0.02130239353978769,0.13788996574442078,-0.12965517973895907,0.4296364217252641
-0.9206735930793662,-0.15016045182977067,0.07028651169705233,0.898943520004766,-0.3199753549825468
0.169360824036078,0.4681970710747517,1.2764879981537882,0.1842017358086444,0.6822796539953386
-1.4137144969049802,-0.16036287929210968,-0.6835984711465788,0.3319536046281314,-0.2785022259528056
-0.11122606134870032,-0.5281423876688297,0.021493205186860043,0.03550925970892238,-0.10411527907655328
-0.9039076414647897,-0.9121300626809404,-1.4232992577412893,-0.1551615247107953,-2.243958241189711
-0.7355299425897666,-0.4727009928090271,-1.3687586338720004,0.11007205618666849,-0.33826278818246613
1.2360931752104374,1.3121193090312353,2.0090251064261806,-0.03327160851054023,1.591127364675584
1.091310120594269,0.7652142777015991,1.692712187715376,-0.6970739252513737,2.2712268371850515
0.609138120907177,0.05082995149889141,1.6137413259170803,-0.17453113045272406,2.0915846723082296
-1.092312764672579,-0.43314644727627766,-1.2396108957856613,0.6049386858405751,-1.6161545784485023
-0.3164084496948019,0.10744092151694928,0.5482809168688124,0.14309017027884874,1.0100477573635052
1.2130976999791834,0.5123411097014843,0.36892858536566125,0.32666173462499404,0.006314451897254547
0.14171691363990474,0.7910949314646717,1.4193291440720248,0.2013414650391,0.3440459362628515
2.319329539981694,2.4405629865836573,2.0463818531616385,0.12684753863134485,1.6294445848344035
0.39331783939437187,0.381802520139394,-0.29949884125186566,0.0437107215219373,-0.0707302062385396
0.1920491164900316,0.1934382243800435,-0.2333990246438381,0.006345168680498441,-0.4414274461776231
-0.3091164642025014,0.029735714195952445,0.08306128443599364,0.48336072457250645,-0.07876901447015637
0.13354090478228192,-0.32401881130230353,-0.7734713334857775,-0.6035687499283473,-0.12434117767289332
-0.15246983638054348,-0.10696012952239371,0.2670804509211793,0.5486005222505554,0.2936193959741073
0.7081086766885905,-0.5097048309537178,0.004490973810287291,0.07591906499140388,-0.41760727921321766
0.9567023167945841,1.2035896761871352,1.8040541361717755,0.34850400414636584,1.9746638843882611
-0.7859894605079495,-1.4095381796272894,-0.7201732317562264,-0.09379782741140036,-0.5493181251034812
-1.331232953557778,-0.3132764486317229,-0.12643576068486165,0.02372413448657895,-1.3745945853473969
-1.8362053731032966,-1.6340243454658625,-2.6909672407631353,0.20437426119831092,-2.2076940598010975
0.5079913269125437,0.3005595705644465,1.1786973928003395,0.3753065993626258,1.2567420073783564
-1.1033666061738736,-1.1965602379813518,-1.7989660269412204,0.059466048575942065,-1.6090088594566685
-2.152890592952483,-1.8663319113230246,-1.6933471937762872,-0.2362122769979933,-1.0781621838638709
0.3885786045309641,1.0201285561987896,2.168394797371611,-0.6618988894231419,1.6153585254711988
2.4929995174327906,0.7504952856786928,1.1746071492526708,-0.977843916202162,1.2253963287378542
-0.006070911539893324,0.6336259638121792,-0.1373441313241749,0.19620722336463126,-0.9070894037754338
0.8384907744516419,0.8398043601121676,0.45683793222872626,-0.2226843103714946,0.6146993307052695
0.08182935854756501,-0.5380473370905557,0.1479898756224144,-0.368650613418345,1.109720735830121
-0.09888965319114267,-0.616767919077533,-0.8415951142787294,-0.5498780949671956,-1.2548637790846269
0.9190764829877686,1.5734576999943164,1.9358933609584792,0.3120373445961283,1.3624029588687439
-0.29027454418865134,-0.7049730753222867,-0.39067304068857844,-0.7718639399304029,-0.7066134580654966
0.26739231407190295,-0.3627614040404574,-0.01751996760035479,-0.673834334058363,0.04923114206047833
0.3216978061960136,0.8260155161391758,1.1584985067982874,0.8659616429393876,0.5111305196915996
-0.6680904536430488,-0.3651959247714819,-0.5634361324580577,-0.18600194236951056,-0.2964688298667619
0.9920423495365228,0.32467109136101885,0.20200424219380822,-0.4747268933888572,0.60522379070901
-0.17495975669540864,-0.03165531765401741,0.4767529139899849,-0.11735789001940641,0.6962512293178786
-0.7557451594928447,-1.1174724694144145,-1.0088252446566215,-0.2687607433198999,-1.7921504330099958
0.5365098435704035,0.9796185740676254,1.0211622885104767,0.5999778754735492,1.4166298922387321
-0.8984679817910373,-0.18808890299626313,0.4235607042003685,-0.9002908568991305,0.8498883409071716
0.028181157369128247,0.28854802530627416,0.26883716128965873,0.5965471245608711,0.657034131333845
-0.009118996644203544,0.17353533330814547,-0.3027549046308614,0.7005814453353052,-0.08605828983986277
1.085895565831578,1.7493105150989494,1.6437901987767325,0.2614949627088077,1.5895058360016259
0.4746982328799528,0.3796017499980749,-0.13172240178816957,-0.36054718933525787,0.39764453745384576
-0.025026958745143917,-0.6109586297065157,-0.8965963656100311,-0.5952589165332975,0.15482001475269924
0.8177662992002871,0.8789499957763831,1.7949745619333752,-0.0960197603393173,1.1389568740576128
1.3902075490173134,2.1551895639824075,2.103170368160584,0.903099669857671,2.4319160292419113
0.5578103063518622,-0.06113150151143626,0.03972765479713823,-1.1003073187774823,-0.007353659686301965
0.010352619843380607,-0.17244928747228833,-0.6009527523431939,-0.5730618543669881,-0.6056940031231749
-1.3118362323501596,-0.8412459668294013,-1.165680584958144,0.682724819464462,-1.8173778716533486
-1.0651136630753726,-0.8790433549631678,-1.9608767531469524,-0.4540615038757383,-1.9071837825899547
-0.30522470435466764,-0.7353315536723916,-1.0147208019007923,0.13525157584782976,-1.4118812006949208
-0.6095122021592831,0.07331916638780889,-0.028240228217606564,0.49821479578716255,-0.2573434201488187
-0.186971302985446,1.0104433186202728,1.5367047487657444,0.07708888869161057,0.833941082000095
0.056649924897107164,0.14338566942963943,0.3060313512687896,0.3261766842386765,0.05097402248540747
0.5296927543567308,-0.028279941382615637,-0.7529712046303657,-0.33170925702333764,-0.8807292626790307
-0.07049877805909122,-0.8308792849740105,-0.346536195542687,-0.7285529329521578,-0.2635051167690181
0.4865016438262019,0.518189305671552,0.7480089909390596,0.217464529325787,-0.13416683930051188
0.06447441481012024,0.603518203506225,0.8432579545139619,0.5800789292760142,0.03617308518990403
-1.9754665663538713,-1.3427893798354065,-1.6168566678335712,0.330817446081999,-1.2742138656849509
-0.9393353938187543,-0.7526702355144304,-1.2138587509506482,0.41409967106847695,-1.491191934390633
-0.14408755572161547,-0.4099058704719455,-0.36120564071709893,-0.05163596635821155,0.2121798184695765
-1.2096947428411076,-1.513837610631931,-1.5312520712011675,-1.0050925915363425,-1.2654920030735273
0.5999287299962045,0.8973186471594047,0.028644961783952816,0.13870050495300454,0.3291615407087612
1.5307508323436974,1.6814864765677509,1.6945272694736433,1.5888844515330254,2.230420702736726
1.2187618516973167,0.2021445880124868,0.08960532337283056,-0.1780832900872265,-0.07421061486773878
-0.213442870930208,0.6241651923461755,0.9027005942319775,1.4913519904320256,0.5251871821006417
1.490726136849952,1.4796165199269624,2.49152642746863,0.8485421284035717,2.6782250775211742
0.14866745720211172,0.8187312883345861,0.5194330572434339,0.5954990018554538,0.7222465334839335
-0.3370859711180397,-0.9407326511369893,-1.4276562894550924,-0.36940704232442567,-1.3785558154202335
-0.6134026635409398,-1.1736342085404714,-1.7158815166364958,-0.5294746301585984,-0.8485643814948752
-0.30246968648812833,-0.31646040407415116,-0.8606690389517063,-0.7654092859464414,-0.880724289976501
-0.38817681854122876,-0.05914924138538591,-0.27929098672982056,0.15990284128813398,-0.2349750692789478
0.1704162223754877,1.034513389363872,1.703897399229429,1.1232210823838455,1.5441189847236154
0.1605739810498646,0.4814986417474575,-0.054502927121658384,0.01690606076980647,-0.5163495818587281
0.0030460201534144695,-0.1189038222832851,0.11400405035179978,0.08002551394971702,0.14139634005981527
0.43693816974634986,-0.16363406803586616,-1.2175022196540406,0.007623485858997747,-0.3973719089893909
1.1906462747863413,1.5675173061886483,1.5442179695610543,0.13806680121389292,1.6122803302930366
0.9495541354413237,0.2772905954777015,0.13505513444245015,-0.46119479662373664,0.13708133419767093
-1.4848979684499035,-0.37368409737376185,0.5564948868999247,0.07370551987245488,0.4199617576270974
-2.553921134901955,-2.1853292327248184,-2.787276462121395,-0.5816361381321582,-2.3431153017060797
0.9343199112392737,1.5427469653003443,0.530550274289862,0.09772080662937932,0.8523785611054684
-1.366878698415421,-0.7540373137026977,-2.104178120559987,-0.2045661549353885,-1.5891408930591118
-0.22476540189268354,-0.24831006623537596,-0.27755432767444255,0.5063479269007143,-0.4157313258179879
-1.1701130260593595,-1.195788606760551,-1.0666838146387159,-0.6181863233388228,-0.797624636119787
-1.8019804375800197,-1.6120382887370557,-1.7091724319081152,-0.17685289570165308,-1.2982853181431644
0.541462728204788,0.6473285287514492,0.8773362979823333,-0.018748895444761993,0.2860051744206108
0.7591551603026468,0.6459023763509759,1.4724386101245712,0.5441004581091353,1.4093100197039612
-0.5765104007267194,-0.7581140246157281,-1.2334915619811526,0.2820403017737967,-2.1907943489342183
-2.59104229214491,-2.1556495388747443,-2.049833113033598,0.1321944617157127,-1.6035829468196459
-0.5462444482524828,-0.39770704374241134,-1.456457383506744,0.11718111474765551,-0.9806401178747288
0.3918040054025465,-0.7509238428853688,-1.4440773112252823,-0.8139725074573907,-0.9258965172095244
-1.4789115687741285,-0.9540451976249535,-2.229079074109034,-0.40512573562690307,-2.2036945927829144
0.1833599197791556,-0.3431726765350789,-0.5767143922439699,0.4455107189847459,-0.36451953550755556
-0.015309849172995557,-0.588914080941269,-0.7344536274893283,-0.7084541391734118,0.05096865803018791
0.5792914996010884,-0.38023897387448446,-0.3878258733134694,-0.29035449269954666,0.3578415381635069
0.11958036841415326,-0.8012819542026225,-0.9244083333108658,-0.19686132309955345,-0.8465538495930596
-0.9730689408815555,-1.456178904261389,-2.303946683600704,-0.7549029613043263,-2.0038921998758537
1.1965715016644913,0.6027467225163479,0.609151560371688,0.2388419658555827,1.103691976701736
-0.15852957302697002,0.849805910341708,0.12129909124660054,0.9798142050882228,-0.6412318255091469
-0.02730453950993186,-0.28478346955554745,0.4761972216126933,0.5054893752187888,0.2670396281129117
-0.933267959073196,-0.6577393141245412,-0.9714628206882501,-0.1815221269212653,-0.2065313108510466
-0.4432822511915103,-0.15438510770004393,-0.47859380066626744,-0.4007740567061616,0.05686585024274232
-0.8848027140269009,-0.6423095781135965,0.182592703330134,-0.2094112498438715,0.34896532182207296
-0.17294605992342302,-0.17707857830173523,-0.95784221409162,0.04605944216422954,-1.6149741953477683
1.7117084801423437,0.7717199023142527,0.2507116143579218,-0.29236521761717243,0.20068533640154862
-1.3719011429313563,-0.3720571402054791,-1.104200763167714,0.26813541481202263,-1.288738384975909
-1.6135613978767411,-0.3872507964824504,-0.5054237847986296,-0.22797384219024197,-0.2893619549101599
1.4711703274936085,0.335606914933544,0.6617072757028112,-0.31246712484168093,0.19086320573508997
-0.20932367715186612,-0.6794732371646827,-0.371562603726919,0.4179683641935352,-0.8472680408415308
-0.6690727386599166,-0.6751633621164363,0.7330011559572577,0.04762251109765428,-0.3727315984802889
1.0399046873960764,0.34965485246176553,-0.9300736495663396,-0.031539739353396934,-0.22616394212135493
-0.6056155397368641,-0.23150965506155868,0.08742976740077973,0.3697291337873817,-0.12119846506082697
1.8260097135469362,1.0966716696342425,0.9817276600177522,0.013483979923461509,0.9621277858672443
0.6779258713392691,1.6248687309747165,1.5979933878363957,1.1711115627599047,1.4370749908156655
-0.48791140814570266,0.20494517065523588,-0.12592907216604354,0.5455667960057828,-0.6470531314296891
2.1573082132655035,1.8321335859285104,1.6532985006294285,0.07876853565589514,0.858436194842389
-0.6057149230033384,0.028921193257195332,1.0454203326707054,0.00470673277820427,0.438220736405017
0.742095372009307,1.1466265097861,1.8813302079516614,0.33200140873334627,1.3316129677417987
0.2992925804064919,-0.04253967970392808,-0.03713002851028881,-0.053772267415729214,0.14988609784764256
1.301741289398798,0.6332844092480561,1.5705507425898675,-0.3340047426749492,1.015636836570575
1.5615111967268527,1.288280488866306,0.6384192074602418,0.24677621709556,1.4478226025115286
0.032004149065766624,0.4564213815015853,-0.2507174209966534,0.4791529459983934,0.28792983904958735
-0.7534178703461835,-0.5332040969502381,-1.9466255556570982,0.3367378398159978,-1.3477832252585342
0.4599721429391164,-0.4205205267442054,-0.9242733561670191,-0.011232452654909908,-0.8916754717868922
-0.6777153697521061,-0.9435845177771061,-1.0352823053096756,-0.2904485101763781,-0.17461370691846623
2.013387247526623,1.5737233662241095,1.9501831862283316,-0.4281978934654993,1.6461620520449365
0.13653533108273744,0.07139546270327482,0.17527970187985803,-0.15633248037675238,0.14212102461474918
-0.3653215513121087,0.6940138473452171,-0.013817481825388667,0.6860954957603461,0.0725515362317849
0.1846803058649084,-0.5452497265075723,-0.1724068262406736,-1.208322463958591,0.19574537665506575
-1.3471262895296965,-0.8249064107058199,-0.8461111819035851,0.6515944653117672,-0.44304602421173406
-0.9716140385106515,-0.03273467664437646,0.40055095690634734,0.5198439106084487,0.12293322199341111
1.2004139079444254,2.0960559990669383,1.3796098923262947,1.019573379206758,0.9751520433806884
-0.6568942789713957,-0.7277141347690973,-0.6863624464442428,0.36525783015783614,-0.2977747232237763
-1.0469109826819396,-0.5918140597854519,-1.4228360156930582,-0.1428714825657852,-0.922934122178136
0.5366527525272862,0.7142023806211524,0.6186489052145657,0.46123206252477555,0.3601084522816727
1.185704154662997,1.046304189507043,1.5761839665902815,0.09561520608265739,0.6249715350920264
0.7189533106650667,0.5257400479124005,0.6855442212484284,-0.06509336860022084,0.5133317511194633
0.9960476858058164,1.0148258433946762,0.70686702420602,-0.09652270764838661,0.9479432211983474
-0.7567950885694608,-1.8715591134654113,-2.2421070424478424,-0.2654525496664465,-1.115187914993168
-1.4218106667418438,-0.7964137883621594,-1.874617735180777,0.0032156654871819956,-2.28613494283303
1.5013336519554867,1.264155873395373,2.207147485613425,0.4140279841572986,1.7731471106367958
-0.32267983884213575,-0.3693813194628413,-0.5664279950531603,-0.8472299591916956,-0.7044869763105326
-0.25083301645504735,0.822764684695741,1.658447588188085,1.1733471993904572,2.170505499085027
1.328194141849058,0.7250883040839704,0.5541869526431387,0.2643492043170737,0.4812975071495084
0.5562300094006599,0.24344601298801258,-0.022010377458334673,-0.06872915148979997,-0.473472619398634
0.45588777208160763,1.3604868687676532,1.174072170538476,0.6336199356413836,1.336012594945538
2.165002344901084,1.3159712234959389,2.1048698272109716,-0.00132131375795827,1.6920635844694014
-0.643518230380143,-0.7898722257723838,-1.3735053653239462,0.6843648215015187,-1.848348465470529
0.9278401280812372,0.6687593907495648,1.1892685283485838,-0.7010831700773175,0.62395502187565
0.05701312489708459,0.4659777409824423,0.32970185057735657,0.6104888112688184,1.1637526427309304
0.26859227886325737,0.3187750767672626,-0.8030478878142566,-0.27580050655610594,-0.5306384882080999
1.5284684264125317,0.5764620675538941,0.34956604039279315,-0.3686781244384325,0.36848946407978533
0.5078357562896237,0.14018432346810428,-0.5392437404559839,-0.2549408993486041,-0.6102662343164086
0.538296079049633,0.1269596466336007,0.17269321016972333,-0.35160359000039826,0.30149831021215034
1.0725073373098022,0.819395347236319,0.2690297752788886,0.03313702278943045,0.3822447707522468
-0.3649527295428853,-0.07904035431939371,0.4607366352454975,-0.32652034136324914,0.5607473858246108
-0.8392096673390064,-0.4622648559272191,-0.6093633433244793,0.5076916089716367,-0.4910044638531548
-1.0448091940210336,-1.7238532322410278,-2.175181475544477,-1.4019500700376426,-1.5232641588372546
-1.9663565893760018,-1.0411147777203733,-0.8558024505918984,0.4703037554150764,-0.7586700325323431
2.056207129940322,1.7712501269505696,2.7038443127862006,0.0811571828814091,1.9444904637312614
-1.1032083657216831,-0.19030066878039342,-0.24042005359826307,-0.04997624280841528,-0.5225894936888709
-0.221253623585772,0.045096264776718326,-0.4086046619975124,0.2231475453760669,-1.3572535425426173
-0.27681329988892067,0.3292108389567445,-0.6693287629191843,-0.2539261974684098,0.4110126713939304
0.3074066978091007,0.4791980139723441,0.16340776254570488,0.19762078956394435,0.5784442822674778
0.8157372125392965,1.3257026481328114,1.2205158297705967,-0.04902751570130215,0.6834289992289185
0.8604734883597454,0.9495041086966856,1.2036394022314005,0.41892496563493964,0.9423530373097105
-0.5830774385689385,-0.5154195740766028,-0.8255916175747395,-0.43899791602130295,-1.0614706929204825
-0.1671217137864115,1.0025199891943117,1.615783770264031,0.6049272425175003,2.2254789989246864
0.28257995048829965,0.6705825215305857,0.4369090630742891,0.44569754500452496,-0.31672042536860423
-0.24869112618354708,0.08791930955536889,0.0712784713546776,-0.12312776495636263,0.12138865362859949
1.6073455760199926,0.6477242525468263,1.487661568974325,-0.37345141109453894,1.2846314907944687
0.49097495163825133,-0.25137384742116775,-0.09655348853242138,-1.0269813695118846,0.3265211756753779
0.7348777860498175,0.7342599699107807,0.845089438879798,0.3988933273511,0.7085758811294708
0.6628812686674127,0.6030656138180506,0.36251207142055447,0.7966708175592376,-0.5528435740492186
1.173473857485325,0.6317178034841019,0.37812252615193603,0.9723490808601934,0.214751356215522
0.18102155870370695,0.21530859676899555,-0.251997635648374,0.09667249705301907,-0.7128789810551992
-1.2968319479558466,-0.24315209434287943,-0.6163866326811949,0.7934911642567823,-0.514958196134795
0.3996879517526416,0.6674515986772627,1.254341421659304,-0.4448781259652327,1.8459957977535368
-0.651356893791829,-1.0915897699098323,-1.44304068666716,0.16265933848126723,-2.1684492401165834
-0.5286166817497568,-0.47864775897127737,-1.3842411523942713,0.23974631148462677,-1.6459284048547962
0.5863640187550933,0.06660797457779422,1.140831145329223,-0.4401298051535839,0.7504015539045523
1.2382830714336357,0.796776498942628,1.1481109134182514,0.4334743336586255,0.8424842743698207
0.02127157673606165,-0.18979057142597205,-1.071914726019068,-0.24527961902434786,-0.5946604213645392
0.3088330125989638,0.008243618777168449,-0.25521701381189216,-0.3318560463612866,-0.3164675212113967
1.702214944635238,0.734204269721493,0.9475769533628423,-0.14703051334157735,1.0607206208867808
0.24075317948856825,0.12877520283175958,1.1772854993765376,-0.45557574769417986,0.7466704275729957
2.601683114180395,1.801042672920661,1.4963837325494715,0.3685382197142444,1.4617075320034931
0.5655096456315442,-1.0123166284958987,-0.6291555225815104,-1.4137723875336385,-0.17734115488450192
-1.7607627591558177,-0.3821241950738228,0.3811428220948185,0.19287252709695835,-0.02312123498320756
0.7533416211045325,1.147058123991962,0.9992771657456122,0.06239396087877336,1.2900285090743084
0.38115838488277776,0.1167763454437242,-0.02637655678367104,0.19496426437566694,0.0024474832584803034
1.2897527540827458,1.0412117281364959,0.6276685253395328,-0.16273831195370891,1.0876317930467057
0.6731813512699585,-0.04728209264281413,-0.1788151958195599,-0.9088864542318167,-0.26164362627609067
-0.13845598398377382,0.7370966517184135,0.8625619974563375,0.34292364822045707,0.9669281252917532
-1.2242982362893657,-0.030794241644936826,0.3588369088754981,0.5777762007210324,0.30265010214868326
-0.2090232572860252,-0.08887174170555787,0.5474639925655985,-0.43008758401663216,0.4446114622887492
-0.8505204542092998,-0.1686510412747675,-0.6512388883027093,-0.15346794540142478,-0.45664978535959344
-0.5805234498047227,-0.37677537037681624,-1.632525482987776,0.8710374992784238,-1.2008692000765464
0.5885784044206096,-0.1974999959014776,-0.2497468626475184,-0.7767653608668939,-0.8495546323447691
1.6699045043514062,1.1300119189992963,1.5321368207803399,-0.17316085638539844,2.095739943111245
0.3946715298229811,0.3817012072443634,0.607692061304261,-0.07703972016015054,-0.38290866510106436
-1.1958830620351844,-1.1839803089998697,-1.6167803193052699,-0.3993874083904933,-1.7975083422441909
0.4446026682201407,0.2463554958585946,0.37047785482867424,0.1986862089785867,0.2862955339633565
1.196631486645651,0.9116054105619634,2.0031933776857045,0.41906522425936865,2.009052024460108
-0.6097829043193822,-0.5282655723882368,-0.4048781854883786,-0.18727622112471148,0.4236958969311485
-0.1340171666729177,-0.08108448808959255,-0.3213224407093616,-0.48434187296319553,-1.218335940750979
0.014688194729197093,-0.5185519774149427,-0.9223810631555286,0.13944560958450286,-1.083990021034831
-0.78489831308224,-0.9864267250297603,-1.2856234846423507,-0.3361859874583851,-2.2204778800777483
0.648280433843859,-0.12366778577489745,0.8336426341685071,0.2814210589785097,0.7660893577067803
-0.12094814860778157,0.3921492559568749,0.3605986814325315,-0.563255805552362,0.4603806055392937
0.41953244390702776,-0.71719751579454,-0.8725136256658728,-0.6336431944963637,0.010135607986340833
-0.8874921778021001,-0.13319857058321716,-0.4492264272616423,1.1179496230432813,-0.34398640408875103
-0.43745830032341043,0.3432080583726935,1.071239684512411,0.31766913684732734,1.48612828078236
0.7223813578277714,0.42681479277090645,1.6880801041718927,-0.1526176933081056,1.811190634524233
-0.372833152091767,-1.599835065587063,-1.6494342490456426,-0.8152632932289251,-1.7021149226436625
1.7269638512334051,1.2009158000030788,1.49076270227495,-0.2463591931685304,0.6372060586514352
-0.39963618561460235,-0.35180102913609157,-0.400091535058769,-0.17127140040905608,-0.22258123240698668
0.22468472575188592,-0.32555132936294806,-1.821245668506985,-0.47535433110656783,-2.3851721102289685
0.9325908318730899,0.4884634685943505,1.033246680884111,-0.3753392816910489,1.577525549130522
-1.4183657329330317,-0.3695949869147498,-0.36301413470019356,0.9420089957064148,-0.40774377224858616
-1.7608088119807759,-1.0761834684337503,-1.0344149317240654,0.3115071910053368,-0.3333847327959507
-1.5256563145700948,-1.6828071088451257,-2.4462458470643735,-0.3148855260652198,-2.441728479424136
1.262584103427182,0.21126769794402966,0.022847110146580585,-0.15997626039672358,0.1549877923324185
-0.5518581458924467,-0.6049951755188429,-0.9726091725245152,-0.25330988319835335,-0.7706738266047193
2.5581992856682523,1.9398310388593827,2.9407710370750824,-0.23089944297371862,2.6241718743621125
-0.5642475986573886,-0.20329848524425273,-0.47121408425495925,-0.10123486218810557,-0.6404224325277594
0.18455130319703697,-0.12001731372619992,1.1055754167944387,-0.17557455476501488,1.191245884350255
1.5421099525678756,1.4894377497352314,2.0458427510912998,-0.15213323481843682,1.3781768442405655
2.006092888159123,2.572451330557413,2.3215320006714566,0.5975650806759574,1.4846611361247815
2.061503576636398,2.0569533725312494,2.3912162710863254,0.20266891570510182,2.7735080906411067
1.2083662305931424,0.9426487308091277,0.7401734036771038,0.9054934882014237,1.0297400577554439
1.0240625258114624,0.7276747851225226,-0.4434197397449875,-1.1121848892935322,-0.36613196146936877
0.5925269492011831,0.29568499227101086,1.3145045547934866,-0.16113186857313727,2.015625290586029
0.7783610761666377,1.2130093171593823,1.8774967059232612,1.1502035010541571,1.5558642759685128
-0.5511857163285334,-0.7546052960384781,-0.5856019645065862,-0.20389306340968638,0.1343098419385621
-0.8181988834223072,-0.6319477522378545,-0.6590951065056028,0.2681030045130926,-0.5053985533921316
-0.0033744574109520514,0.02289938501178103,-0.8017312792013254,0.057647324253629915,-1.233933526319388
-0.17018462252492844,-0.3870397944257088,-0.7546180370441126,-0.4527688973221241,0.24486386254572357
-0.4532280493272752,-1.0488152134038706,-0.7535097912142372,-1.404322998522637,-0.1828033887807709
0.6963874474567154,0.7185972097742066,0.23158463385954642,0.23700659792810805,0.14791565496880965
0.9553052085705108,0.7337421809287169,-0.6385709726360277,-0.2742757194761101,-0.21112824560545046
0.08840688629184734,0.3208457437517628,0.24875128783355951,-0.13974558498581127,0.02202444205125012
1.4775300810552616,0.9152239116246259,1.0132141615330277,-0.2977032047820375,1.326467262909496
-1.141689114133505,-0.30294064190028014,-0.28219072043151067,1.0567306703859538,-1.4495109310303393
-0.19365945927971812,-0.593314458029697,-0.27486616352691456,0.6434446259206604,-0.75728021402152
-0.7168223206028049,0.28256228552670226,0.7216382299707678,0.6430879351814544,1.1391042791171724
-1.86653661707306,-2.367047548572579,-2.6851951751407417,-0.9095718650289661,-2.541503426736127
-0.08268068584269925,0.15124048360428616,0.898807413177169,-0.3236818855361343,0.9126978193038231
-0.12174750838328353,0.14031733455668488,-0.7430010670199669,0.34651195299974885,-1.3420937913756874
1.513449743242131,0.8129812606232638,1.2783266014343506,0.5255242508412767,2.0744274391419673
0.6308116845547775,0.7168463165743284,1.2361385978913595,0.08745042451457838,1.707789559961062
-1.024186824329205,-0.1795901245832846,-0.959245521148085,-0.5652180913449865,-0.9636635782209414
1.8540925663341883,0.3748646333903185,-0.45188480514105117,-0.3966211710676616,-0.6090442530586091
1.221033695525353,1.2281993601656898,1.0262739563134666,0.6433825889333262,1.4384487413919667
0.5820977034686158,-0.780957247390146,-1.3340735623773505,-1.4720571810617493,-0.2094309810551518
-0.22648409884983187,-0.6640196808414696,-0.34477193890830493,-0.2809780536989316,0.1665853828882024
-0.9594392367234795,0.04703179307168892,-0.3122851185286304,0.6931322799663615,0.8048447270225336
-0.3722067760710529,-0.5886564375528693,-1.2201968360321656,-0.2551990390550575,-1.559352816959908
1.0887486197041858,0.28405891355886237,-0.026109545746100637,-0.6618414379950308,-0.4331920064208859
1.8845863059346086,1.408700180255346,2.3616196167989423,0.4501718626368603,1.5309870960923737
1.5432435282721888,2.2685479916995273,2.7300836146656042,0.6550099316661016,2.677955578023784
-0.4888494217862741,-1.3069206610320323,-1.675855408452586,-1.2644942169092586,-1.4204680927051425
-1.1196174332890112,-1.4213489024508812,-1.7716219821616883,-1.2549253093389836,-1.6704353456815122
0.14088624691120394,0.8614248391187763,1.8089460075384451,1.0368940719272652,2.03268072084625
-1.7684393655628516,-0.4859003206814151,-1.0325834207796432,0.7907550488928826,-0.3131607760943468
0.32316771418478146,0.20681855920268322,1.0374872456072821,0.018378553201155078,0.17090731640313295
-0.14760258629866868,-0.7376084203022562,-0.7588323250098051,-0.6186344558025663,-0.9814351064593824
-0.46603650186824225,0.6750925494099858,0.7138594301067742,0.4939836698398603,1.0525452841576268
-1.5947030672667954,-0.47854125793883806,0.9262907892339632,0.03207799369956654,0.5997923683812759
0.5136001065697166,0.7503535791368897,0.26704060108510974,0.09586519428701054,-0.1587664972024783
-0.5327008396619114,-0.8323618461982392,-1.2110456711780906,-1.1643377585558814,-0.5806723902350842
-1.169916835710288,-0.9604481389872487,-1.8919965102830985,-0.38178074082333574,-2.3475468941167787
-2.8722622132816493,-2.3779898111477347,-2.28211059105558,-0.35283676770302697,-2.204689435845575
-0.027514905050636255,0.14341372826727986,1.185609834111743,0.3580990811885816,1.231370863602973
1.772251596669744,2.1433019964014632,3.573916064524539,0.5982150137968067,2.929614501117026
1.66125921454787,1.7687158922069974,2.856828322536,0.7254407628211867,2.9627233182889876
-0.45709625658627184,-0.9043650437613966,-1.203810333191255,0.13514663970553015,-1.367867787470814
-0.6022120603617805,0.20647857672034442,0.02862970557050537,0.868909071414772,0.7300764817364145
0.46877425607502377,0.5315854748665967,-0.3647992936565231,0.3259266433205285,-0.3911925130387571
-0.9983854391882915,-0.4551754534211751,0.6753135770036653,0.18531497387163687,0.9434172876559755
0.30179189981946597,0.9747039494948743,1.4510315862829297,0.1390816113712553,1.678940404146045
0.7660802783846903,0.05707409795097673,-0.22668522538051772,-0.04711065007493487,-0.5177867042145023
1.2269332238843076,0.9636337897542147,1.953194681097238,0.7329759937744081,0.73113193865957
-0.10015407647995278,-0.34585053686356976,-0.9986793542922842,-0.05517592170435512,-0.7184335415311383
-0.20367375017696587,-0.9468687128243006,-0.8922692348555563,0.20593243548192175,-0.766898137807566
-0.877982586756561,-0.5290310806027889,-0.7384147772978474,-0.5415591462681053,-0.386660285780499
-0.82688035403986,0.5942739925603238,1.0963350750005691,0.36776661790034,0.8734378313090932
-0.22647889190152676,-1.1012219857740977,-1.3596105064405901,-0.31553534099179986,-1.438863305196889
0.3673655068161781,0.2777520999282073,-0.5372542147528858,0.11645980060295649,0.5207077122132525
0.9135846262332494,1.0511391685239864,1.3067128258308063,0.8045179754788888,0.4398645124923366
-0.8031789506803448,-0.5810040597161854,-0.06788638653420542,-0.011302022751853175,0.30587749130133446
1.4926885689595217,1.1375868289097473,1.3475743511793055,-0.2972236732542707,0.9255159869696794
-0.2711236010425688,-0.8665070625569672,-0.5747394021149089,-0.5564304401506095,-0.6851547707736291
-0.021367294348436157,0.09929953599133289,-0.5081582482148324,-0.5328802660013425,-0.615893839680332
-0.7472116791478234,-0.9761513318262218,-1.1871380741533775,-0.7611363619432574,-1.4701414038236684
-2.4242402602729416,-3.0343530607076303,-4.015929945902302,-0.522949413191666,-3.3287248461939525
0.8840453963610497,1.304532427345705,2.013627416877672,0.8202649667493127,2.507586473164883
0.7368438970924334,1.0686680275949678,1.3012965704711588,0.5248473846926915,1.4061737440473738
-0.2813275571182134,-0.19923155726903083,0.1749663370791305,-0.6872293199134027,0.209160701477265
0.06699071722487192,0.16812991788274884,0.8543821571540182,-0.0591658462996672,0.27572369188899315
0.5159392177040995,0.9499103805210605,1.5548636016981057,-0.08303229795132772,1.6577898744405206
-1.5625458568865427,-1.1378668571201929,-1.201569167968045,0.4553794299742426,-0.003237435306591152
-0.5290526773462948,0.02876663550362135,-0.5644073925024975,0.05117413010064176,-0.698313965149794
0.7942646796218271,0.4866706432605367,0.5823331055125033,-0.49076197384115766,0.3361080052853199
-1.2542894231692494,-0.3474396692484263,-0.7367818443076113,0.3958554091592961,-0.9436482253673487
0.2935579321666293,0.39523920869964535,0.26784867641703847,-0.12617330272740762,-0.003643308471875578
-1.356581804623405,-0.9882394718957871,-1.410607856725095,0.5800208360661344,-2.642196847888778
0.46642998243352635,-0.26188655840919495,-0.9022192149603805,-0.7104599411168759,-0.6094796005364861
-0.03564148229748357,0.1149647413128675,-1.0364454639049527,-0.4613952436221035,-1.3555770056917644
-1.6151318159055095,-1.7080829114716332,-2.4505853227626195,-1.2492575363803948,-3.0106583498822577
1.1647393544571714,0.61265012030149,0.8512078155162834,-0.16582919398290874,1.1426820088309295
-0.734591576798049,-0.9953610755964999,-2.003339517972294,-0.554229010061696,-2.3440144586960328
-0.8102524370143808,-1.1813194155611173,-1.4081739567903662,-0.9933592149902826,-1.4366910880532084
0.20056919723094285,1.222841059293235,2.607570325738461,1.231394727392107,3.080034488758905
1.1486373494287152,1.5845794105371738,2.515329225795952,0.8017849716333607,1.5591884042041002
-1.015821818978397,0.14752629588941302,1.163156460539613,0.5998921650368957,0.2805416971867707
0.06167984984797165,-0.5621036298994047,-0.43984762971964986,0.12141803181477762,-0.26120977196651585
0.42881650033057295,0.37868007521990465,1.1549219840557532,0.315682215848092,1.614173467655362
0.6931056072631441,-0.09226932679153266,-0.5451020304305116,-0.7402836929930179,-1.277762686253442
0.1764415552772252,-0.20669419437675185,-0.6346371934652927,-0.6485947792986453,-0.3673286057001749
-0.3670278390833223,-0.7526857629749453,-2.546707039252418,-0.01617349675925589,-2.0015365653463304
-0.8275902206487197,-0.042280173298195,0.6609510764675454,0.5427457716025638,-0.4347242730253693
0.08614388304637476,-0.12919973261378012,0.7691547087553954,-0.06561264716456879,1.091489906833466
-1.072139011985607,-0.3235215427414774,-0.7201321984981346,-0.028994695073793653,-0.20981603872723142
-2.9213504834946074,-2.035019942001427,-2.5943949542400535,0.2793403091486063,-2.4908482454440604
0.4365598041576678,1.5010672193785288,1.3489633950396576,0.5302675982325564,1.840240236684696
0.9039348410861953,-0.016574238700905797,0.209703044445408,-0.5043640494712028,0.7569605271632898
-2.3629324355418384,-1.2607293285400714,-0.8379156670661411,0.8777333463476613,-0.7025651375009245
-1.0097307047099375,-0.23456412856758624,-1.3271401386097281,0.07633676803360007,-1.4201488199112222
0.6191542610051978,0.00863398979064095,0.2560239061341205,-0.9327290404782946,-0.25599243077077005
2.0574954697116987,2.149563044005939,2.4134725897756395,0.05492751920026373,2.1533435761149797
0.020793707675407887,0.18470744765344072,0.28968557236414244,0.5166178901947539,0.5455964749798177
-0.7280029412291342,-0.6961404829600113,-0.559972178547439,-0.02140441250535699,-0.6660633912130157
-0.18289644110484016,-0.558284896369872,-0.782863338907539,-0.3509021583819918,-1.8033275076478001
1.3748764191481848,0.7403464095939549,0.8262635794692775,-0.3728332449829518,1.377994168810635
-0.6459641791245353,0.5081347045933348,0.4814365449792184,0.8728203457988779,0.5284045014037434
-0.7991920066502536,-0.6390121958414616,-0.18462491393678504,-0.38735447415998575,-0.35597467088152346
-0.4827435221820324,0.004870183020103613,0.25710019570062226,0.36704711666212714,0.6599693703422042
-0.9533286082587124,-1.1581125774407464,-1.2573849702864792,-0.626516327604349,-0.3693271750164534
0.12267031599479553,-0.291790220314983,-1.1127192970333493,-0.6246520663279074,-2.40240315207396
1.6246784584695606,1.8407351714006195,1.9817343597528505,0.2211804168156486,2.0006927487386013
0.3230792731160291,-0.4163246872829428,0.039611871463973214,-0.6031298962496592,-0.6776739210875977
-0.2523535021262876,-0.40948968565366584,-0.46876967891004523,-0.17999796326790352,-0.17233745761957006
-0.2918112689155441,-0.21643530959631926,0.13599651023789988,0.08858323578479432,0.18636046040139953
-1.563190808696657,-1.1948663460372997,-0.37393253504817947,-1.5301571544491588,-0.018676018323086574
0.883109777147159,0.6169411792096491,1.3634930565768688,-0.3327562862255311,0.9775199436718544
-0.07783719701280203,0.1356401329377201,0.2186631621451095,-0.02276129937961066,-0.7398232099789775
-0.18047991359062565,0.20204394703640524,-0.06414076567374996,0.8336955351641285,-0.28291078473470904
3.193107567844861,2.921804827005554,1.974036034773126,0.01670855162860435,1.980056248865705
0.29875290836568624,-0.25389957764136434,-0.4057104466533487,-0.2619875112918331,0.1425567623495978
-0.7517910500951843,-0.7435103890405461,-1.0878199643387647,0.4534503766135449,-1.5649536181411507
-0.4263575962055433,0.2562953539740342,0.5417741414060664,-0.13260186609431357,1.0011269407019685
1.1484457091967548,1.36608016114434,1.5469530571883954,0.5396233485484215,1.068321606646295
0.11327041053776446,-0.5958133973103203,-0.907207112434461,-0.7946133169599146,-0.6352614603937516
-1.4382779783173667,-0.9748824324777927,-2.237498277277684,-0.16513221049146537,-2.268695425982732
0.9192289345752035,-0.25372947702724225,-0.8684560699227306,-0.9584694347879972,-0.6905251490744067
-0.668144085538994,-0.5110478174010105,-0.32726675640087804,-0.3164043527775647,0.15139873652434704
1.8732977762175456,2.447521729347025,3.9665706538960466,1.8653811815967418,2.956406549862174
1.0800480657146485,0.3900920939372257,0.4095952824772968,0.07082278172740003,0.028682805856151405
-0.4473218956587511,-0.7750190392727919,-0.7333362029828763,0.12184276505290487,-0.5675212890135454
1.2810163617351127,1.40682798017452,2.2596804703811073,0.5410687999892061,3.234504253858173
0.06785551052740331,-0.7171163491829003,-1.3470759807396302,-1.1784119150525152,-1.6439632387490812
0.8527736751222197,0.3658414251552563,0.6590981361575728,-0.012314651823107536,1.613255265540275
0.48473281729447476,0.6860068226264562,0.37891412335245217,0.6670102129942207,1.3432343628547923
-0.8463566549908735,-0.9942282478374004,-0.6741792343102735,-0.614141235606388,-0.6554168862300417
-0.6435498323174619,-0.6328248594594554,-0.668548002580307,0.2649281814015628,-0.7507694654222263
1.0299608175811612,1.1960615092224463,1.6143448994557992,0.6039971316067632,1.1068778101778736
-0.33477533210654087,-0.05704722391695208,-0.5380158271514959,0.868270627236872,-0.5183155096026808
-0.4036484632419967,-0.18950957244589647,0.19680792883139517,-0.0979456740965767,-0.5262325803315233
-0.955122579349353,-0.9336592031145019,0.1304367090012073,-0.6150445454157656,0.07927352944078778
0.42359906559346105,0.5239098101092466,0.023944754874172247,0.010286090530723851,0.7699904163121831
2.062524919243145,1.5881535953446375,1.7019289098250505,0.6546734543851231,1.226193487604187
-1.0675329142542729,-0.6251235264405258,-0.6111837472277759,-0.6351823637180168,-0.6704275244995237
0.02421945667275807,-0.22909044722078267,0.1969351905325507,-0.9998233275633398,-0.6733285656543253
1.4122205554154292,1.0384919571425728,0.9104625773974059,0.056592203864731634,1.006447363723187
-0.0796413912457152,-0.5586920092725791,-2.370248585212739,-0.5282994279776102,-2.000982884215778
0.4523717962497342,0.34439363199666945,1.2287860548944183,0.01798080154307534,1.137758629287862
-1.0623935281468797,-1.2554152543319261,-1.0501946334478258,0.030530794535437722,-1.053588695214115
0.4283070972076486,-0.21437754731487768,-1.3030215750698524,-0.5852455701717796,-1.3190983769490945
-0.18714426500454878,-0.02038483807594496,-0.38900308075886747,-0.6698995865231354,-0.09915265583264476
0.985729995679863,0.8949538844727206,2.0148541190836604,0.9513953441709506,1.7989604063809828
1.187386051564751,1.3413457087260872,2.478292701546024,-0.05364234464962503,2.3879493671690875
2.5895636420186134,1.8560881288273414,2.7904897682001764,-0.4191349796350068,2.6189322001074324
0.5796331732135757,0.6677329619892385,0.6956120940111686,0.6190844922747176,1.1877645281579325
0.32579631658216646,0.5360358394025648,0.6930354585705838,0.05853128087410492,0.9622289614010526
0.19438430157733602,0.3778943451776662,0.3749177311375235,0.14197795002177402,0.4338568795988665
-0.35316629281068834,-0.6953598756496218,-0.15748798081824378,-0.11705271692526381,0.6174718325896704
0.33848384346169114,0.3454688159049474,-0.11094286481112925,0.5060194906466159,0.11028568619826441
-0.29540141013902943,-0.05425098008389287,-0.5485809690311942,-0.023659258261919086,0.15875847226713463
0.1684609762696143,0.1383580144696624,0.7721943694652043,0.6206009243596763,0.9984462367120027
1.3175975356079597,0.010839199300825442,-0.013609834145946449,-1.5055312677873243,-0.9332083901971233
-1.0065425652796411,-0.7249892402369729,-0.04290667501208267,0.29969370925517047,0.6138013741487904
1.1398785611290454,2.0181683686018577,2.018894718133902,0.5069675542497145,1.8845933669918464
1.3171150673398653,0.873672419493401,1.015539887188786,0.5019216866186446,0.8880085130195184
-0.11806852699107874,-0.4584933705205236,-1.1036398355310002,-0.205093304336609,-0.8526016782331117
-2.1218548990085946,-1.5108096393511767,-1.8085539583672716,-0.26580143084528707,-1.8001901435090781
-0.6078219870944325,-0.3300684844422601,-1.2832103435299915,0.3379994916462872,-1.04137487898252
1.2969945465611092,1.6339632199570948,1.6681758113755358,0.8525523195723124,1.205420197066436
-0.022868062298882122,-0.6472285277935497,-1.6384265523091304,-0.18486828916258835,-0.8374477677110325
-0.9993022322949108,-0.4337516595484324,-0.10414805154336393,-0.2158535413896715,-0.15052730319955268
-0.5047749212282174,-0.10860890635684223,0.2996229162275804,-0.01724562328451476,0.07836870324360562
0.840620026504553,0.6014227527333695,-0.31645033501056363,-0.0009432211874918944,-0.7472682093691443
0.5467335682013793,0.6067305135219483,1.5284080635266815,0.13484071430464994,1.509955151748334
-0.23893209916969452,0.32358306146342297,1.8867487496080197,0.6458723827845825,1.7916274247097637
-0.36682441181468783,0.14269816056247486,0.1988416247167744,-0.5226595747015671,0.3731697690838502
-0.3917581490438219,-0.8849161752719219,-1.446567966461093,-0.28983142634703296,-1.8155371135675482
-0.9224101844985025,-0.32784905422105987,1.3011794895365558,0.11571821251985341,0.3704709411771139
1.6153756894694418,1.2599562490592946,0.720566399889647,-0.2611187169467958,0.9613054111539622
-0.3223204692113399,-0.22141932636131464,-0.25363931151211855,-0.2908280049550902,0.5140455505773471
1.2171585208254965,1.0103253121612443,1.3201637381726472,0.01283339229293734,0.6749705531604345
1.5213160519224513,1.1419313471388315,2.1774061888380465,-1.4017401247478511,2.754386211735091
0.9983108981479604,1.3945024670719008,1.889246345562354,0.19648044955973037,1.842277240374309
-0.4316203127180484,-0.3871552300990448,-0.7637666135919245,-0.4055244345688245,-0.690921404508147
0.40373009033660945,-0.23678899192229674,-0.8548574125395298,-0.1545040557848627,-0.9681460195584659
-0.024195606390916165,-0.21612141309759736,-0.4644387878647981,-0.4613978589770683,-1.1102539187908165
-0.9037018607301281,-0.6336141301788648,-1.3644933727817241,-0.07772448082833724,-0.734179777541252
0.324359281721603,0.8740948175258076,1.077608972901779,1.0665973824717847,0.5820448948927996
-1.1790397911598025,-0.6416844904534253,-1.1085390964604023,0.5380813601886729,-1.3875885246831623
1.1876793884615637,0.5248758713957291,-0.26657163029897546,0.1344819757236096,0.25604868767439937
-0.4646172972983931,0.8709011205007313,1.79816881762582,0.6419904608353677,0.6768602125273746
0.2011596558728393,0.2933153801872612,0.05337494216728983,0.32195384991052417,-0.7137614573835225
0.28328787154614216,0.8643256662364212,0.27630871649851774,0.36982491041098603,0.23961072309462508
-0.25890497370407733,-0.2829811957518764,-0.4405329155947766,-0.14707163444504995,-0.24983740953287292
0.5866938014752747,0.7360346635329444,0.9242645358201286,0.38575150123404356,1.0742054062225777
-0.47490365662252443,0.03981132696118278,-1.0001064429940008,0.026522321815717287,-1.050995045392727
0.8712972974572442,1.3061351938429233,1.7663508328869657,1.0758472287387055,2.8549005839191137
-1.3459796802467485,-0.5480995915082864,-1.2860140510241025,0.22526807022839898,-1.2713589253046094
0.12637957954641182,0.5372021636736184,1.6712598819228148,0.5601959513021929,1.3887408176791722
1.9389289990582848,1.3935998336495734,1.986696107625529,0.5882955757284782,1.3895331624560372
-1.0003313246055747,-1.0861380806624905,-1.5433056908605782,0.15253051566911408,-1.327021713513985
-0.6777449705248515,-0.37589222125778243,-0.898171327699749,-0.48781971069423175,-0.5008735789063867
0.513907849658915,0.8776903158976667,0.9902477545390256,0.5353876543028628,1.493012006351853
0.17958178193959795,0.03230507516337483,0.40644053514602363,0.2731104194288222,-0.37884565058868774
0.3506300992735592,0.8130900622760406,0.960411597580129,0.7505932028207484,0.7413727686442657
0.4891871301476635,1.1176580768612205,1.2108944079513506,0.09244915508317009,1.3131567725607876
0.6347214685617699,0.04961671531270612,0.09456223286598472,-0.5454431283689203,0.37863477687665403
1.1096998419562232,0.4692995216668386,0.2008440672580335,0.17148303848532404,0.1840339894344998
0.40981865692851255,0.2576673960901419,0.10327731920234764,-0.32924629947421524,0.3641615720481638
-0.24125765461854246,-0.0391997896002359,-1.2985152108632854,-0.026689448076619604,-1.573145636239857
0.6725737012027311,0.2757754540786594,0.9151662834058119,0.48710629105448383,1.602602371224409
1.899881934895215,2.1960068873497445,2.81448693301275,0.5681441535432976,3.02935229120119
-0.13263374638257355,0.10592643365316674,-0.336961786036258,-0.15024427838503374,-0.9757295009652184
-0.9745293046706415,-0.7598999196161436,0.22736108527377097,-0.39571223414114176,-0.3329265473119839
1.1070806692869728,0.16770977349531457,0.2534616164298094,-0.3030557613626911,-0.2953454202666247
-0.12038116395359824,-0.7542128393766321,-1.5267415504370767,-1.0010176089777267,-1.0350824099451048
-2.172669546014036,-1.5976310116703258,-1.403114761122116,-0.13094132072077713,-1.9051671682186382
0.8474216771504216,-0.38836047135708074,-0.2272036357229394,-0.5622709545291587,-0.36999543925468575
-0.5353281859539227,0.07805615605889771,0.33041537856120884,0.8419633304372568,0.524726038913475
-0.09053328230416077,-0.1515035480294888,-0.43725762042634087,0.2062333896794365,-0.42661482565692416
0.3319803305690149,1.8871307492525782,2.5348543333699145,0.8693753119994256,2.410812657889276
0.1904996797790666,1.3063578691313085,1.4105744688249133,1.2905683955278708,0.736615666268043
0.7094518171390395,0.47683691908747317,0.9057691738924731,-0.14074608022727958,1.1126194432018481
-0.43548637056984335,-0.40155759772153216,-1.6248357896722219,-0.5576283419399144,-1.768958156942998
0.5131057981760827,0.9082753955418811,0.8296063968627437,0.3104233340850863,0.5843359199774988
-0.2595466775839172,0.6439489628918851,1.8060318141551788,1.1558052932745588,1.7442944966926541
0.738810480887503,-0.22796614400800597,-0.7337998460497872,-0.4628855212233856,-0.6088807506793844
0.6153674840130534,-0.40089374546690054,-0.8433754730561924,-0.5833006181014425,-0.7470479162427767
-0.9354387020445952,-1.059368364412867,-1.5400188403654256,0.38104615381443213,-1.761330367317261
1.085982116175032,1.160154484526958,0.6633016998991635,-0.3034248577404164,0.44719682430965113
-0.535963445114048,-0.18033396083743988,-1.541369218741879,-0.37249169565029283,-1.3861405014491732
0.8080577982811451,1.1813319661168413,1.279246520226042,-0.22343511124551657,0.4637792516198954
0.3672873134013406,-0.3060189134615816,-0.2857070417049038,-0.24879762153175536,-0.48840282069110286
1.8381836767951223,0.31247500995165955,0.3434669708188002,-0.6337620805853497,0.5029602132533434
-0.22346598237185214,0.250234311753591,0.2133540369355771,0.9039915563253502,-0.4466996686806518
-0.3493167961181975,-0.6935515733771753,-0.8064373655423778,-0.21343767245021583,-0.14750280319102016
-0.019419605887732585,-1.024779616904505,-0.6160306573549473,-0.8692987926810083,0.08037903968046878
-0.30317978283427505,-0.17001195328772922,-0.31828205550280514,0.033299473266969914,-0.9090291379325675
0.7999419019420501,1.0365413656629787,0.8994000925432126,0.37269097237744325,1.488269899813961
-1.616310608436588,-1.354077052809909,-1.7935677543047426,-0.8084031420799093,-1.6860017732303356
-1.0536824191463543,-1.071870128408328,-0.9386360982359281,0.8606647774213048,-0.6355152088338079
-1.067802921579193,-0.9339234533363078,-0.2734920168776197,0.08810345069494577,-0.4944683412539811
0.9503075919735757,0.5749546923784692,0.3130593873526561,0.011317811887176163,0.7432758622307714
1.7106133725819253,0.6944671420954567,0.8927208427318782,-0.12311409311271085,1.006495767883024
-0.1044492185374715,-0.4408997133251931,-0.32606519082865604,0.02735920217574256,-0.7005353000445922
-0.16882172319001063,0.12558257395489875,-0.4448477152914153,0.11609726916246176,-0.982963943744918
0.07005216311318137,0.21688100117879514,0.27250750174230504,-0.13570583522771432,-0.4848944660365368
1.1618783026081902,1.0135325450699624,0.3368347396786977,0.3683139047735601,0.3971221539272062
-0.9273531341905741,-1.239456748279149,-2.5487782801786176,-0.24965882048753618,-2.007664746270888
0.23836898273478513,0.09994360511999453,0.3399801708793476,-0.37318000741915963,0.6314649931811336
0.9751976297824295,-0.3083744193954837,-0.6003741480730501,-0.13584666392114775,-0.5993272805694341
0.501094169939845,0.4901136678945709,0.7095046460462164,0.20987329708547045,0.06005595360941285
0.1895816165987434,0.8660941471857784,1.0285759904179241,0.8034028396377253,0.5846809923642402
1.0010460925671412,0.06377080803266011,-0.5093150595590863,0.10088487441125915,0.1177907658777852
-2.703232292999237,-2.4555496710582676,-2.973812186448523,-0.3585130947752347,-2.9187452501037114
0.6778753195309076,0.706853644979791,0.10836359096683601,0.28264069451404594,0.16923604721089047
-0.6540756831274238,0.10316077071180285,0.9583763396550037,0.7232612764644205,0.3247134639020596
-1.830632896856457,-1.6886186256352402,-2.8399245576782666,-0.5566610230364606,-2.3876405791809225
0.5112025995249807,0.06283691498703642,-0.04206686459670504,-0.18999479413316436,-0.26670245897657346
1.3736585451629577,0.11446526492232456,-0.48800463492155943,-0.5564841524753921,0.08415218545847836
-0.13744851462769184,-0.05823974704810029,0.272365007558757,-0.3544669862931821,0.631907359906288
0.9528745472029384,1.7833376578342228,1.9411463666321656,1.6989538023520379,1.4991787566814991
1.6122782579886454,1.4285018373732543,1.403002173075179,-0.3691052202300058,1.1993699420938293
1.3149144535840473,1.0407920732753813,1.76087141496139,-0.44814433697411993,1.3092261534449368
1.639964529371393,1.473012778880607,1.7852736896632597,0.7368173108121601,0.8970297224244288
0.7421274910718922,0.5881559908832128,1.0157738566214358,0.3259519484009198,0.48547525618568393
0.0754336389015928,-0.34616027500879065,-1.0041878919210276,-0.690414938949261,-0.8046604388685148
-1.6019658118971685,-0.8699326916788822,-1.886809396371163,0.4349456278140439,-1.5354987076192557
-0.24606248812994846,-0.08396922894808159,-0.036438297513617726,0.6513929618002411,0.04147948403406349
-0.8432465953161914,-0.6657906502861245,-0.9902565936401881,-0.05653538058098573,-1.0420974612554872
2.1709427174978138,1.249071160359126,1.8747461959033176,0.8284076135323142,2.1538048791734785
-0.1758858124323366,0.5110453160215103,0.5653093076282825,-0.2439500969159888,0.5405493291459229
0.12320480678448571,0.4309152180941435,0.6401434652537502,0.5175676308172984,0.9277560327763489
0.5514853760404677,0.16472788214872314,-0.7763560593862785,0.3061781639722736,-1.58560801954891
0.043602446372453724,0.5357943839389315,1.7760154244952715,0.7097924062131239,-0.36278624376342683
1.695051040430753,1.107255413151999,1.2301613047631794,-0.1541890216672367,1.2490391882059015
-0.622649361734452,-0.88912123564308,-0.6483933005681766,-0.42723677688738976,-1.2959367973721037
0.1946074552372427,-0.22416559455034935,-0.7706537155921951,-0.07656157536896291,-0.7998141953895037
-0.7424705856980482,-1.4795107451024843,-1.5906069527925764,-0.3381204340618871,-1.5825947780256215
-1.3200225112207058,-0.8202468187674619,-1.7660030406358014,0.32682785698607497,-0.7957024353644527
-0.6117690909052854,-1.4049877118934035,-1.4147445513162815,-0.26158369655538394,-1.0732718197128504
-0.03703679704841202,-0.6438513532716109,-0.9862060745574327,-0.8397255315926158,-0.804655953702353
-0.42930222451725997,-1.3812357841530747,-1.639968638622349,-0.843322328297976,-1.0574761974432774
-0.692420979873856,-0.5969716302945314,-0.2975815382753791,-0.4476760241187457,-0.08357459102832182
-1.4063174636718339,-1.2002142010734032,-2.1797812280202518,-0.29143631934992187,-2.1906416017124433
-0.08310557262869477,-0.22983256469613783,-0.6864941160030436,0.2867583477527731,-0.0821067392754593
-1.5047203740310022,-1.72506514656009,-1.7956836072200484,-0.41199184728647015,-2.1709903104421806
0.7600559636896026,0.021927894233362055,1.2852463578080826,0.6780652093784602,1.3183453157940555
0.08243975293450329,0.2981367341208897,0.27491468014817855,0.2448383842932579,-0.5263616849347948
-1.4575514994649306,-1.4413171654261883,-1.3748989277570665,-0.25626951383397184,-1.1354371062233624
-0.30920907704986345,-0.08918810087181839,-0.1712086029612701,0.13464603569074537,-0.05759292177867838
-0.7521564055905832,-1.044349467534578,-0.08787200418771368,-0.6100899016228873,0.7591426771883889
0.31917451041918043,0.34587097972088554,-0.6332878245140907,0.05938778564399215,-1.3524459887835714
1.3404504460231446,1.7239993754765475,2.1255718773734715,0.9876895506666693,1.6125711017092181
-1.8751724696457446,-1.207055075520204,-2.4237925107614813,0.13823594920983845,-1.7700720463982613
0.11502607914741717,-0.11418604579030645,-1.6409661972703975,-0.45482716358031167,-1.309210949344704
-0.16013279556664034,0.0004932487246513961,0.1790691303402718,-0.28962217630087794,0.2513147429749962
0.6713400764504653,0.4167394738952658,0.5837860463627943,-0.22403316316488403,0.04733959024724527
0.21319662823768915,0.17449739493751543,0.038494711279697696,0.04509523610176837,-0.26076393389398667
-0.7519693317388191,-0.7643809914653074,-0.9809736437822206,0.3183525860341992,-0.2603557752923703
-0.31905393566661816,-0.33741075147599026,1.4540867586715662,-0.6128560147464588,1.2829234859274457
-0.796025856803489,-0.5307740089057035,-0.7918338935057048,-0.10145938898775039,-0.5249706560828977
1.0760071385985983,0.36412636108790336,0.7430262500555289,-0.22539110876373528,0.6111294606617366
0.02131164867194222,-0.4908900945574354,-0.9786870052372509,-1.08776119757795,-1.4723610623384085
1.9011906857530074,0.8266812716868005,1.1691570710485224,-0.705357765882306,1.5191465769811687
-0.060660813814620775,-0.8486642033035516,-1.1613372489976326,-0.8356899512996503,-0.7935873318316213
-0.7084067669104628,-1.17536675963861,-1.6567512012041699,-0.7869414978319949,-0.3382576624001583
-1.5137143926128271,-1.131240260688197,-0.2661491935056415,0.04174483183333469,-0.7473249639803499
-1.803139676255945,-1.8889054987506981,-1.5603756205902344,-0.48488785479823504,-0.9930515979309709
-1.5841359430054898,-1.0105015222888438,-1.1305538383070741,-0.13739753513986028,-1.6732704374948675
0.2671266510114834,0.23105819518546766,-1.1052573273438189,0.19936246174513966,-0.9160583107728982
0.5087250232299338,-0.5772720881350797,-0.9093320397136374,0.030776913748977286,-0.3301455412106914
-1.5811907020321334,-0.937464769514862,0.4968588152252158,0.7900726190523643,-0.5888946243455493
0.8950383140761154,1.1214299740567473,1.2073189688842718,-0.43162688402326926,0.9841208348750407
-0.4830610516834395,-0.8833801787641783,-0.398125671284819,-0.14600672575914914,-0.6399179711776473
0.14679301198554937,0.3275301810359353,1.258201658414683,0.08466530470684464,0.7814028434256539
1.6122206282554243,0.86152738389974,1.165211210193273,-0.1409790082517517,1.2412964153036228
0.8968393158655319,0.7663066410665932,0.41447499015902045,-0.07131822260317022,0.9333703443544161
-0.2685306479058323,-0.8470737218021487,-2.477675865232311,-0.411650829353707,-2.2965476363236577
-0.8911922254152874,-1.6095070065995185,-1.5209104827540494,-0.6204958334832116,-1.2660762206986345
-2.151815401329305,-1.9128609158699283,-2.784286700738043,-0.4946756433838665,-2.4487036541346145
-0.7191533192424201,-0.6371871285313542,-0.6589342831050097,-0.4450013494808102,-0.5921391016163017
-0.21113023882769438,-0.36774403786945753,-1.1911850491969673,-0.33133398014256676,-1.6167378631333236
-0.9871795271511837,-1.3817589008322266,-1.8172532052807933,-0.3799377612242605,-1.0813055838912675
-0.13125696709230472,-0.30495510473941234,-0.34571469274666283,0.09175844690226939,-0.16354553939257857
0.07685188295876821,0.19612888265738157,0.3965108078154366,0.44020386731684163,0.5543004720351817
-0.22485598180807856,-0.20233130050773135,-0.9116908730207262,-0.22687992867813772,-1.2237766002314445
-0.6500025808234597,-0.42875154935916115,0.20364471002581797,0.13841303278141182,-0.046329959971384116
0.16865467196672768,-0.20013386265373437,-0.5982975060236639,0.16057999694034153,-0.6265348542766868
0.44194064956940904,0.9394114770136072,0.12261209614438151,0.9028556671824718,-0.6567114601944825
-1.090399077442846,-1.4604059302316672,-1.817901168256079,-0.5006177540933527,-2.4801282140293104
1.41093237974627,1.3725260523403753,1.6676564482243263,0.16692935678928272,1.20051683808261
-0.09858813228426173,0.5120750406525714,0.7108437086861416,0.4841962881334877,0.9010197210387225
0.018849622944847662,0.2555337447303258,1.1239199358874383,-0.2904341793201581,0.684959247333724
0.7082144232565574,0.4653094250728309,0.41650200804588144,-0.10583441849150037,-0.13455079155406346
0.23321613126350177,-0.07757561832068804,-0.16486251660608847,0.12692356093301957,-0.5557190915643146
0.9531366339132451,1.2805531326537243,0.8747531304446131,0.6765977276784648,0.5596066058274956
0.2871241652018242,-0.48178813046937713,-0.08581365483051434,-0.5889208156750317,-0.2541617707575148
-0.6124373746404379,-0.9750120299021722,-1.0594289974357445,-0.2892024531764349,0.12927462841110826
0.36150352520610163,0.0904239374190206,-0.14350791147367298,-0.44731514252601146,0.3981531939173535
-1.1437262073206618,-0.29615408710053037,-1.4981897205999144,0.6459521019799697,-0.835983692399059
0.10855970577652314,0.27673158264166653,1.1987252162030522,0.10830368050631577,1.6631428767194376
-0.0332299906444608,-0.5106068717706913,-1.349336224798464,-0.4511903955957087,-1.7138130369856424
-0.2081168572725397,-0.3216473385104836,-0.7407436118344037,-0.2657842427584233,-1.277851558144583
-0.12853751143893075,-0.4099915811992918,-0.27698319079354816,-0.24788289787998213,-0.8027200174812217
-1.881849045497639,-1.8603737325148788,-2.950383236187866,-0.5404881479843792,-1.9880918459001609
-0.5487249077409615,0.05046485308562032,-0.8355480432491417,0.5729450654314403,-1.025589133365473
0.09284490114111471,-0.6115956437188609,-2.008283322083032,-0.6326528203802322,-2.4331330809943723
0.15985639199740037,0.932275541465107,1.5513288215015097,1.2098503214378273,1.1806978392414522
-1.0276751409259581,-0.4080252676484552,-0.8167420680139392,0.8143040845016127,-0.854370627069859
1.2657078408647005,1.5579971079936095,3.6259585850763294,0.10112665922137448,3.3975693634159776
-0.8661748482145006,-0.9244096345842296,-1.7059046008795995,-0.18611761232999832,-1.409838630435618
0.9694572005267368,0.7005954008818348,0.2878438670008491,-0.25457446818056195,-0.15503080163598987
0.42719436187168486,-0.3748204177650082,-0.7890202834892507,-0.6066304986467927,-0.3672900588834702
-0.6462273098438029,-0.7793130514084439,-0.7892948686070391,0.5785655059939098,-1.0299621486214143
1.7753108926095116,1.667076137909185,1.7183693622198348,0.15626928338535384,1.46839425764533
-1.19363683175648,-0.306877934514486,-0.0008541930158759703,0.5260942765490714,0.34261826153738917
0.9191541736100015,0.18174493048677542,-0.36905911740906217,-0.1158271178609466,-0.6530639076403266
1.0005823180429783,0.6177128859417498,-0.0876995679480489,-0.4681438878555606,-0.36360532294381276
-0.6706202090766449,-0.612145777377577,-1.8135037764985569,-0.4352301293896634,-1.3363193740021355
1.3924653000643288,0.41607763895522054,-0.8348513340160535,-0.8873872513267578,-1.180232788916958
-0.2500465145989528,0.09563740920003794,-0.19607652064498854,-0.16241884981960797,-0.368864880382525
0.28869362927985703,-0.1310402624474189,-0.3378365023728358,-1.3760870420799947,-0.02618176311410597
0.2603218387712207,0.1105622954284646,-0.24618746197575245,0.1650656477317661,0.8054775049398104
-0.1343087414705478,-0.3334216791323771,0.3459374633534446,0.655436731845038,0.6140459693994735
0.8108082731597821,0.2539773656679885,1.0415909645664672,-0.16849168499768832,1.1737517496048264
0.793488720552213,0.631268483701493,0.5566403879750905,-0.5213639654213045,0.7663771410139464
-1.7485319732381808,-1.506630367874556,-2.884309109364645,-0.4374858240530779,-3.132473335461705
1.3043402428781525,0.8575432531631892,0.6890288389627952,-0.23544058223484265,0.6779243244064697
-1.6624919880356743,-1.6942244012687109,-2.39296211787269,-0.7617449977556106,-2.168549150253622
1.0325462043416573,0.9857992988648037,0.7886781812709296,0.5178594623925965,0.8706026333302147
1.1267051368275833,1.728172743708209,1.655175950110904,0.9704723699320881,1.547912381337749
-1.0909664302151982,-0.802829527752595,-1.3554731707379983,-0.4786781718462813,-1.0300760149556423
-0.4108142879545848,0.16940767709189664,-0.028635757028379893,0.6140249357206233,-0.18150577877514276
-1.1057046684859357,-1.5796746973654798,-2.2769342961279095,0.05780511151803813,-2.0199364078292223
-0.21492103028873533,-0.09305610458410353,0.01332617967443106,0.8033445240273192,-0.6019207213215081
-0.30803428418574125,-0.7951115868341263,-0.7379126746580349,0.7435238405433674,-0.8240750461936883
0.7796605322693398,-0.11473403795047876,-0.6840678978500684,-0.8309411524772841,0.07975566602326023
1.3103087461196088,0.6785612931661691,1.5769127474036226,0.9495267027145952,1.5786256424773883
1.3956838107899563,1.7124967158387514,1.466958677902133,0.35922324028863245,1.3098022914203813
-0.5621680265783021,0.025273493072181075,-0.940352176602585,0.06178927628747205,0.10174467918484686
-0.20922187374452778,-0.045875137968422394,0.17341667725692414,0.20332729024550633,-0.5243424796193078
-1.68343819222095,-2.1131008337217256,-3.0261658811146748,-0.8702760211319378,-3.2782770707263174
-0.8058700664961886,-0.7428363788909194,-0.6986287722146705,0.042567224283061256,0.2275898106449329
0.9648516330974576,0.922731310928834,-0.3349235875457175,-0.3645447739934657,-0.27845076076667885
1.6155828235482317,1.3802343736278844,2.491754813243302,0.06287160894002937,2.1212878137740745
-1.234348871879922,-1.9093758892443105,-1.887875022268931,-0.20515579278638452,-2.2986896825898597
-0.5924642591528942,-0.9191303313322513,-2.0032423270965025,-0.3699836189285911,-1.5790699611893464
-0.026405756958926992,-0.05316348764149991,-0.9510624594775713,0.03262675182636666,-0.5837262787660831
0.28016115881960635,0.49227438181428007,1.5940888006356526,0.39461492974711737,0.8874327401546394
-0.8096035199216461,-1.7457467264872901,-2.5373240138835236,-0.34895629685321583,-2.3537294052703857
0.4240610444640897,0.25818684783134255,-0.19068669184196335,-0.6933896136258784,-0.33937593867430005
-0.47383934707091613,-0.3075470927172568,-1.7286877677502777,0.2554463293683522,-1.4278304177658645
-0.014452270878279104,0.41324417755548326,0.2854260897056474,0.1892414040312725,-0.3027416403752392
0.5462842480036996,0.783456190521678,0.803515659724562,0.34193236748806016,1.3491378210086844
0.0064222698109378164,0.2964234752531528,0.7850040283654744,0.6282653656766886,1.164415516327729
-0.4363858905265686,-0.749078965772222,-1.7383418158373516,-0.7838369913420087,-1.7460954136200244
-0.10960980392583083,-1.0416889117023185,-2.162198769387148,-1.0794351128059434,-2.054188248267619
-0.08836295920533539,-0.2672167458949688,-0.05008251420807641,-0.917042226409333,-0.11328533792607678
-0.37001102988212803,0.2048070886985776,0.8498065491745319,0.10870690032455774,0.375671617753827
-0.25879606266710237,0.4896904136285338,-0.3550629143164893,1.0043542586250513,-0.5412713320023582
1.598647170504717,1.6341922875526662,2.609939196843044,0.29637614064512,2.213810093321435
0.5609194479412387,0.6634059697538581,0.8186122685967226,-0.35212550340483306,1.5431852270906146
-0.29548031802916036,-0.046564430230345566,0.5992058871683728,-0.07912643997668053,1.0125944526167538
0.6969544045107356,0.27950415022819824,0.2932727633632679,-0.7479689784918783,0.7312728406952529
-0.33381948975600995,-0.332085738581618,-1.9118696367907118,-0.5156247128215923,-1.5357198666094456
1.1731246375866413,1.773034472982479,2.036460938189351,0.8100893763998999,1.2741513399047988
0.3696421921980939,-0.17556524913746313,0.42540799223780623,-0.7772661010176828,0.362121640725336
-0.10730214400422883,0.7215476801515426,0.3296096047316225,1.003788170189515,0.7818928740651503
0.44771692581027733,0.19715946340219268,0.0038123747381599016,-0.1142949548557382,-0.6257011774193002
-1.5708761520684993,-0.5939848671072603,-0.8184619426592993,0.40388655063697765,-0.41833914495673724
-1.1267674689098053,-1.6048214798766134,-3.6654941037730246,-0.6713404885018841,-2.1376400807643394
-1.1939250063990554,-0.6621879045369198,0.20818305981818208,0.44257010544117314,0.7182730768312298
0.14294309476370676,-0.25403059216284557,-0.8456621185337194,0.06397099321495903,-0.05408133889935385
1.732514999485092,0.6783784036259798,1.1174953438348552,-0.2573708764394916,1.1149151846724499
2.2313001461926323,1.8943071381595789,2.2211478841025696,0.4362805659784482,2.4829990700748077
0.6380511014407572,1.0151767754505903,1.9727835643563245,0.3067623241268643,1.4165786007436743
0.5008444749444569,-0.0217951393411826,0.21747950624742943,-0.04879763224743683,0.5936634617932998
-1.801057734152739,-2.1903541675513916,-2.7693795639742547,-0.7678701603991274,-2.1652475405464475
-0.5426737997340217,-0.480061421954695,-1.112182761857202,-0.0638134466363148,-0.8560088986526504
-0.7877837519082389,-0.6739446659151818,-0.3300231782689348,-0.18772688993302672,0.3609828494172078
-0.620847598251116,-0.22251826482364334,-1.391086700161142,-0.028226401978670712,-1.521370449068722
-0.16814381858478955,0.34028223081441245,0.7958729291428304,0.0466247517737674,0.6227568779917163
-0.4720905776971272,-0.40738005279394884,-1.1482829142856623,0.13795529343635365,-0.9857236021779481
-1.9792998103757877,-0.6556881909034987,-0.03545563191021439,1.05491053668083,-0.5467155542638933
0.7479102561175338,0.7104455771616729,0.9493144181916245,0.5917975646222279,0.967848948272586
-1.0727430257398065,-1.031407673595295,-0.8512149476042887,-0.6882399930249774,-1.6255586593207834
0.23924686411114954,-0.6143861882624944,-0.6880701376201616,-0.03401254327657144,-0.09578585664404082
2.0740826697499735,1.527936375641895,0.7820973936856761,-0.0947492725728318,0.7272063376000915
-0.9193845915864234,-0.9037011459747069,-1.6008788732068513,0.06739469966915357,-1.701237437838048
-2.5302875227463297,-1.5440776200563289,-1.4494595415007652,-0.17819670548514965,-1.7217003934982495
-0.2860042218801108,0.002438434529338368,0.10291961185111244,0.2015009806601944,-0.0246618641435926
1.100959634998571,0.29108314718254835,1.0578937198024612,-0.2212323413127389,1.2962342032084218
1.9583474542205939,1.652805156581994,2.2253309257206957,-0.4160520342707624,2.2766673225174063
-1.2295495944524168,-0.6478740896974069,-1.357470042058484,0.4045698009756994,-1.574492011491866
0.4966992232365217,1.1613750582831337,0.9160115873073801,1.1029869323152588,0.4013905922628249
-0.46531045678005334,0.07150361828298696,0.14755477625352667,0.21284858291546638,0.4612486517879977
-0.10594835430413566,0.2956646437124304,-1.0336288671451468,0.8040066800819743,-1.291439682738147
2.6443433470170348,2.1455176749212095,3.5786863412792425,0.10381330155536615,3.25077259419107
-1.5029703283951532,-1.008220260004398,-0.944816270178743,0.385564794613145,-0.7884573218987302
0.25373966149457344,0.8277441795487381,1.729513773687809,-0.43487689144360997,1.7125934621823973
0.4676931717654332,-0.2922341613274783,-1.2990433580784753,0.529100612913434,-0.7400038071796918
1.0857863249393471,0.6939093963429998,1.579430371824753,0.5410267130676091,0.7900058662086165
0.09798315347089544,-0.3078978516014041,0.969421924694964,-0.3783702745579022,-0.08309993040477626
0.30805053950410216,0.43601699096634383,-0.26930662406677797,-0.6376489867331377,-0.526099602274276
-0.3916485674217908,0.3017922338879611,0.8249917576078133,0.5222901947546639,1.6432567857631248
0.26912694124510733,-0.08318559036445106,-0.09915674162496538,-0.7703636027071722,0.9218459825812204
-0.3431922754974105,-1.4697060041326475,-2.6903075139081234,-0.6792566501211528,-1.5056881947343674
0.6215718898560508,0.2911471393726056,0.6451069503582486,0.057643340298511286,0.48410557144207894
-0.36961033604363397,0.1610485971737961,0.6934202395109643,-0.0790220815573357,-0.26697932543254654
0.37710039390218647,0.570495266596689,0.3239183883147187,0.6591832991123401,-0.8799930013426736
-0.029262813684978354,0.19068287295730538,0.9283693597019,0.4703392990350723,0.5285133429570046
1.1260502507721681,0.7608435496804946,-0.08704578445692501,0.3598946943056875,-0.1773780210859126
-0.05139372358848624,-0.6806303469806821,-1.713610104246605,-0.4472012996246762,-0.891936393293965
-1.7730324682068814,-1.1607788137532715,-1.3109761391506745,-0.49223856228933205,-0.7459757954643842
1.2619215007139917,0.592396295553881,0.7261067214480201,0.1748655654151759,0.7671985887990285
-0.9057323008626189,0.36746252600013296,0.01101093814569648,0.601941358977086,-0.435012541139444
-0.6537663386488198,-0.23775946674179793,0.20044530149297396,-0.39546051467191623,-0.2999890077787686
-0.5956612940434921,-0.7668531865117691,-0.6016872352845533,0.3018491628532381,-0.4144546682203803
1.3744380931708173,0.7938578508423401,1.4675128635712176,0.7082444572052331,1.6692870666339592
-2.135674213978696,-1.755011474489751,-2.1798956305990616,-0.1771701767451589,-1.7659654364163633
3.1377485336599946,2.390447865917121,3.2300855998875497,0.968087701153304,2.389778060095467
1.0560568090660518,1.4032623350178186,1.4165246202033854,0.49078112142398683,1.6002059725790898
0.22323891412915967,0.2717992161753509,1.5584502734623789,-0.07354236740837468,1.6155607296668466
-0.05489400061628639,-0.40973106994729314,-0.9792047460099431,-0.511548130329153,-1.4166174745040379
0.28555407485765694,1.1736636024640168,2.671574780631807,1.3336204474930804,2.0122568174184985
0.5211224283793385,0.44155210846358217,0.5507952984099437,-0.2635322908202705,0.8399637558497326
0.6452155859500572,0.9005923067444944,0.25540423435214754,0.6019145457361124,0.1126100433439873
0.5556044660034485,0.14037031908037917,0.9892919931896157,-0.40320854366914216,1.6849364446888826
0.08958068125524882,0.2532223588764607,0.37940766368872825,-0.05165739444384718,0.5920315353521436
-0.1973384203073261,-0.002315740674263267,0.5078955702190269,0.5091480692695055,0.2137904191024896
-0.1512732836535117,-1.065843272970886,-0.5446983764395071,-0.8224683877686056,-0.4953313389910228
-0.194908280352681,0.8517109309481752,1.2248264496248253,0.5317336400719458,1.134035500981202
1.1337700968670645,1.5523383079549253,1.5074614626582215,0.9728736460048382,0.9925201597715443
0.5935567222808619,0.2762477197516957,0.9169252903035849,0.5355539599744054,0.3689386621844131
-2.9403886346642802,-2.903445777959352,-3.483681629078465,-0.30434180592571286,-2.784618519265869
0.655900776529761,0.6985014281255848,1.2497164049157532,-0.10090729882655086,1.5473814129452257
0.19473619471877485,0.19913780548221818,-1.053272977696215,-0.1622150332408665,-0.6460549451501143
-0.018708756445897416,0.16286746912489677,0.46362999315578723,0.15532771210639143,1.1749260410021094
-0.38851845308888583,-0.21502606437406385,-0.6411827723358947,0.17211300625286124,-0.8479511131081062
1.1241127199860135,1.1524106706417738,2.374878587077247,-0.15051525459967385,2.9745261114050874
0.9475264621228578,1.4816740193941897,2.1518612320064845,0.8526237583464493,1.4862145495287598
-0.7728776678236091,-0.3342505316945643,-0.25718599052389923,0.1866687935814492,-0.7378101731557557
0.4070522871245351,-0.19918591975534244,0.052762892303722025,-1.0292396148462593,-0.8324928380012753
-0.9716567345412859,-0.09604396127680281,-0.7143172652581943,0.04702700139258881,-0.8657831956457833
-1.3796181647889303,-0.2833872500870006,0.6338893142124316,0.28978653787289926,0.3186392143764616
-0.6267172245899651,1.0746545875840703,2.484407756151027,1.0364737480674098,2.4989356206632496
0.8623934723827588,0.12816776128640806,0.3895494198726195,0.41423221491070467,0.472539948695583
0.9531250453760867,0.8839410428760068,2.0149713925953914,0.23746472978101268,1.2169875678262838
0.513085420097293,-0.6305810155166595,-1.0981861378235116,-1.034258176869758,-1.1847306432540692
0.7250957868479971,0.8566512076680024,0.5497133094666145,0.32536027366646836,0.3090109679761103
0.5161782871149584,0.1388424806085804,0.1911658259676502,-0.3017345061130253,-0.7159418801100612
-0.6414815952229522,0.4485376212341148,0.7992097685016769,0.7646204282887732,0.22881542814482453
0.43192254467394064,-0.041769449270138426,-0.28651534787003835,-0.012972812011821155,-0.6432706283900792
0.8004095252276825,-0.20426389880148477,0.07754423565930857,-0.059497232885305285,0.7866023220038509
0.7542913298135745,0.3678011934995998,0.6251951214435681,-0.12939942772507776,0.6584009672778877
1.188913371474643,-0.036613188428854304,-0.6429198912892582,0.03549829340241384,-0.24754352518658262
0.7083038472010638,0.9421928050145061,1.44190717648844,0.6685921049240988,0.54839871026499
0.3514482075415829,-0.751382957094894,-0.3835426030009601,-0.9846679916620924,0.2519188988061318
1.0701502383164274,0.8703489812447214,1.1473003680479001,0.9581114340124769,1.6831213627551567
-0.026521259249060073,-1.0601229173273465,-0.5805586388358004,-0.5980276071965733,-1.5216752585245334
-0.8818746512277181,-0.8656486232504954,-1.7692206239987658,-0.49906651225038184,-1.9449569235568132
-0.16306696394376388,0.6912355067472559,1.110252861375818,1.2265635571871298,1.2471103617459913
-0.7449026448064491,-0.41559817012726186,-1.200886227990779,0.9126436373935192,-0.75860337842261
